Build started at 12:15 PM...
1>------ Build started: Project: jpeg, Configuration: Debug Win32 ------
2>------ Build started: Project: CxImage, Configuration: Debug Win32 ------
3>------ Build started: Project: HGserver, Configuration: Debug Win32 ------
1>cl : command line  error D8016: '/ZI' and '/Gy-' command-line options are incompatible
2>cl : command line  warning D9035: option 'Gm' has been deprecated and will be removed in a future release
2>cl : command line  error D8016: '/ZI' and '/Gy-' command-line options are incompatible
4>------ Build started: Project: Client, Configuration: Debug Win32 ------
3>  BuildItem.cpp
3>  Client.cpp
3>  DebugDialog.cpp
3>  DelayEvent.cpp
3>  DynamicObject.cpp
3>  Enchanting.cpp
3>  Fish.cpp
3>  Game.cpp
3>  GuildsMan.cpp
3>  Item.cpp
3>  LoginServer.cpp
3>  Magic.cpp
3>  Map.cpp
3>  Mineral.cpp
3>  Misc.cpp
3>  MobCounter.cpp
3>  Msg.cpp
3>  Npc.cpp
3>  OccupyFlag.cpp
3>  PartyManager.cpp
4>  BuildItem.cpp
4>  CharInfo.cpp
4>  Curse.cpp
4>  DXC_ddraw.cpp
4>  DXC_dinput.cpp
4>  DXC_dsound.cpp
4>  Effect.cpp
4>  Game.cpp
4>  GameMonitor.cpp
4>  Item.cpp
4>  ItemName.cpp
4>  Magic.cpp
4>  MapData.cpp
4>  Misc.cpp
4>  MobCounter.cpp
4>  MouseInterface.cpp
4>  Msg.cpp
4>  Mydib.cpp
4>  Skill.cpp
4>  SoundBuffer.cpp
4>  Sprite.cpp
3>  Portion.cpp
4>  StrTok.cpp
3>  Quest.cpp
3>  Skill.cpp
4>  Tile.cpp
3>  StrategicPoint.cpp
3>  StrTok.cpp
3>  TeleportLoc.cpp
3>C:\Users\ShadowEvil\source\repos2\New folder\HelbreathServer\Sources\Server\DebugDialog.cpp(39,13): error C2664: 'HANDLE CreateFileW(LPCWSTR,DWORD,DWORD,LPSECURITY_ATTRIBUTES,DWORD,DWORD,HANDLE)': cannot convert argument 1 from 'const char [15]' to 'LPCWSTR'
3>  Tile.cpp
3>      C:\Users\ShadowEvil\source\repos2\New folder\HelbreathServer\Sources\Server\DebugDialog.cpp(39,24):
3>      Types pointed to are unrelated; conversion requires reinterpret_cast, C-style cast or parenthesized function-style cast
3>      C:\Program Files (x86)\Windows Kits\10\Include\10.0.26100.0\um\fileapi.h(93,1):
3>      see declaration of 'CreateFileW'
3>      C:\Users\ShadowEvil\source\repos2\New folder\HelbreathServer\Sources\Server\DebugDialog.cpp(39,13):
3>      while trying to match the argument list '(const char [15], unsigned long, int, int, int, int, int)'
3>C:\Users\ShadowEvil\source\repos2\New folder\HelbreathServer\Sources\Server\DebugDialog.cpp(78,3): error C2664: 'int wsprintfW(LPWSTR,LPCWSTR,...)': cannot convert argument 1 from 'char *' to 'LPWSTR'
3>      C:\Users\ShadowEvil\source\repos2\New folder\HelbreathServer\Sources\Server\DebugDialog.cpp(78,12):
3>      Types pointed to are unrelated; conversion requires reinterpret_cast, C-style cast or parenthesized function-style cast
3>      C:\Program Files (x86)\Windows Kits\10\Include\10.0.26100.0\um\winuser.h(333,1):
3>      see declaration of 'wsprintfW'
3>      C:\Users\ShadowEvil\source\repos2\New folder\HelbreathServer\Sources\Server\DebugDialog.cpp(78,3):
3>      while trying to match the argument list '(char *, const char [23], DWORD, char)'
3>C:\Users\ShadowEvil\source\repos2\New folder\HelbreathServer\Sources\Server\DebugDialog.cpp(85,10): warning C4018: '<': signed/unsigned mismatch
3>C:\Users\ShadowEvil\source\repos2\New folder\HelbreathServer\Sources\Server\DebugDialog.cpp(88,26): warning C4018: '<': signed/unsigned mismatch
3>C:\Users\ShadowEvil\source\repos2\New folder\HelbreathServer\Sources\Server\DebugDialog.cpp(89,5): error C2664: 'int wsprintfW(LPWSTR,LPCWSTR,...)': cannot convert argument 1 from 'char *' to 'LPWSTR'
3>      C:\Users\ShadowEvil\source\repos2\New folder\HelbreathServer\Sources\Server\DebugDialog.cpp(89,14):
3>      Types pointed to are unrelated; conversion requires reinterpret_cast, C-style cast or parenthesized function-style cast
3>      C:\Program Files (x86)\Windows Kits\10\Include\10.0.26100.0\um\winuser.h(333,1):
3>      see declaration of 'wsprintfW'
3>      C:\Users\ShadowEvil\source\repos2\New folder\HelbreathServer\Sources\Server\DebugDialog.cpp(89,5):
3>      while trying to match the argument list '(char *, const char [6], unsigned char)'
3>C:\Users\ShadowEvil\source\repos2\New folder\HelbreathServer\Sources\Server\DebugDialog.cpp(97,26): warning C4018: '<': signed/unsigned mismatch
3>  wmain.cpp
3>  XSocket.cpp
4>  TileSpr.cpp
4>  Wmain.cpp
4>  XSocket.cpp
4>  YWSound.cpp
4>C:\Users\ShadowEvil\source\repos2\New folder\HelbreathServer\Sources\Client\Mydib.cpp(15,2): error C2664: 'int wsprintfW(LPWSTR,LPCWSTR,...)': cannot convert argument 1 from 'char [28]' to 'LPWSTR'
4>      C:\Users\ShadowEvil\source\repos2\New folder\HelbreathServer\Sources\Client\Mydib.cpp(15,12):
4>      Types pointed to are unrelated; conversion requires reinterpret_cast, C-style cast or parenthesized function-style cast
4>      C:\Program Files (x86)\Windows Kits\10\Include\10.0.26100.0\um\winuser.h(333,1):
4>      see declaration of 'wsprintfW'
4>      C:\Users\ShadowEvil\source\repos2\New folder\HelbreathServer\Sources\Client\Mydib.cpp(15,2):
4>      while trying to match the argument list '(char [28], const char [15], char *)'
4>C:\Users\ShadowEvil\source\repos2\New folder\HelbreathServer\Sources\Client\Mydib.cpp(16,14): error C2664: 'HANDLE CreateFileW(LPCWSTR,DWORD,DWORD,LPSECURITY_ATTRIBUTES,DWORD,DWORD,HANDLE)': cannot convert argument 1 from 'char [28]' to 'LPCWSTR'
4>      C:\Users\ShadowEvil\source\repos2\New folder\HelbreathServer\Sources\Client\Mydib.cpp(16,25):
4>      Types pointed to are unrelated; conversion requires reinterpret_cast, C-style cast or parenthesized function-style cast
4>      C:\Program Files (x86)\Windows Kits\10\Include\10.0.26100.0\um\fileapi.h(93,1):
4>      see declaration of 'CreateFileW'
4>      C:\Users\ShadowEvil\source\repos2\New folder\HelbreathServer\Sources\Client\Mydib.cpp(16,14):
4>      while trying to match the argument list '(char [28], unsigned long, int, int, int, int, int)'
4>C:\Users\ShadowEvil\source\repos2\New folder\HelbreathServer\Sources\Client\Misc.cpp(267,10): error C2664: 'HANDLE CreateFileW(LPCWSTR,DWORD,DWORD,LPSECURITY_ATTRIBUTES,DWORD,DWORD,HANDLE)': cannot convert argument 1 from 'char [512]' to 'LPCWSTR'
4>      C:\Users\ShadowEvil\source\repos2\New folder\HelbreathServer\Sources\Client\Misc.cpp(267,21):
4>      Types pointed to are unrelated; conversion requires reinterpret_cast, C-style cast or parenthesized function-style cast
4>      C:\Program Files (x86)\Windows Kits\10\Include\10.0.26100.0\um\fileapi.h(93,1):
4>      see declaration of 'CreateFileW'
4>      C:\Users\ShadowEvil\source\repos2\New folder\HelbreathServer\Sources\Client\Misc.cpp(267,10):
4>      while trying to match the argument list '(char [512], unsigned long, int, int, int, int, int)'
4>C:\Users\ShadowEvil\source\repos2\New folder\HelbreathServer\Sources\Client\Misc.cpp(305,10): error C2664: 'HANDLE CreateFileW(LPCWSTR,DWORD,DWORD,LPSECURITY_ATTRIBUTES,DWORD,DWORD,HANDLE)': cannot convert argument 1 from 'char *' to 'LPCWSTR'
4>      C:\Users\ShadowEvil\source\repos2\New folder\HelbreathServer\Sources\Client\Misc.cpp(305,21):
4>      Types pointed to are unrelated; conversion requires reinterpret_cast, C-style cast or parenthesized function-style cast
4>      C:\Program Files (x86)\Windows Kits\10\Include\10.0.26100.0\um\fileapi.h(93,1):
4>      see declaration of 'CreateFileW'
4>      C:\Users\ShadowEvil\source\repos2\New folder\HelbreathServer\Sources\Client\Misc.cpp(305,10):
4>      while trying to match the argument list '(char *, unsigned long, int, int, int, int, int)'
4>C:\Users\ShadowEvil\source\repos2\New folder\HelbreathServer\Sources\Client\Misc.cpp(353,3): error C2664: 'BOOL GetTextExtentPoint32W(HDC,LPCWSTR,int,LPSIZE)': cannot convert argument 2 from 'char *' to 'LPCWSTR'
4>      C:\Users\ShadowEvil\source\repos2\New folder\HelbreathServer\Sources\Client\Misc.cpp(353,29):
4>      Types pointed to are unrelated; conversion requires reinterpret_cast, C-style cast or parenthesized function-style cast
4>      C:\Program Files (x86)\Windows Kits\10\Include\10.0.26100.0\um\wingdi.h(4343,1):
4>      see declaration of 'GetTextExtentPoint32W'
4>      C:\Users\ShadowEvil\source\repos2\New folder\HelbreathServer\Sources\Client\Misc.cpp(353,3):
4>      while trying to match the argument list '(HDC, char *, int, SIZE *)'
4>C:\Users\ShadowEvil\source\repos2\New folder\HelbreathServer\Sources\Client\GameMonitor.cpp(37,10): error C2664: 'HANDLE CreateFileW(LPCWSTR,DWORD,DWORD,LPSECURITY_ATTRIBUTES,DWORD,DWORD,HANDLE)': cannot convert argument 1 from 'char *' to 'LPCWSTR'
4>      C:\Users\ShadowEvil\source\repos2\New folder\HelbreathServer\Sources\Client\GameMonitor.cpp(37,21):
4>      Types pointed to are unrelated; conversion requires reinterpret_cast, C-style cast or parenthesized function-style cast
4>      C:\Program Files (x86)\Windows Kits\10\Include\10.0.26100.0\um\fileapi.h(93,1):
4>      see declaration of 'CreateFileW'
4>      C:\Users\ShadowEvil\source\repos2\New folder\HelbreathServer\Sources\Client\GameMonitor.cpp(37,10):
4>      while trying to match the argument list '(char *, unsigned long, int, int, int, int, int)'
3>  CrusadeCore.cpp
4>C:\Users\ShadowEvil\source\repos2\New folder\HelbreathServer\Sources\Client\DXC_ddraw.cpp(172,17): error C2664: 'HFONT CreateFontW(int,int,int,int,int,DWORD,DWORD,DWORD,DWORD,DWORD,DWORD,DWORD,DWORD,LPCWSTR)': cannot convert argument 14 from 'const char [7]' to 'LPCWSTR'
4>      C:\Users\ShadowEvil\source\repos2\New folder\HelbreathServer\Sources\Client\DXC_ddraw.cpp(172,167):
4>      Types pointed to are unrelated; conversion requires reinterpret_cast, C-style cast or parenthesized function-style cast
4>      C:\Program Files (x86)\Windows Kits\10\Include\10.0.26100.0\um\wingdi.h(3905,26):
4>      see declaration of 'CreateFontW'
4>      C:\Users\ShadowEvil\source\repos2\New folder\HelbreathServer\Sources\Client\DXC_ddraw.cpp(172,17):
4>      while trying to match the argument list '(int, int, int, int, int, bool, bool, bool, int, int, int, int, int, const char [7])'
4>C:\Users\ShadowEvil\source\repos2\New folder\HelbreathServer\Sources\Client\DXC_ddraw.cpp(402,4): error C2664: 'BOOL TextOutW(HDC,int,int,LPCWSTR,int)': cannot convert argument 4 from 'char *' to 'LPCWSTR'
4>      C:\Users\ShadowEvil\source\repos2\New folder\HelbreathServer\Sources\Client\DXC_ddraw.cpp(402,25):
4>      Types pointed to are unrelated; conversion requires reinterpret_cast, C-style cast or parenthesized function-style cast
4>      C:\Program Files (x86)\Windows Kits\10\Include\10.0.26100.0\um\wingdi.h(5225,25):
4>      see declaration of 'TextOutW'
4>      C:\Users\ShadowEvil\source\repos2\New folder\HelbreathServer\Sources\Client\DXC_ddraw.cpp(402,4):
4>      while trying to match the argument list '(HDC, int, int, char *, size_t)'
4>C:\Users\ShadowEvil\source\repos2\New folder\HelbreathServer\Sources\Client\DXC_ddraw.cpp(597,4): error C2664: 'int DrawTextW(HDC,LPCWSTR,int,LPRECT,UINT)': cannot convert argument 2 from 'const char *' to 'LPCWSTR'
4>      C:\Users\ShadowEvil\source\repos2\New folder\HelbreathServer\Sources\Client\DXC_ddraw.cpp(597,20):
4>      Types pointed to are unrelated; conversion requires reinterpret_cast, C-style cast or parenthesized function-style cast
4>      C:\Program Files (x86)\Windows Kits\10\Include\10.0.26100.0\um\winuser.h(8260,1):
4>      see declaration of 'DrawTextW'
4>      C:\Users\ShadowEvil\source\repos2\New folder\HelbreathServer\Sources\Client\DXC_ddraw.cpp(597,4):
4>      while trying to match the argument list '(HDC, const char *, size_t, LPRECT, int)'
4>C:\Users\ShadowEvil\source\repos2\New folder\HelbreathServer\Sources\Client\DXC_ddraw.cpp(795,2): error C2664: 'void OutputDebugStringW(LPCWSTR)': cannot convert argument 1 from 'const char [21]' to 'LPCWSTR'
4>      C:\Users\ShadowEvil\source\repos2\New folder\HelbreathServer\Sources\Client\DXC_ddraw.cpp(795,20):
4>      Types pointed to are unrelated; conversion requires reinterpret_cast, C-style cast or parenthesized function-style cast
4>      C:\Program Files (x86)\Windows Kits\10\Include\10.0.26100.0\um\debugapi.h(61,1):
4>      see declaration of 'OutputDebugStringW'
4>      C:\Users\ShadowEvil\source\repos2\New folder\HelbreathServer\Sources\Client\DXC_ddraw.cpp(795,2):
4>      while trying to match the argument list '(const char [21])'
4>C:\Users\ShadowEvil\source\repos2\New folder\HelbreathServer\Sources\Client\DXC_ddraw.cpp(801,5): error C2664: 'int wsprintfW(LPWSTR,LPCWSTR,...)': cannot convert argument 1 from 'char [100]' to 'LPWSTR'
4>      C:\Users\ShadowEvil\source\repos2\New folder\HelbreathServer\Sources\Client\DXC_ddraw.cpp(801,14):
4>      Types pointed to are unrelated; conversion requires reinterpret_cast, C-style cast or parenthesized function-style cast
4>      C:\Program Files (x86)\Windows Kits\10\Include\10.0.26100.0\um\winuser.h(333,1):
4>      see declaration of 'wsprintfW'
4>      C:\Users\ShadowEvil\source\repos2\New folder\HelbreathServer\Sources\Client\DXC_ddraw.cpp(801,5):
4>      while trying to match the argument list '(char [100], const char [23], int)'
4>C:\Users\ShadowEvil\source\repos2\New folder\HelbreathServer\Sources\Client\DXC_ddraw.cpp(802,5): error C2664: 'void OutputDebugStringW(LPCWSTR)': cannot convert argument 1 from 'char [100]' to 'LPCWSTR'
4>      C:\Users\ShadowEvil\source\repos2\New folder\HelbreathServer\Sources\Client\DXC_ddraw.cpp(802,23):
4>      Types pointed to are unrelated; conversion requires reinterpret_cast, C-style cast or parenthesized function-style cast
4>      C:\Program Files (x86)\Windows Kits\10\Include\10.0.26100.0\um\debugapi.h(61,1):
4>      see declaration of 'OutputDebugStringW'
4>      C:\Users\ShadowEvil\source\repos2\New folder\HelbreathServer\Sources\Client\DXC_ddraw.cpp(802,5):
4>      while trying to match the argument list '(char [100])'
4>C:\Users\ShadowEvil\source\repos2\New folder\HelbreathServer\Sources\Client\DXC_ddraw.cpp(806,5): error C2664: 'void OutputDebugStringW(LPCWSTR)': cannot convert argument 1 from 'const char [19]' to 'LPCWSTR'
4>      C:\Users\ShadowEvil\source\repos2\New folder\HelbreathServer\Sources\Client\DXC_ddraw.cpp(806,23):
4>      Types pointed to are unrelated; conversion requires reinterpret_cast, C-style cast or parenthesized function-style cast
4>      C:\Program Files (x86)\Windows Kits\10\Include\10.0.26100.0\um\debugapi.h(61,1):
4>      see declaration of 'OutputDebugStringW'
4>      C:\Users\ShadowEvil\source\repos2\New folder\HelbreathServer\Sources\Client\DXC_ddraw.cpp(806,5):
4>      while trying to match the argument list '(const char [19])'
4>C:\Users\ShadowEvil\source\repos2\New folder\HelbreathServer\Sources\Client\StrTok.cpp(27,2): warning C5033: 'register' is no longer a supported storage class
4>C:\Users\ShadowEvil\source\repos2\New folder\HelbreathServer\Sources\Client\Sprite.cpp(110,11): warning C4244: '=': conversion from 'LONG' to 'short', possible loss of data
4>C:\Users\ShadowEvil\source\repos2\New folder\HelbreathServer\Sources\Client\Sprite.cpp(111,13): warning C4244: '=': conversion from 'LONG' to 'short', possible loss of data
4>C:\Users\ShadowEvil\source\repos2\New folder\HelbreathServer\Sources\Client\Sprite.cpp(129,11): warning C4244: '=': conversion from 'LONG' to 'short', possible loss of data
4>C:\Users\ShadowEvil\source\repos2\New folder\HelbreathServer\Sources\Client\Sprite.cpp(130,13): warning C4244: '=': conversion from 'LONG' to 'short', possible loss of data
4>C:\Users\ShadowEvil\source\repos2\New folder\HelbreathServer\Sources\Client\Sprite.cpp(201,11): warning C4244: '=': conversion from 'LONG' to 'short', possible loss of data
4>C:\Users\ShadowEvil\source\repos2\New folder\HelbreathServer\Sources\Client\Sprite.cpp(202,13): warning C4244: '=': conversion from 'LONG' to 'short', possible loss of data
4>C:\Users\ShadowEvil\source\repos2\New folder\HelbreathServer\Sources\Client\Sprite.cpp(220,11): warning C4244: '=': conversion from 'LONG' to 'short', possible loss of data
4>C:\Users\ShadowEvil\source\repos2\New folder\HelbreathServer\Sources\Client\Sprite.cpp(221,13): warning C4244: '=': conversion from 'LONG' to 'short', possible loss of data
4>C:\Users\ShadowEvil\source\repos2\New folder\HelbreathServer\Sources\Client\Sprite.cpp(282,12): warning C4244: '=': conversion from 'LONG' to 'short', possible loss of data
4>C:\Users\ShadowEvil\source\repos2\New folder\HelbreathServer\Sources\Client\Sprite.cpp(283,13): warning C4244: '=': conversion from 'LONG' to 'short', possible loss of data
4>C:\Users\ShadowEvil\source\repos2\New folder\HelbreathServer\Sources\Client\Sprite.cpp(297,12): warning C4244: '=': conversion from 'LONG' to 'short', possible loss of data
4>C:\Users\ShadowEvil\source\repos2\New folder\HelbreathServer\Sources\Client\Sprite.cpp(298,13): warning C4244: '=': conversion from 'LONG' to 'short', possible loss of data
4>C:\Users\ShadowEvil\source\repos2\New folder\HelbreathServer\Sources\Client\Sprite.cpp(363,11): warning C4244: '=': conversion from 'LONG' to 'short', possible loss of data
4>C:\Users\ShadowEvil\source\repos2\New folder\HelbreathServer\Sources\Client\Sprite.cpp(364,13): warning C4244: '=': conversion from 'LONG' to 'short', possible loss of data
4>C:\Users\ShadowEvil\source\repos2\New folder\HelbreathServer\Sources\Client\Sprite.cpp(382,11): warning C4244: '=': conversion from 'LONG' to 'short', possible loss of data
4>C:\Users\ShadowEvil\source\repos2\New folder\HelbreathServer\Sources\Client\Sprite.cpp(383,13): warning C4244: '=': conversion from 'LONG' to 'short', possible loss of data
4>C:\Users\ShadowEvil\source\repos2\New folder\HelbreathServer\Sources\Client\Sprite.cpp(449,11): warning C4244: '=': conversion from 'LONG' to 'short', possible loss of data
4>C:\Users\ShadowEvil\source\repos2\New folder\HelbreathServer\Sources\Client\Sprite.cpp(450,13): warning C4244: '=': conversion from 'LONG' to 'short', possible loss of data
4>C:\Users\ShadowEvil\source\repos2\New folder\HelbreathServer\Sources\Client\Sprite.cpp(468,11): warning C4244: '=': conversion from 'LONG' to 'short', possible loss of data
4>C:\Users\ShadowEvil\source\repos2\New folder\HelbreathServer\Sources\Client\Sprite.cpp(469,13): warning C4244: '=': conversion from 'LONG' to 'short', possible loss of data
4>C:\Users\ShadowEvil\source\repos2\New folder\HelbreathServer\Sources\Client\Sprite.cpp(552,11): warning C4244: '=': conversion from 'LONG' to 'short', possible loss of data
4>C:\Users\ShadowEvil\source\repos2\New folder\HelbreathServer\Sources\Client\Sprite.cpp(553,13): warning C4244: '=': conversion from 'LONG' to 'short', possible loss of data
4>C:\Users\ShadowEvil\source\repos2\New folder\HelbreathServer\Sources\Client\Sprite.cpp(571,11): warning C4244: '=': conversion from 'LONG' to 'short', possible loss of data
4>C:\Users\ShadowEvil\source\repos2\New folder\HelbreathServer\Sources\Client\Sprite.cpp(572,13): warning C4244: '=': conversion from 'LONG' to 'short', possible loss of data
4>C:\Users\ShadowEvil\source\repos2\New folder\HelbreathServer\Sources\Client\Sprite.cpp(737,11): warning C4244: '=': conversion from 'LONG' to 'short', possible loss of data
4>C:\Users\ShadowEvil\source\repos2\New folder\HelbreathServer\Sources\Client\Sprite.cpp(738,13): warning C4244: '=': conversion from 'LONG' to 'short', possible loss of data
4>C:\Users\ShadowEvil\source\repos2\New folder\HelbreathServer\Sources\Client\Sprite.cpp(756,11): warning C4244: '=': conversion from 'LONG' to 'short', possible loss of data
4>C:\Users\ShadowEvil\source\repos2\New folder\HelbreathServer\Sources\Client\Sprite.cpp(757,13): warning C4244: '=': conversion from 'LONG' to 'short', possible loss of data
4>C:\Users\ShadowEvil\source\repos2\New folder\HelbreathServer\Sources\Client\Sprite.cpp(836,11): warning C4244: '=': conversion from 'LONG' to 'short', possible loss of data
4>C:\Users\ShadowEvil\source\repos2\New folder\HelbreathServer\Sources\Client\Sprite.cpp(837,13): warning C4244: '=': conversion from 'LONG' to 'short', possible loss of data
4>C:\Users\ShadowEvil\source\repos2\New folder\HelbreathServer\Sources\Client\Sprite.cpp(855,11): warning C4244: '=': conversion from 'LONG' to 'short', possible loss of data
4>C:\Users\ShadowEvil\source\repos2\New folder\HelbreathServer\Sources\Client\Sprite.cpp(856,13): warning C4244: '=': conversion from 'LONG' to 'short', possible loss of data
4>C:\Users\ShadowEvil\source\repos2\New folder\HelbreathServer\Sources\Client\Sprite.cpp(962,11): warning C4244: '=': conversion from 'LONG' to 'short', possible loss of data
4>C:\Users\ShadowEvil\source\repos2\New folder\HelbreathServer\Sources\Client\Sprite.cpp(963,13): warning C4244: '=': conversion from 'LONG' to 'short', possible loss of data
4>C:\Users\ShadowEvil\source\repos2\New folder\HelbreathServer\Sources\Client\Sprite.cpp(981,11): warning C4244: '=': conversion from 'LONG' to 'short', possible loss of data
4>C:\Users\ShadowEvil\source\repos2\New folder\HelbreathServer\Sources\Client\Sprite.cpp(982,13): warning C4244: '=': conversion from 'LONG' to 'short', possible loss of data
4>C:\Users\ShadowEvil\source\repos2\New folder\HelbreathServer\Sources\Client\Sprite.cpp(1083,11): warning C4244: '=': conversion from 'LONG' to 'short', possible loss of data
4>C:\Users\ShadowEvil\source\repos2\New folder\HelbreathServer\Sources\Client\Sprite.cpp(1084,13): warning C4244: '=': conversion from 'LONG' to 'short', possible loss of data
4>C:\Users\ShadowEvil\source\repos2\New folder\HelbreathServer\Sources\Client\Sprite.cpp(1102,11): warning C4244: '=': conversion from 'LONG' to 'short', possible loss of data
4>C:\Users\ShadowEvil\source\repos2\New folder\HelbreathServer\Sources\Client\Sprite.cpp(1103,13): warning C4244: '=': conversion from 'LONG' to 'short', possible loss of data
4>C:\Users\ShadowEvil\source\repos2\New folder\HelbreathServer\Sources\Client\Sprite.cpp(1211,11): warning C4244: '=': conversion from 'LONG' to 'short', possible loss of data
4>C:\Users\ShadowEvil\source\repos2\New folder\HelbreathServer\Sources\Client\Sprite.cpp(1212,13): warning C4244: '=': conversion from 'LONG' to 'short', possible loss of data
4>C:\Users\ShadowEvil\source\repos2\New folder\HelbreathServer\Sources\Client\Sprite.cpp(1230,11): warning C4244: '=': conversion from 'LONG' to 'short', possible loss of data
4>C:\Users\ShadowEvil\source\repos2\New folder\HelbreathServer\Sources\Client\Sprite.cpp(1231,13): warning C4244: '=': conversion from 'LONG' to 'short', possible loss of data
4>C:\Users\ShadowEvil\source\repos2\New folder\HelbreathServer\Sources\Client\Sprite.cpp(1332,11): warning C4244: '=': conversion from 'LONG' to 'short', possible loss of data
4>C:\Users\ShadowEvil\source\repos2\New folder\HelbreathServer\Sources\Client\Sprite.cpp(1333,13): warning C4244: '=': conversion from 'LONG' to 'short', possible loss of data
4>C:\Users\ShadowEvil\source\repos2\New folder\HelbreathServer\Sources\Client\Sprite.cpp(1351,11): warning C4244: '=': conversion from 'LONG' to 'short', possible loss of data
4>C:\Users\ShadowEvil\source\repos2\New folder\HelbreathServer\Sources\Client\Sprite.cpp(1352,13): warning C4244: '=': conversion from 'LONG' to 'short', possible loss of data
4>C:\Users\ShadowEvil\source\repos2\New folder\HelbreathServer\Sources\Client\Sprite.cpp(1460,11): warning C4244: '=': conversion from 'LONG' to 'short', possible loss of data
4>C:\Users\ShadowEvil\source\repos2\New folder\HelbreathServer\Sources\Client\Sprite.cpp(1461,13): warning C4244: '=': conversion from 'LONG' to 'short', possible loss of data
4>C:\Users\ShadowEvil\source\repos2\New folder\HelbreathServer\Sources\Client\Sprite.cpp(1479,11): warning C4244: '=': conversion from 'LONG' to 'short', possible loss of data
4>C:\Users\ShadowEvil\source\repos2\New folder\HelbreathServer\Sources\Client\Sprite.cpp(1480,13): warning C4244: '=': conversion from 'LONG' to 'short', possible loss of data
4>C:\Users\ShadowEvil\source\repos2\New folder\HelbreathServer\Sources\Client\Sprite.cpp(1580,11): warning C4244: '=': conversion from 'LONG' to 'short', possible loss of data
4>C:\Users\ShadowEvil\source\repos2\New folder\HelbreathServer\Sources\Client\Sprite.cpp(1581,13): warning C4244: '=': conversion from 'LONG' to 'short', possible loss of data
4>C:\Users\ShadowEvil\source\repos2\New folder\HelbreathServer\Sources\Client\Sprite.cpp(1599,11): warning C4244: '=': conversion from 'LONG' to 'short', possible loss of data
4>C:\Users\ShadowEvil\source\repos2\New folder\HelbreathServer\Sources\Client\Sprite.cpp(1600,13): warning C4244: '=': conversion from 'LONG' to 'short', possible loss of data
4>C:\Users\ShadowEvil\source\repos2\New folder\HelbreathServer\Sources\Client\Sprite.cpp(1708,11): warning C4244: '=': conversion from 'LONG' to 'short', possible loss of data
4>C:\Users\ShadowEvil\source\repos2\New folder\HelbreathServer\Sources\Client\Sprite.cpp(1709,13): warning C4244: '=': conversion from 'LONG' to 'short', possible loss of data
4>C:\Users\ShadowEvil\source\repos2\New folder\HelbreathServer\Sources\Client\Sprite.cpp(1727,11): warning C4244: '=': conversion from 'LONG' to 'short', possible loss of data
4>C:\Users\ShadowEvil\source\repos2\New folder\HelbreathServer\Sources\Client\Sprite.cpp(1728,13): warning C4244: '=': conversion from 'LONG' to 'short', possible loss of data
4>C:\Users\ShadowEvil\source\repos2\New folder\HelbreathServer\Sources\Client\Sprite.cpp(1829,11): warning C4244: '=': conversion from 'LONG' to 'short', possible loss of data
4>C:\Users\ShadowEvil\source\repos2\New folder\HelbreathServer\Sources\Client\Sprite.cpp(1830,13): warning C4244: '=': conversion from 'LONG' to 'short', possible loss of data
4>C:\Users\ShadowEvil\source\repos2\New folder\HelbreathServer\Sources\Client\Sprite.cpp(1848,11): warning C4244: '=': conversion from 'LONG' to 'short', possible loss of data
4>C:\Users\ShadowEvil\source\repos2\New folder\HelbreathServer\Sources\Client\Sprite.cpp(1849,13): warning C4244: '=': conversion from 'LONG' to 'short', possible loss of data
4>C:\Users\ShadowEvil\source\repos2\New folder\HelbreathServer\Sources\Client\Sprite.cpp(1948,11): warning C4244: '=': conversion from 'LONG' to 'short', possible loss of data
4>C:\Users\ShadowEvil\source\repos2\New folder\HelbreathServer\Sources\Client\Sprite.cpp(1949,13): warning C4244: '=': conversion from 'LONG' to 'short', possible loss of data
4>C:\Users\ShadowEvil\source\repos2\New folder\HelbreathServer\Sources\Client\Sprite.cpp(1967,11): warning C4244: '=': conversion from 'LONG' to 'short', possible loss of data
4>C:\Users\ShadowEvil\source\repos2\New folder\HelbreathServer\Sources\Client\Sprite.cpp(1968,13): warning C4244: '=': conversion from 'LONG' to 'short', possible loss of data
4>C:\Users\ShadowEvil\source\repos2\New folder\HelbreathServer\Sources\Client\Sprite.cpp(2066,11): warning C4244: '=': conversion from 'LONG' to 'short', possible loss of data
4>C:\Users\ShadowEvil\source\repos2\New folder\HelbreathServer\Sources\Client\Sprite.cpp(2067,13): warning C4244: '=': conversion from 'LONG' to 'short', possible loss of data
4>C:\Users\ShadowEvil\source\repos2\New folder\HelbreathServer\Sources\Client\Sprite.cpp(2085,11): warning C4244: '=': conversion from 'LONG' to 'short', possible loss of data
4>C:\Users\ShadowEvil\source\repos2\New folder\HelbreathServer\Sources\Client\Sprite.cpp(2086,13): warning C4244: '=': conversion from 'LONG' to 'short', possible loss of data
4>C:\Users\ShadowEvil\source\repos2\New folder\HelbreathServer\Sources\Client\Sprite.cpp(2178,11): warning C4244: '=': conversion from 'LONG' to 'short', possible loss of data
4>C:\Users\ShadowEvil\source\repos2\New folder\HelbreathServer\Sources\Client\Sprite.cpp(2179,13): warning C4244: '=': conversion from 'LONG' to 'short', possible loss of data
4>C:\Users\ShadowEvil\source\repos2\New folder\HelbreathServer\Sources\Client\Sprite.cpp(2197,11): warning C4244: '=': conversion from 'LONG' to 'short', possible loss of data
4>C:\Users\ShadowEvil\source\repos2\New folder\HelbreathServer\Sources\Client\Sprite.cpp(2198,13): warning C4244: '=': conversion from 'LONG' to 'short', possible loss of data
4>C:\Users\ShadowEvil\source\repos2\New folder\HelbreathServer\Sources\Client\Sprite.cpp(2319,11): warning C4244: '=': conversion from 'LONG' to 'short', possible loss of data
4>C:\Users\ShadowEvil\source\repos2\New folder\HelbreathServer\Sources\Client\Sprite.cpp(2320,13): warning C4244: '=': conversion from 'LONG' to 'short', possible loss of data
4>C:\Users\ShadowEvil\source\repos2\New folder\HelbreathServer\Sources\Client\Sprite.cpp(2338,11): warning C4244: '=': conversion from 'LONG' to 'short', possible loss of data
4>C:\Users\ShadowEvil\source\repos2\New folder\HelbreathServer\Sources\Client\Sprite.cpp(2339,13): warning C4244: '=': conversion from 'LONG' to 'short', possible loss of data
4>C:\Users\ShadowEvil\source\repos2\New folder\HelbreathServer\Sources\Client\Sprite.cpp(2449,11): warning C4244: '=': conversion from 'LONG' to 'short', possible loss of data
4>C:\Users\ShadowEvil\source\repos2\New folder\HelbreathServer\Sources\Client\Sprite.cpp(2450,13): warning C4244: '=': conversion from 'LONG' to 'short', possible loss of data
4>C:\Users\ShadowEvil\source\repos2\New folder\HelbreathServer\Sources\Client\Sprite.cpp(2468,11): warning C4244: '=': conversion from 'LONG' to 'short', possible loss of data
4>C:\Users\ShadowEvil\source\repos2\New folder\HelbreathServer\Sources\Client\Sprite.cpp(2469,13): warning C4244: '=': conversion from 'LONG' to 'short', possible loss of data
4>C:\Users\ShadowEvil\source\repos2\New folder\HelbreathServer\Sources\Client\Sprite.cpp(2580,11): warning C4244: '=': conversion from 'LONG' to 'short', possible loss of data
4>C:\Users\ShadowEvil\source\repos2\New folder\HelbreathServer\Sources\Client\Sprite.cpp(2581,13): warning C4244: '=': conversion from 'LONG' to 'short', possible loss of data
4>C:\Users\ShadowEvil\source\repos2\New folder\HelbreathServer\Sources\Client\Sprite.cpp(2599,11): warning C4244: '=': conversion from 'LONG' to 'short', possible loss of data
4>C:\Users\ShadowEvil\source\repos2\New folder\HelbreathServer\Sources\Client\Sprite.cpp(2600,13): warning C4244: '=': conversion from 'LONG' to 'short', possible loss of data
4>C:\Users\ShadowEvil\source\repos2\New folder\HelbreathServer\Sources\Client\Sprite.cpp(2706,11): warning C4244: '=': conversion from 'LONG' to 'short', possible loss of data
4>C:\Users\ShadowEvil\source\repos2\New folder\HelbreathServer\Sources\Client\Sprite.cpp(2707,13): warning C4244: '=': conversion from 'LONG' to 'short', possible loss of data
4>C:\Users\ShadowEvil\source\repos2\New folder\HelbreathServer\Sources\Client\Sprite.cpp(2725,11): warning C4244: '=': conversion from 'LONG' to 'short', possible loss of data
4>C:\Users\ShadowEvil\source\repos2\New folder\HelbreathServer\Sources\Client\Sprite.cpp(2726,13): warning C4244: '=': conversion from 'LONG' to 'short', possible loss of data
4>C:\Users\ShadowEvil\source\repos2\New folder\HelbreathServer\Sources\Client\Sprite.cpp(2869,11): warning C4244: '=': conversion from 'LONG' to 'short', possible loss of data
4>C:\Users\ShadowEvil\source\repos2\New folder\HelbreathServer\Sources\Client\Sprite.cpp(2870,13): warning C4244: '=': conversion from 'LONG' to 'short', possible loss of data
4>C:\Users\ShadowEvil\source\repos2\New folder\HelbreathServer\Sources\Client\Sprite.cpp(2888,11): warning C4244: '=': conversion from 'LONG' to 'short', possible loss of data
4>C:\Users\ShadowEvil\source\repos2\New folder\HelbreathServer\Sources\Client\Sprite.cpp(2889,13): warning C4244: '=': conversion from 'LONG' to 'short', possible loss of data
4>C:\Users\ShadowEvil\source\repos2\New folder\HelbreathServer\Sources\Client\Sprite.cpp(2955,11): warning C4244: '=': conversion from 'LONG' to 'short', possible loss of data
4>C:\Users\ShadowEvil\source\repos2\New folder\HelbreathServer\Sources\Client\Sprite.cpp(2956,13): warning C4244: '=': conversion from 'LONG' to 'short', possible loss of data
4>C:\Users\ShadowEvil\source\repos2\New folder\HelbreathServer\Sources\Client\Sprite.cpp(2974,11): warning C4244: '=': conversion from 'LONG' to 'short', possible loss of data
4>C:\Users\ShadowEvil\source\repos2\New folder\HelbreathServer\Sources\Client\Sprite.cpp(2975,13): warning C4244: '=': conversion from 'LONG' to 'short', possible loss of data
4>C:\Users\ShadowEvil\source\repos2\New folder\HelbreathServer\Sources\Client\YWSound.cpp(36,3): error C2664: 'void OutputDebugStringW(LPCWSTR)': cannot convert argument 1 from 'const char [28]' to 'LPCWSTR'
4>      C:\Users\ShadowEvil\source\repos2\New folder\HelbreathServer\Sources\Client\YWSound.cpp(36,21):
4>      Types pointed to are unrelated; conversion requires reinterpret_cast, C-style cast or parenthesized function-style cast
4>      C:\Program Files (x86)\Windows Kits\10\Include\10.0.26100.0\um\debugapi.h(61,1):
4>      see declaration of 'OutputDebugStringW'
4>      C:\Users\ShadowEvil\source\repos2\New folder\HelbreathServer\Sources\Client\YWSound.cpp(36,3):
4>      while trying to match the argument list '(const char [28])'
4>C:\Users\ShadowEvil\source\repos2\New folder\HelbreathServer\Sources\Client\YWSound.cpp(43,3): error C2664: 'void OutputDebugStringW(LPCWSTR)': cannot convert argument 1 from 'const char [28]' to 'LPCWSTR'
4>      C:\Users\ShadowEvil\source\repos2\New folder\HelbreathServer\Sources\Client\YWSound.cpp(43,21):
4>      Types pointed to are unrelated; conversion requires reinterpret_cast, C-style cast or parenthesized function-style cast
4>      C:\Program Files (x86)\Windows Kits\10\Include\10.0.26100.0\um\debugapi.h(61,1):
4>      see declaration of 'OutputDebugStringW'
4>      C:\Users\ShadowEvil\source\repos2\New folder\HelbreathServer\Sources\Client\YWSound.cpp(43,3):
4>      while trying to match the argument list '(const char [28])'
4>C:\Users\ShadowEvil\source\repos2\New folder\HelbreathServer\Sources\Client\YWSound.cpp(69,3): error C2664: 'void OutputDebugStringW(LPCWSTR)': cannot convert argument 1 from 'const char [28]' to 'LPCWSTR'
4>      C:\Users\ShadowEvil\source\repos2\New folder\HelbreathServer\Sources\Client\YWSound.cpp(69,21):
4>      Types pointed to are unrelated; conversion requires reinterpret_cast, C-style cast or parenthesized function-style cast
4>      C:\Program Files (x86)\Windows Kits\10\Include\10.0.26100.0\um\debugapi.h(61,1):
4>      see declaration of 'OutputDebugStringW'
4>      C:\Users\ShadowEvil\source\repos2\New folder\HelbreathServer\Sources\Client\YWSound.cpp(69,3):
4>      while trying to match the argument list '(const char [28])'
4>C:\Users\ShadowEvil\source\repos2\New folder\HelbreathServer\Sources\Client\XSocket.cpp(13,2): warning C5033: 'register' is no longer a supported storage class
4>C:\Users\ShadowEvil\source\repos2\New folder\HelbreathServer\Sources\Client\XSocket.cpp(43,2): warning C5033: 'register' is no longer a supported storage class
4>C:\Users\ShadowEvil\source\repos2\New folder\HelbreathServer\Sources\Client\XSocket.cpp(486,2): warning C5033: 'register' is no longer a supported storage class
4>C:\Users\ShadowEvil\source\repos2\New folder\HelbreathServer\Sources\Client\XSocket.cpp(533,2): warning C5033: 'register' is no longer a supported storage class
3>C:\Users\ShadowEvil\source\repos2\New folder\HelbreathServer\Sources\Server\Game.h(220,14): error C2039: 'any_of': is not a member of 'std'
3>  (compiling source file 'Game.cpp')
3>      C:\Program Files\Microsoft Visual Studio\18\Community\VC\Tools\MSVC\14.44.35207\include\fstream(20,1):
3>      see declaration of 'std'
3>C:\Users\ShadowEvil\source\repos2\New folder\HelbreathServer\Sources\Server\Game.cpp(326,3): error C2664: 'void PutLogList(char *)': cannot convert argument 1 from 'const char [35]' to 'char *'
3>      C:\Users\ShadowEvil\source\repos2\New folder\HelbreathServer\Sources\Server\Game.cpp(326,14):
3>      Conversion from string literal loses const qualifier (see /Zc:strictStrings)
3>      C:\Users\ShadowEvil\source\repos2\New folder\HelbreathServer\Sources\Server\winmain.h(11,6):
3>      see declaration of 'PutLogList'
3>      C:\Users\ShadowEvil\source\repos2\New folder\HelbreathServer\Sources\Server\Game.cpp(326,3):
3>      while trying to match the argument list '(const char [35])'
3>C:\Users\ShadowEvil\source\repos2\New folder\HelbreathServer\Sources\Server\Game.cpp(399,4): error C2664: 'int wsprintfW(LPWSTR,LPCWSTR,...)': cannot convert argument 1 from 'char [512]' to 'LPWSTR'
3>      C:\Users\ShadowEvil\source\repos2\New folder\HelbreathServer\Sources\Server\Game.cpp(399,13):
3>      Types pointed to are unrelated; conversion requires reinterpret_cast, C-style cast or parenthesized function-style cast
3>      C:\Program Files (x86)\Windows Kits\10\Include\10.0.26100.0\um\winuser.h(333,1):
3>      see declaration of 'wsprintfW'
3>      C:\Users\ShadowEvil\source\repos2\New folder\HelbreathServer\Sources\Server\Game.cpp(399,4):
3>      while trying to match the argument list '(char [512], const char [21], int, char [21])'
3>C:\Users\ShadowEvil\source\repos2\New folder\HelbreathServer\Sources\Server\Game.cpp(414,3): error C2664: 'int wsprintfW(LPWSTR,LPCWSTR,...)': cannot convert argument 1 from 'char [512]' to 'LPWSTR'
3>      C:\Users\ShadowEvil\source\repos2\New folder\HelbreathServer\Sources\Server\Game.cpp(414,12):
3>      Types pointed to are unrelated; conversion requires reinterpret_cast, C-style cast or parenthesized function-style cast
3>      C:\Program Files (x86)\Windows Kits\10\Include\10.0.26100.0\um\winuser.h(333,1):
3>      see declaration of 'wsprintfW'
3>      C:\Users\ShadowEvil\source\repos2\New folder\HelbreathServer\Sources\Server\Game.cpp(414,3):
3>      while trying to match the argument list '(char [512], const char [28], int, char [21])'
3>C:\Users\ShadowEvil\source\repos2\New folder\HelbreathServer\Sources\Server\Game.cpp(468,3): error C2664: 'void PutLogList(char *)': cannot convert argument 1 from 'const char [16]' to 'char *'
3>      C:\Users\ShadowEvil\source\repos2\New folder\HelbreathServer\Sources\Server\Game.cpp(468,14):
3>      Conversion from string literal loses const qualifier (see /Zc:strictStrings)
3>      C:\Users\ShadowEvil\source\repos2\New folder\HelbreathServer\Sources\Server\winmain.h(11,6):
3>      see declaration of 'PutLogList'
3>      C:\Users\ShadowEvil\source\repos2\New folder\HelbreathServer\Sources\Server\Game.cpp(468,3):
3>      while trying to match the argument list '(const char [16])'
3>C:\Users\ShadowEvil\source\repos2\New folder\HelbreathServer\Sources\Server\Game.cpp(472,3): error C2664: 'int wsprintfW(LPWSTR,LPCWSTR,...)': cannot convert argument 1 from 'char [512]' to 'LPWSTR'
3>      C:\Users\ShadowEvil\source\repos2\New folder\HelbreathServer\Sources\Server\Game.cpp(472,12):
3>      Types pointed to are unrelated; conversion requires reinterpret_cast, C-style cast or parenthesized function-style cast
3>      C:\Program Files (x86)\Windows Kits\10\Include\10.0.26100.0\um\winuser.h(333,1):
3>      see declaration of 'wsprintfW'
3>      C:\Users\ShadowEvil\source\repos2\New folder\HelbreathServer\Sources\Server\Game.cpp(472,3):
3>      while trying to match the argument list '(char [512], const char [27], int)'
3>C:\Users\ShadowEvil\source\repos2\New folder\HelbreathServer\Sources\Server\Game.cpp(480,3): error C2664: 'int wsprintfW(LPWSTR,LPCWSTR,...)': cannot convert argument 1 from 'char [512]' to 'LPWSTR'
3>      C:\Users\ShadowEvil\source\repos2\New folder\HelbreathServer\Sources\Server\Game.cpp(480,12):
3>      Types pointed to are unrelated; conversion requires reinterpret_cast, C-style cast or parenthesized function-style cast
3>      C:\Program Files (x86)\Windows Kits\10\Include\10.0.26100.0\um\winuser.h(333,1):
3>      see declaration of 'wsprintfW'
3>      C:\Users\ShadowEvil\source\repos2\New folder\HelbreathServer\Sources\Server\Game.cpp(480,3):
3>      while trying to match the argument list '(char [512], const char [31], int, char [21])'
3>C:\Users\ShadowEvil\source\repos2\New folder\HelbreathServer\Sources\Server\Game.cpp(485,6): error C2664: 'int wsprintfW(LPWSTR,LPCWSTR,...)': cannot convert argument 1 from 'char [512]' to 'LPWSTR'
3>      C:\Users\ShadowEvil\source\repos2\New folder\HelbreathServer\Sources\Server\Game.cpp(485,15):
3>      Types pointed to are unrelated; conversion requires reinterpret_cast, C-style cast or parenthesized function-style cast
3>      C:\Program Files (x86)\Windows Kits\10\Include\10.0.26100.0\um\winuser.h(333,1):
3>      see declaration of 'wsprintfW'
3>      C:\Users\ShadowEvil\source\repos2\New folder\HelbreathServer\Sources\Server\Game.cpp(485,6):
3>      while trying to match the argument list '(char [512], const char [98], char [21], char [11])'
3>C:\Users\ShadowEvil\source\repos2\New folder\HelbreathServer\Sources\Server\Game.cpp(509,2): error C2664: 'void PutLogList(char *)': cannot convert argument 1 from 'const char [32]' to 'char *'
3>      C:\Users\ShadowEvil\source\repos2\New folder\HelbreathServer\Sources\Server\Game.cpp(509,13):
3>      Conversion from string literal loses const qualifier (see /Zc:strictStrings)
3>      C:\Users\ShadowEvil\source\repos2\New folder\HelbreathServer\Sources\Server\winmain.h(11,6):
3>      see declaration of 'PutLogList'
3>      C:\Users\ShadowEvil\source\repos2\New folder\HelbreathServer\Sources\Server\Game.cpp(509,2):
3>      while trying to match the argument list '(const char [32])'
3>C:\Users\ShadowEvil\source\repos2\New folder\HelbreathServer\Sources\Server\Game.cpp(796,6): error C2664: 'bool CGame::bReadProgramConfigFile(char *,bool)': cannot convert argument 1 from 'const char [12]' to 'char *'
3>      C:\Users\ShadowEvil\source\repos2\New folder\HelbreathServer\Sources\Server\Game.cpp(796,29):
3>      Conversion from string literal loses const qualifier (see /Zc:strictStrings)
3>      C:\Users\ShadowEvil\source\repos2\New folder\HelbreathServer\Sources\Server\Game.h(767,7):
3>      see declaration of 'CGame::bReadProgramConfigFile'
3>      C:\Users\ShadowEvil\source\repos2\New folder\HelbreathServer\Sources\Server\Game.cpp(796,6):
3>      while trying to match the argument list '(const char [12], bool)'
3>C:\Users\ShadowEvil\source\repos2\New folder\HelbreathServer\Sources\Server\Game.cpp(797,3): error C2664: 'void PutLogList(char *)': cannot convert argument 1 from 'const char [2]' to 'char *'
3>      C:\Users\ShadowEvil\source\repos2\New folder\HelbreathServer\Sources\Server\Game.cpp(797,14):
3>      Conversion from string literal loses const qualifier (see /Zc:strictStrings)
3>      C:\Users\ShadowEvil\source\repos2\New folder\HelbreathServer\Sources\Server\winmain.h(11,6):
3>      see declaration of 'PutLogList'
3>      C:\Users\ShadowEvil\source\repos2\New folder\HelbreathServer\Sources\Server\Game.cpp(797,3):
3>      while trying to match the argument list '(const char [2])'
3>C:\Users\ShadowEvil\source\repos2\New folder\HelbreathServer\Sources\Server\Game.cpp(798,3): error C2664: 'void PutLogList(char *)': cannot convert argument 1 from 'const char [78]' to 'char *'
3>      C:\Users\ShadowEvil\source\repos2\New folder\HelbreathServer\Sources\Server\Game.cpp(798,14):
3>      Conversion from string literal loses const qualifier (see /Zc:strictStrings)
3>      C:\Users\ShadowEvil\source\repos2\New folder\HelbreathServer\Sources\Server\winmain.h(11,6):
3>      see declaration of 'PutLogList'
3>      C:\Users\ShadowEvil\source\repos2\New folder\HelbreathServer\Sources\Server\Game.cpp(798,3):
3>      while trying to match the argument list '(const char [78])'
3>C:\Users\ShadowEvil\source\repos2\New folder\HelbreathServer\Sources\Server\Game.cpp(801,6): error C2664: 'bool CGame::bReadProgramConfigFile(char *,bool)': cannot convert argument 1 from 'const char [10]' to 'char *'
3>      C:\Users\ShadowEvil\source\repos2\New folder\HelbreathServer\Sources\Server\Game.cpp(801,29):
3>      Conversion from string literal loses const qualifier (see /Zc:strictStrings)
3>      C:\Users\ShadowEvil\source\repos2\New folder\HelbreathServer\Sources\Server\Game.h(767,7):
3>      see declaration of 'CGame::bReadProgramConfigFile'
3>      C:\Users\ShadowEvil\source\repos2\New folder\HelbreathServer\Sources\Server\Game.cpp(801,6):
3>      while trying to match the argument list '(const char [10], bool)'
3>C:\Users\ShadowEvil\source\repos2\New folder\HelbreathServer\Sources\Server\Game.cpp(802,3): error C2664: 'void PutLogList(char *)': cannot convert argument 1 from 'const char [2]' to 'char *'
3>      C:\Users\ShadowEvil\source\repos2\New folder\HelbreathServer\Sources\Server\Game.cpp(802,14):
3>      Conversion from string literal loses const qualifier (see /Zc:strictStrings)
3>      C:\Users\ShadowEvil\source\repos2\New folder\HelbreathServer\Sources\Server\winmain.h(11,6):
3>      see declaration of 'PutLogList'
3>      C:\Users\ShadowEvil\source\repos2\New folder\HelbreathServer\Sources\Server\Game.cpp(802,3):
3>      while trying to match the argument list '(const char [2])'
3>C:\Users\ShadowEvil\source\repos2\New folder\HelbreathServer\Sources\Server\Game.cpp(803,3): error C2664: 'void PutLogList(char *)': cannot convert argument 1 from 'const char [76]' to 'char *'
3>      C:\Users\ShadowEvil\source\repos2\New folder\HelbreathServer\Sources\Server\Game.cpp(803,14):
3>      Conversion from string literal loses const qualifier (see /Zc:strictStrings)
3>      C:\Users\ShadowEvil\source\repos2\New folder\HelbreathServer\Sources\Server\winmain.h(11,6):
3>      see declaration of 'PutLogList'
3>      C:\Users\ShadowEvil\source\repos2\New folder\HelbreathServer\Sources\Server\Game.cpp(803,3):
3>      while trying to match the argument list '(const char [76])'
3>C:\Users\ShadowEvil\source\repos2\New folder\HelbreathServer\Sources\Server\Game.cpp(806,6): error C2664: 'bool CGame::bReadSettingsConfigFile(char *)': cannot convert argument 1 from 'const char [25]' to 'char *'
3>      C:\Users\ShadowEvil\source\repos2\New folder\HelbreathServer\Sources\Server\Game.cpp(806,30):
3>      Conversion from string literal loses const qualifier (see /Zc:strictStrings)
3>      C:\Users\ShadowEvil\source\repos2\New folder\HelbreathServer\Sources\Server\Game.h(420,7):
3>      see declaration of 'CGame::bReadSettingsConfigFile'
3>      C:\Users\ShadowEvil\source\repos2\New folder\HelbreathServer\Sources\Server\Game.cpp(806,6):
3>      while trying to match the argument list '(const char [25])'
3>C:\Users\ShadowEvil\source\repos2\New folder\HelbreathServer\Sources\Server\Game.cpp(807,3): error C2664: 'void PutLogList(char *)': cannot convert argument 1 from 'const char [2]' to 'char *'
3>      C:\Users\ShadowEvil\source\repos2\New folder\HelbreathServer\Sources\Server\Game.cpp(807,14):
3>      Conversion from string literal loses const qualifier (see /Zc:strictStrings)
3>      C:\Users\ShadowEvil\source\repos2\New folder\HelbreathServer\Sources\Server\winmain.h(11,6):
3>      see declaration of 'PutLogList'
3>      C:\Users\ShadowEvil\source\repos2\New folder\HelbreathServer\Sources\Server\Game.cpp(807,3):
3>      while trying to match the argument list '(const char [2])'
3>C:\Users\ShadowEvil\source\repos2\New folder\HelbreathServer\Sources\Server\Game.cpp(808,3): error C2664: 'void PutLogList(char *)': cannot convert argument 1 from 'const char [79]' to 'char *'
3>      C:\Users\ShadowEvil\source\repos2\New folder\HelbreathServer\Sources\Server\Game.cpp(808,14):
3>      Conversion from string literal loses const qualifier (see /Zc:strictStrings)
3>      C:\Users\ShadowEvil\source\repos2\New folder\HelbreathServer\Sources\Server\winmain.h(11,6):
3>      see declaration of 'PutLogList'
3>      C:\Users\ShadowEvil\source\repos2\New folder\HelbreathServer\Sources\Server\Game.cpp(808,3):
3>      while trying to match the argument list '(const char [79])'
3>C:\Users\ShadowEvil\source\repos2\New folder\HelbreathServer\Sources\Server\Game.cpp(811,6): error C2664: 'bool CGame::bReadAdminListConfigFile(char *)': cannot convert argument 1 from 'const char [26]' to 'char *'
3>      C:\Users\ShadowEvil\source\repos2\New folder\HelbreathServer\Sources\Server\Game.cpp(811,31):
3>      Conversion from string literal loses const qualifier (see /Zc:strictStrings)
3>      C:\Users\ShadowEvil\source\repos2\New folder\HelbreathServer\Sources\Server\Game.h(358,7):
3>      see declaration of 'CGame::bReadAdminListConfigFile'
3>      C:\Users\ShadowEvil\source\repos2\New folder\HelbreathServer\Sources\Server\Game.cpp(811,6):
3>      while trying to match the argument list '(const char [26])'
3>C:\Users\ShadowEvil\source\repos2\New folder\HelbreathServer\Sources\Server\Game.cpp(812,3): error C2664: 'void PutLogList(char *)': cannot convert argument 1 from 'const char [2]' to 'char *'
3>      C:\Users\ShadowEvil\source\repos2\New folder\HelbreathServer\Sources\Server\Game.cpp(812,14):
3>      Conversion from string literal loses const qualifier (see /Zc:strictStrings)
3>      C:\Users\ShadowEvil\source\repos2\New folder\HelbreathServer\Sources\Server\winmain.h(11,6):
3>      see declaration of 'PutLogList'
3>      C:\Users\ShadowEvil\source\repos2\New folder\HelbreathServer\Sources\Server\Game.cpp(812,3):
3>      while trying to match the argument list '(const char [2])'
3>C:\Users\ShadowEvil\source\repos2\New folder\HelbreathServer\Sources\Server\Game.cpp(813,3): error C2664: 'void PutLogList(char *)': cannot convert argument 1 from 'const char [80]' to 'char *'
3>      C:\Users\ShadowEvil\source\repos2\New folder\HelbreathServer\Sources\Server\Game.cpp(813,14):
3>      Conversion from string literal loses const qualifier (see /Zc:strictStrings)
3>      C:\Users\ShadowEvil\source\repos2\New folder\HelbreathServer\Sources\Server\winmain.h(11,6):
3>      see declaration of 'PutLogList'
3>      C:\Users\ShadowEvil\source\repos2\New folder\HelbreathServer\Sources\Server\Game.cpp(813,3):
3>      while trying to match the argument list '(const char [80])'
3>C:\Users\ShadowEvil\source\repos2\New folder\HelbreathServer\Sources\Server\Game.cpp(816,6): error C2664: 'bool CGame::bReadBannedListConfigFile(char *)': cannot convert argument 1 from 'const char [27]' to 'char *'
3>      C:\Users\ShadowEvil\source\repos2\New folder\HelbreathServer\Sources\Server\Game.cpp(816,32):
3>      Conversion from string literal loses const qualifier (see /Zc:strictStrings)
3>      C:\Users\ShadowEvil\source\repos2\New folder\HelbreathServer\Sources\Server\Game.h(357,7):
3>      see declaration of 'CGame::bReadBannedListConfigFile'
3>      C:\Users\ShadowEvil\source\repos2\New folder\HelbreathServer\Sources\Server\Game.cpp(816,6):
3>      while trying to match the argument list '(const char [27])'
3>C:\Users\ShadowEvil\source\repos2\New folder\HelbreathServer\Sources\Server\Game.cpp(817,3): error C2664: 'void PutLogList(char *)': cannot convert argument 1 from 'const char [2]' to 'char *'
3>      C:\Users\ShadowEvil\source\repos2\New folder\HelbreathServer\Sources\Server\Game.cpp(817,14):
3>      Conversion from string literal loses const qualifier (see /Zc:strictStrings)
3>      C:\Users\ShadowEvil\source\repos2\New folder\HelbreathServer\Sources\Server\winmain.h(11,6):
3>      see declaration of 'PutLogList'
3>      C:\Users\ShadowEvil\source\repos2\New folder\HelbreathServer\Sources\Server\Game.cpp(817,3):
3>      while trying to match the argument list '(const char [2])'
3>C:\Users\ShadowEvil\source\repos2\New folder\HelbreathServer\Sources\Server\Game.cpp(818,3): error C2664: 'void PutLogList(char *)': cannot convert argument 1 from 'const char [81]' to 'char *'
3>      C:\Users\ShadowEvil\source\repos2\New folder\HelbreathServer\Sources\Server\Game.cpp(818,14):
3>      Conversion from string literal loses const qualifier (see /Zc:strictStrings)
3>      C:\Users\ShadowEvil\source\repos2\New folder\HelbreathServer\Sources\Server\winmain.h(11,6):
3>      see declaration of 'PutLogList'
3>      C:\Users\ShadowEvil\source\repos2\New folder\HelbreathServer\Sources\Server\Game.cpp(818,3):
3>      while trying to match the argument list '(const char [81])'
3>C:\Users\ShadowEvil\source\repos2\New folder\HelbreathServer\Sources\Server\Game.cpp(821,6): error C2664: 'bool CGame::bReadAdminSetConfigFile(char *)': cannot convert argument 1 from 'const char [30]' to 'char *'
3>      C:\Users\ShadowEvil\source\repos2\New folder\HelbreathServer\Sources\Server\Game.cpp(821,30):
3>      Conversion from string literal loses const qualifier (see /Zc:strictStrings)
3>      C:\Users\ShadowEvil\source\repos2\New folder\HelbreathServer\Sources\Server\Game.h(426,7):
3>      see declaration of 'CGame::bReadAdminSetConfigFile'
3>      C:\Users\ShadowEvil\source\repos2\New folder\HelbreathServer\Sources\Server\Game.cpp(821,6):
3>      while trying to match the argument list '(const char [30])'
3>C:\Users\ShadowEvil\source\repos2\New folder\HelbreathServer\Sources\Server\Game.cpp(822,3): error C2664: 'void PutLogList(char *)': cannot convert argument 1 from 'const char [2]' to 'char *'
3>      C:\Users\ShadowEvil\source\repos2\New folder\HelbreathServer\Sources\Server\Game.cpp(822,14):
3>      Conversion from string literal loses const qualifier (see /Zc:strictStrings)
3>      C:\Users\ShadowEvil\source\repos2\New folder\HelbreathServer\Sources\Server\winmain.h(11,6):
3>      see declaration of 'PutLogList'
3>      C:\Users\ShadowEvil\source\repos2\New folder\HelbreathServer\Sources\Server\Game.cpp(822,3):
3>      while trying to match the argument list '(const char [2])'
3>C:\Users\ShadowEvil\source\repos2\New folder\HelbreathServer\Sources\Server\Game.cpp(823,3): error C2664: 'void PutLogList(char *)': cannot convert argument 1 from 'const char [84]' to 'char *'
3>      C:\Users\ShadowEvil\source\repos2\New folder\HelbreathServer\Sources\Server\Game.cpp(823,14):
3>      Conversion from string literal loses const qualifier (see /Zc:strictStrings)
3>      C:\Users\ShadowEvil\source\repos2\New folder\HelbreathServer\Sources\Server\winmain.h(11,6):
3>      see declaration of 'PutLogList'
3>      C:\Users\ShadowEvil\source\repos2\New folder\HelbreathServer\Sources\Server\Game.cpp(823,3):
3>      while trying to match the argument list '(const char [84])'
3>C:\Users\ShadowEvil\source\repos2\New folder\HelbreathServer\Sources\Server\Game.cpp(860,2): error C2664: 'bool CGame::bReadNotifyMsgListFile(char *)': cannot convert argument 1 from 'const char [23]' to 'char *'
3>      C:\Users\ShadowEvil\source\repos2\New folder\HelbreathServer\Sources\Server\Game.cpp(860,25):
3>      Conversion from string literal loses const qualifier (see /Zc:strictStrings)
3>      C:\Users\ShadowEvil\source\repos2\New folder\HelbreathServer\Sources\Server\Game.h(612,7):
3>      see declaration of 'CGame::bReadNotifyMsgListFile'
3>      C:\Users\ShadowEvil\source\repos2\New folder\HelbreathServer\Sources\Server\Game.cpp(860,2):
3>      while trying to match the argument list '(const char [23])'
3>C:\Users\ShadowEvil\source\repos2\New folder\HelbreathServer\Sources\Server\Game.cpp(911,23): error C2664: 'bool CGame::_bDecodeItemConfigFileContents(char *,DWORD)': cannot convert argument 1 from 'const char [21]' to 'char *'
3>      C:\Users\ShadowEvil\source\repos2\New folder\HelbreathServer\Sources\Server\Game.cpp(911,54):
3>      Conversion from string literal loses const qualifier (see /Zc:strictStrings)
3>      C:\Users\ShadowEvil\source\repos2\New folder\HelbreathServer\Sources\Server\Game.h(864,7):
3>      see declaration of 'CGame::_bDecodeItemConfigFileContents'
3>      C:\Users\ShadowEvil\source\repos2\New folder\HelbreathServer\Sources\Server\Game.cpp(911,23):
3>      while trying to match the argument list '(const char [21], int)'
3>C:\Users\ShadowEvil\source\repos2\New folder\HelbreathServer\Sources\Server\Game.cpp(912,23): error C2664: 'bool CGame::_bDecodeItemConfigFileContents(char *,DWORD)': cannot convert argument 1 from 'const char [22]' to 'char *'
3>      C:\Users\ShadowEvil\source\repos2\New folder\HelbreathServer\Sources\Server\Game.cpp(912,54):
3>      Conversion from string literal loses const qualifier (see /Zc:strictStrings)
3>      C:\Users\ShadowEvil\source\repos2\New folder\HelbreathServer\Sources\Server\Game.h(864,7):
3>      see declaration of 'CGame::_bDecodeItemConfigFileContents'
3>      C:\Users\ShadowEvil\source\repos2\New folder\HelbreathServer\Sources\Server\Game.cpp(912,23):
3>      while trying to match the argument list '(const char [22], int)'
3>C:\Users\ShadowEvil\source\repos2\New folder\HelbreathServer\Sources\Server\Game.cpp(913,23): error C2664: 'bool CGame::_bDecodeItemConfigFileContents(char *,DWORD)': cannot convert argument 1 from 'const char [22]' to 'char *'
3>      C:\Users\ShadowEvil\source\repos2\New folder\HelbreathServer\Sources\Server\Game.cpp(913,54):
3>      Conversion from string literal loses const qualifier (see /Zc:strictStrings)
3>      C:\Users\ShadowEvil\source\repos2\New folder\HelbreathServer\Sources\Server\Game.h(864,7):
3>      see declaration of 'CGame::_bDecodeItemConfigFileContents'
3>      C:\Users\ShadowEvil\source\repos2\New folder\HelbreathServer\Sources\Server\Game.cpp(913,23):
3>      while trying to match the argument list '(const char [22], int)'
3>C:\Users\ShadowEvil\source\repos2\New folder\HelbreathServer\Sources\Server\Game.cpp(914,28): error C2664: 'bool CGame::_bDecodeBuildItemConfigFileContents(char *,DWORD)': cannot convert argument 1 from 'const char [26]' to 'char *'
3>      C:\Users\ShadowEvil\source\repos2\New folder\HelbreathServer\Sources\Server\Game.cpp(914,64):
3>      Conversion from string literal loses const qualifier (see /Zc:strictStrings)
3>      C:\Users\ShadowEvil\source\repos2\New folder\HelbreathServer\Sources\Server\Game.h(527,7):
3>      see declaration of 'CGame::_bDecodeBuildItemConfigFileContents'
3>      C:\Users\ShadowEvil\source\repos2\New folder\HelbreathServer\Sources\Server\Game.cpp(914,28):
3>      while trying to match the argument list '(const char [26], int)'
3>C:\Users\ShadowEvil\source\repos2\New folder\HelbreathServer\Sources\Server\Game.cpp(915,22): error C2664: 'bool CGame::_bDecodeNpcConfigFileContents(char *,DWORD)': cannot convert argument 1 from 'const char [20]' to 'char *'
3>      C:\Users\ShadowEvil\source\repos2\New folder\HelbreathServer\Sources\Server\Game.cpp(915,52):
3>      Conversion from string literal loses const qualifier (see /Zc:strictStrings)
3>      C:\Users\ShadowEvil\source\repos2\New folder\HelbreathServer\Sources\Server\Game.h(716,7):
3>      see declaration of 'CGame::_bDecodeNpcConfigFileContents'
3>      C:\Users\ShadowEvil\source\repos2\New folder\HelbreathServer\Sources\Server\Game.cpp(915,22):
3>      while trying to match the argument list '(const char [20], int)'
3>C:\Users\ShadowEvil\source\repos2\New folder\HelbreathServer\Sources\Server\Game.cpp(916,24): error C2664: 'bool CGame::_bDecodeMagicConfigFileContents(char *,DWORD)': cannot convert argument 1 from 'const char [22]' to 'char *'
3>      C:\Users\ShadowEvil\source\repos2\New folder\HelbreathServer\Sources\Server\Game.cpp(916,56):
3>      Conversion from string literal loses const qualifier (see /Zc:strictStrings)
3>      C:\Users\ShadowEvil\source\repos2\New folder\HelbreathServer\Sources\Server\Game.h(698,7):
3>      see declaration of 'CGame::_bDecodeMagicConfigFileContents'
3>      C:\Users\ShadowEvil\source\repos2\New folder\HelbreathServer\Sources\Server\Game.cpp(916,24):
3>      while trying to match the argument list '(const char [22], int)'
3>C:\Users\ShadowEvil\source\repos2\New folder\HelbreathServer\Sources\Server\Game.cpp(917,24): error C2664: 'bool CGame::_bDecodeSkillConfigFileContents(char *,DWORD)': cannot convert argument 1 from 'const char [22]' to 'char *'
3>      C:\Users\ShadowEvil\source\repos2\New folder\HelbreathServer\Sources\Server\Game.cpp(917,56):
3>      Conversion from string literal loses const qualifier (see /Zc:strictStrings)
3>      C:\Users\ShadowEvil\source\repos2\New folder\HelbreathServer\Sources\Server\Game.h(697,7):
3>      see declaration of 'CGame::_bDecodeSkillConfigFileContents'
3>      C:\Users\ShadowEvil\source\repos2\New folder\HelbreathServer\Sources\Server\Game.cpp(917,24):
3>      while trying to match the argument list '(const char [22], int)'
3>C:\Users\ShadowEvil\source\repos2\New folder\HelbreathServer\Sources\Server\Game.cpp(918,24): error C2664: 'bool CGame::_bDecodeQuestConfigFileContents(char *,DWORD)': cannot convert argument 1 from 'const char [22]' to 'char *'
3>      C:\Users\ShadowEvil\source\repos2\New folder\HelbreathServer\Sources\Server\Game.cpp(918,56):
3>      Conversion from string literal loses const qualifier (see /Zc:strictStrings)
3>      C:\Users\ShadowEvil\source\repos2\New folder\HelbreathServer\Sources\Server\Game.h(550,7):
3>      see declaration of 'CGame::_bDecodeQuestConfigFileContents'
3>      C:\Users\ShadowEvil\source\repos2\New folder\HelbreathServer\Sources\Server\Game.cpp(918,24):
3>      while trying to match the argument list '(const char [22], int)'
3>C:\Users\ShadowEvil\source\repos2\New folder\HelbreathServer\Sources\Server\Game.cpp(919,26): error C2664: 'bool CGame::_bDecodePortionConfigFileContents(char *,DWORD)': cannot convert argument 1 from 'const char [23]' to 'char *'
3>      C:\Users\ShadowEvil\source\repos2\New folder\HelbreathServer\Sources\Server\Game.cpp(919,60):
3>      Conversion from string literal loses const qualifier (see /Zc:strictStrings)
3>      C:\Users\ShadowEvil\source\repos2\New folder\HelbreathServer\Sources\Server\Game.h(579,7):
3>      see declaration of 'CGame::_bDecodePortionConfigFileContents'
3>      C:\Users\ShadowEvil\source\repos2\New folder\HelbreathServer\Sources\Server\Game.cpp(919,26):
3>      while trying to match the argument list '(const char [23], int)'
3>C:\Users\ShadowEvil\source\repos2\New folder\HelbreathServer\Sources\Server\Game.cpp(920,2): error C2664: 'bool CGame::_bDecodeDupItemIDFileContents(char *,DWORD)': cannot convert argument 1 from 'const char [26]' to 'char *'
3>      C:\Users\ShadowEvil\source\repos2\New folder\HelbreathServer\Sources\Server\Game.cpp(920,32):
3>      Conversion from string literal loses const qualifier (see /Zc:strictStrings)
3>      C:\Users\ShadowEvil\source\repos2\New folder\HelbreathServer\Sources\Server\Game.h(521,7):
3>      see declaration of 'CGame::_bDecodeDupItemIDFileContents'
3>      C:\Users\ShadowEvil\source\repos2\New folder\HelbreathServer\Sources\Server\Game.cpp(920,2):
3>      while trying to match the argument list '(const char [26], int)'
3>C:\Users\ShadowEvil\source\repos2\New folder\HelbreathServer\Sources\Server\Game.cpp(935,3): error C2664: 'void PutLogList(char *)': cannot convert argument 1 from 'const char [44]' to 'char *'
3>      C:\Users\ShadowEvil\source\repos2\New folder\HelbreathServer\Sources\Server\Game.cpp(935,14):
3>      Conversion from string literal loses const qualifier (see /Zc:strictStrings)
3>      C:\Users\ShadowEvil\source\repos2\New folder\HelbreathServer\Sources\Server\winmain.h(11,6):
3>      see declaration of 'PutLogList'
3>      C:\Users\ShadowEvil\source\repos2\New folder\HelbreathServer\Sources\Server\Game.cpp(935,3):
3>      while trying to match the argument list '(const char [44])'
3>C:\Users\ShadowEvil\source\repos2\New folder\HelbreathServer\Sources\Server\Game.cpp(945,2): error C2664: 'int wsprintfW(LPWSTR,LPCWSTR,...)': cannot convert argument 1 from 'char [350]' to 'LPWSTR'
3>      C:\Users\ShadowEvil\source\repos2\New folder\HelbreathServer\Sources\Server\Game.cpp(945,11):
3>      Types pointed to are unrelated; conversion requires reinterpret_cast, C-style cast or parenthesized function-style cast
3>      C:\Program Files (x86)\Windows Kits\10\Include\10.0.26100.0\um\winuser.h(333,1):
3>      see declaration of 'wsprintfW'
3>      C:\Users\ShadowEvil\source\repos2\New folder\HelbreathServer\Sources\Server\Game.cpp(945,2):
3>      while trying to match the argument list '(char [350], const char [53], char [11], int, int, int, int, int)'
3>C:\Users\ShadowEvil\source\repos2\New folder\HelbreathServer\Sources\Server\Game.cpp(946,2): error C2664: 'BOOL TextOutW(HDC,int,int,LPCWSTR,int)': cannot convert argument 4 from 'char [350]' to 'LPCWSTR'
3>      C:\Users\ShadowEvil\source\repos2\New folder\HelbreathServer\Sources\Server\Game.cpp(946,22):
3>      Types pointed to are unrelated; conversion requires reinterpret_cast, C-style cast or parenthesized function-style cast
3>      C:\Program Files (x86)\Windows Kits\10\Include\10.0.26100.0\um\wingdi.h(5225,25):
3>      see declaration of 'TextOutW'
3>      C:\Users\ShadowEvil\source\repos2\New folder\HelbreathServer\Sources\Server\Game.cpp(946,2):
3>      while trying to match the argument list '(HDC, int, int, char [350], size_t)'
3>C:\Users\ShadowEvil\source\repos2\New folder\HelbreathServer\Sources\Server\Game.cpp(954,2): error C2664: 'void CGame::GayDave(char [],char [])': cannot convert argument 2 from 'const char [8]' to 'char []'
3>      C:\Users\ShadowEvil\source\repos2\New folder\HelbreathServer\Sources\Server\Game.cpp(954,17):
3>      Conversion from string literal loses const qualifier (see /Zc:strictStrings)
3>      C:\Users\ShadowEvil\source\repos2\New folder\HelbreathServer\Sources\Server\Game.h(454,7):
3>      see declaration of 'CGame::GayDave'
3>      C:\Users\ShadowEvil\source\repos2\New folder\HelbreathServer\Sources\Server\Game.cpp(954,2):
3>      while trying to match the argument list '(char [350], const char [8])'
3>C:\Users\ShadowEvil\source\repos2\New folder\HelbreathServer\Sources\Server\Game.cpp(955,2): error C2664: 'BOOL TextOutW(HDC,int,int,LPCWSTR,int)': cannot convert argument 4 from 'char [350]' to 'LPCWSTR'
3>      C:\Users\ShadowEvil\source\repos2\New folder\HelbreathServer\Sources\Server\Game.cpp(955,22):
3>      Types pointed to are unrelated; conversion requires reinterpret_cast, C-style cast or parenthesized function-style cast
3>      C:\Program Files (x86)\Windows Kits\10\Include\10.0.26100.0\um\wingdi.h(5225,25):
3>      see declaration of 'TextOutW'
3>      C:\Users\ShadowEvil\source\repos2\New folder\HelbreathServer\Sources\Server\Game.cpp(955,2):
3>      while trying to match the argument list '(HDC, int, int, char [350], size_t)'
3>C:\Users\ShadowEvil\source\repos2\New folder\HelbreathServer\Sources\Server\Game.cpp(963,3): error C2664: 'int wsprintfW(LPWSTR,LPCWSTR,...)': cannot convert argument 1 from 'char [512]' to 'LPWSTR'
3>      C:\Users\ShadowEvil\source\repos2\New folder\HelbreathServer\Sources\Server\Game.cpp(963,12):
3>      Types pointed to are unrelated; conversion requires reinterpret_cast, C-style cast or parenthesized function-style cast
3>      C:\Program Files (x86)\Windows Kits\10\Include\10.0.26100.0\um\winuser.h(333,1):
3>      see declaration of 'wsprintfW'
3>      C:\Users\ShadowEvil\source\repos2\New folder\HelbreathServer\Sources\Server\Game.cpp(963,3):
3>      while trying to match the argument list '(char [512], const char [87], char [11], int, int, int, int, int, int, int, int, int, int, int)'
3>C:\Users\ShadowEvil\source\repos2\New folder\HelbreathServer\Sources\Server\Game.cpp(968,3): error C2664: 'BOOL TextOutW(HDC,int,int,LPCWSTR,int)': cannot convert argument 4 from 'char [512]' to 'LPCWSTR'
3>      C:\Users\ShadowEvil\source\repos2\New folder\HelbreathServer\Sources\Server\Game.cpp(968,35):
3>      Types pointed to are unrelated; conversion requires reinterpret_cast, C-style cast or parenthesized function-style cast
3>      C:\Program Files (x86)\Windows Kits\10\Include\10.0.26100.0\um\wingdi.h(5225,25):
3>      see declaration of 'TextOutW'
3>      C:\Users\ShadowEvil\source\repos2\New folder\HelbreathServer\Sources\Server\Game.cpp(968,3):
3>      while trying to match the argument list '(HDC, int, int, char [512], size_t)'
3>C:\Users\ShadowEvil\source\repos2\New folder\HelbreathServer\Sources\Server\Game.cpp(1203,6): error C2664: 'int wsprintfW(LPWSTR,LPCWSTR,...)': cannot convert argument 1 from 'char [512]' to 'LPWSTR'
3>      C:\Users\ShadowEvil\source\repos2\New folder\HelbreathServer\Sources\Server\Game.cpp(1203,15):
3>      Types pointed to are unrelated; conversion requires reinterpret_cast, C-style cast or parenthesized function-style cast
3>      C:\Program Files (x86)\Windows Kits\10\Include\10.0.26100.0\um\winuser.h(333,1):
3>      see declaration of 'wsprintfW'
3>      C:\Users\ShadowEvil\source\repos2\New folder\HelbreathServer\Sources\Server\Game.cpp(1203,6):
3>      while trying to match the argument list '(char [512], const char [62], char [21], char [11])'
3>C:\Users\ShadowEvil\source\repos2\New folder\HelbreathServer\Sources\Server\Game.cpp(1555,25): error C2664: 'void PutLogList(char *)': cannot convert argument 1 from 'const char [21]' to 'char *'
3>      C:\Users\ShadowEvil\source\repos2\New folder\HelbreathServer\Sources\Server\Game.cpp(1555,36):
3>      Conversion from string literal loses const qualifier (see /Zc:strictStrings)
3>      C:\Users\ShadowEvil\source\repos2\New folder\HelbreathServer\Sources\Server\winmain.h(11,6):
3>      see declaration of 'PutLogList'
3>      C:\Users\ShadowEvil\source\repos2\New folder\HelbreathServer\Sources\Server\Game.cpp(1555,25):
3>      while trying to match the argument list '(const char [21])'
3>C:\Users\ShadowEvil\source\repos2\New folder\HelbreathServer\Sources\Server\Game.cpp(1581,4): error C2664: 'int wsprintfW(LPWSTR,LPCWSTR,...)': cannot convert argument 1 from 'char [512]' to 'LPWSTR'
3>      C:\Users\ShadowEvil\source\repos2\New folder\HelbreathServer\Sources\Server\Game.cpp(1581,13):
3>      Types pointed to are unrelated; conversion requires reinterpret_cast, C-style cast or parenthesized function-style cast
3>      C:\Program Files (x86)\Windows Kits\10\Include\10.0.26100.0\um\winuser.h(333,1):
3>      see declaration of 'wsprintfW'
3>      C:\Users\ShadowEvil\source\repos2\New folder\HelbreathServer\Sources\Server\Game.cpp(1581,4):
3>      while trying to match the argument list '(char [512], const char [90], int, char [11], char [11], char [21])'
3>C:\Users\ShadowEvil\source\repos2\New folder\HelbreathServer\Sources\Server\Game.cpp(1599,4): error C2664: 'int wsprintfW(LPWSTR,LPCWSTR,...)': cannot convert argument 1 from 'char [512]' to 'LPWSTR'
3>      C:\Users\ShadowEvil\source\repos2\New folder\HelbreathServer\Sources\Server\Game.cpp(1599,13):
3>      Types pointed to are unrelated; conversion requires reinterpret_cast, C-style cast or parenthesized function-style cast
3>      C:\Program Files (x86)\Windows Kits\10\Include\10.0.26100.0\um\winuser.h(333,1):
3>      see declaration of 'wsprintfW'
3>      C:\Users\ShadowEvil\source\repos2\New folder\HelbreathServer\Sources\Server\Game.cpp(1599,4):
3>      while trying to match the argument list '(char [512], const char [68], int, char [11], char [21])'
3>C:\Users\ShadowEvil\source\repos2\New folder\HelbreathServer\Sources\Server\Game.cpp(1821,4): error C2664: 'int wsprintfW(LPWSTR,LPCWSTR,...)': cannot convert argument 1 from 'char [512]' to 'LPWSTR'
3>      C:\Users\ShadowEvil\source\repos2\New folder\HelbreathServer\Sources\Server\Game.cpp(1821,13):
3>      Types pointed to are unrelated; conversion requires reinterpret_cast, C-style cast or parenthesized function-style cast
3>      C:\Program Files (x86)\Windows Kits\10\Include\10.0.26100.0\um\winuser.h(333,1):
3>      see declaration of 'wsprintfW'
3>      C:\Users\ShadowEvil\source\repos2\New folder\HelbreathServer\Sources\Server\Game.cpp(1821,4):
3>      while trying to match the argument list '(char [512], const char [50], char [11], int)'
3>C:\Users\ShadowEvil\source\repos2\New folder\HelbreathServer\Sources\Server\Game.cpp(1879,4): error C2664: 'int wsprintfW(LPWSTR,LPCWSTR,...)': cannot convert argument 1 from 'char [512]' to 'LPWSTR'
3>      C:\Users\ShadowEvil\source\repos2\New folder\HelbreathServer\Sources\Server\Game.cpp(1879,13):
3>      Types pointed to are unrelated; conversion requires reinterpret_cast, C-style cast or parenthesized function-style cast
3>      C:\Program Files (x86)\Windows Kits\10\Include\10.0.26100.0\um\winuser.h(333,1):
3>      see declaration of 'wsprintfW'
3>      C:\Users\ShadowEvil\source\repos2\New folder\HelbreathServer\Sources\Server\Game.cpp(1879,4):
3>      while trying to match the argument list '(char [512], const char [55], char [11], int)'
3>C:\Users\ShadowEvil\source\repos2\New folder\HelbreathServer\Sources\Server\Game.h(220,14): error C2039: 'any_of': is not a member of 'std'
3>  (compiling source file 'Map.cpp')
3>      C:\Program Files\Microsoft Visual Studio\18\Community\VC\Tools\MSVC\14.44.35207\include\fstream(20,1):
3>      see declaration of 'std'
3>C:\Users\ShadowEvil\source\repos2\New folder\HelbreathServer\Sources\Server\Game.cpp(2207,60): warning C4305: '=': truncation from 'int' to 'char'
3>C:\Users\ShadowEvil\source\repos2\New folder\HelbreathServer\Sources\Server\Game.cpp(2207,60): warning C4309: '=': truncation of constant value
3>C:\Users\ShadowEvil\source\repos2\New folder\HelbreathServer\Sources\Server\Game.cpp(2247,3): error C2664: 'int wsprintfW(LPWSTR,LPCWSTR,...)': cannot convert argument 1 from 'char [512]' to 'LPWSTR'
3>      C:\Users\ShadowEvil\source\repos2\New folder\HelbreathServer\Sources\Server\Game.cpp(2247,12):
3>      Types pointed to are unrelated; conversion requires reinterpret_cast, C-style cast or parenthesized function-style cast
3>      C:\Program Files (x86)\Windows Kits\10\Include\10.0.26100.0\um\winuser.h(333,1):
3>      see declaration of 'wsprintfW'
3>      C:\Users\ShadowEvil\source\repos2\New folder\HelbreathServer\Sources\Server\Game.cpp(2247,3):
3>      while trying to match the argument list '(char [512], const char [32], char [11], char [11], bool)'
3>C:\Users\ShadowEvil\source\repos2\New folder\HelbreathServer\Sources\Server\Game.cpp(2262,3): error C2664: 'void CGame::RequestTeleportHandler(int,char *,char *,int,int)': cannot convert argument 2 from 'const char [5]' to 'char *'
3>      C:\Users\ShadowEvil\source\repos2\New folder\HelbreathServer\Sources\Server\Game.cpp(2262,36):
3>      Conversion from string literal loses const qualifier (see /Zc:strictStrings)
3>      C:\Users\ShadowEvil\source\repos2\New folder\HelbreathServer\Sources\Server\Game.h(701,7):
3>      see declaration of 'CGame::RequestTeleportHandler'
3>      C:\Users\ShadowEvil\source\repos2\New folder\HelbreathServer\Sources\Server\Game.cpp(2262,3):
3>      while trying to match the argument list '(int, const char [5])'
3>C:\Users\ShadowEvil\source\repos2\New folder\HelbreathServer\Sources\Server\Game.cpp(2274,2): error C2664: 'bool CGame::bSendClientConfig(int,char *)': cannot convert argument 2 from 'const char [21]' to 'char *'
3>      C:\Users\ShadowEvil\source\repos2\New folder\HelbreathServer\Sources\Server\Game.cpp(2274,30):
3>      Conversion from string literal loses const qualifier (see /Zc:strictStrings)
3>      C:\Users\ShadowEvil\source\repos2\New folder\HelbreathServer\Sources\Server\Game.h(301,7):
3>      see declaration of 'CGame::bSendClientConfig'
3>      C:\Users\ShadowEvil\source\repos2\New folder\HelbreathServer\Sources\Server\Game.cpp(2274,2):
3>      while trying to match the argument list '(int, const char [21])'
3>C:\Users\ShadowEvil\source\repos2\New folder\HelbreathServer\Sources\Server\Game.cpp(2275,2): error C2664: 'bool CGame::bSendClientConfig(int,char *)': cannot convert argument 2 from 'const char [22]' to 'char *'
3>      C:\Users\ShadowEvil\source\repos2\New folder\HelbreathServer\Sources\Server\Game.cpp(2275,30):
3>      Conversion from string literal loses const qualifier (see /Zc:strictStrings)
3>      C:\Users\ShadowEvil\source\repos2\New folder\HelbreathServer\Sources\Server\Game.h(301,7):
3>      see declaration of 'CGame::bSendClientConfig'
3>      C:\Users\ShadowEvil\source\repos2\New folder\HelbreathServer\Sources\Server\Game.cpp(2275,2):
3>      while trying to match the argument list '(int, const char [22])'
3>C:\Users\ShadowEvil\source\repos2\New folder\HelbreathServer\Sources\Server\Game.cpp(2276,2): error C2664: 'bool CGame::bSendClientConfig(int,char *)': cannot convert argument 2 from 'const char [22]' to 'char *'
3>      C:\Users\ShadowEvil\source\repos2\New folder\HelbreathServer\Sources\Server\Game.cpp(2276,30):
3>      Conversion from string literal loses const qualifier (see /Zc:strictStrings)
3>      C:\Users\ShadowEvil\source\repos2\New folder\HelbreathServer\Sources\Server\Game.h(301,7):
3>      see declaration of 'CGame::bSendClientConfig'
3>      C:\Users\ShadowEvil\source\repos2\New folder\HelbreathServer\Sources\Server\Game.cpp(2276,2):
3>      while trying to match the argument list '(int, const char [22])'
3>C:\Users\ShadowEvil\source\repos2\New folder\HelbreathServer\Sources\Server\Game.cpp(2336,17): error C2664: 'HANDLE CreateFileW(LPCWSTR,DWORD,DWORD,LPSECURITY_ATTRIBUTES,DWORD,DWORD,HANDLE)': cannot convert argument 1 from 'char *' to 'LPCWSTR'
3>      C:\Users\ShadowEvil\source\repos2\New folder\HelbreathServer\Sources\Server\Game.cpp(2336,28):
3>      Types pointed to are unrelated; conversion requires reinterpret_cast, C-style cast or parenthesized function-style cast
3>      C:\Program Files (x86)\Windows Kits\10\Include\10.0.26100.0\um\fileapi.h(93,1):
3>      see declaration of 'CreateFileW'
3>      C:\Users\ShadowEvil\source\repos2\New folder\HelbreathServer\Sources\Server\Game.cpp(2336,17):
3>      while trying to match the argument list '(char *, unsigned long, int, int, int, int, int)'
3>C:\Users\ShadowEvil\source\repos2\New folder\HelbreathServer\Sources\Server\Game.cpp(2339,3): error C2664: 'int wsprintfW(LPWSTR,LPCWSTR,...)': cannot convert argument 1 from 'char [512]' to 'LPWSTR'
3>      C:\Users\ShadowEvil\source\repos2\New folder\HelbreathServer\Sources\Server\Game.cpp(2339,12):
3>      Types pointed to are unrelated; conversion requires reinterpret_cast, C-style cast or parenthesized function-style cast
3>      C:\Program Files (x86)\Windows Kits\10\Include\10.0.26100.0\um\winuser.h(333,1):
3>      see declaration of 'wsprintfW'
3>      C:\Users\ShadowEvil\source\repos2\New folder\HelbreathServer\Sources\Server\Game.cpp(2339,3):
3>      while trying to match the argument list '(char [512], const char [56], char *)'
3>C:\Users\ShadowEvil\source\repos2\New folder\HelbreathServer\Sources\Server\Game.cpp(2366,3): error C2664: 'int wsprintfW(LPWSTR,LPCWSTR,...)': cannot convert argument 1 from 'char [512]' to 'LPWSTR'
3>      C:\Users\ShadowEvil\source\repos2\New folder\HelbreathServer\Sources\Server\Game.cpp(2366,12):
3>      Types pointed to are unrelated; conversion requires reinterpret_cast, C-style cast or parenthesized function-style cast
3>      C:\Program Files (x86)\Windows Kits\10\Include\10.0.26100.0\um\winuser.h(333,1):
3>      see declaration of 'wsprintfW'
3>      C:\Users\ShadowEvil\source\repos2\New folder\HelbreathServer\Sources\Server\Game.cpp(2366,3):
3>      while trying to match the argument list '(char [512], const char [62], char *, int)'
3>C:\Users\ShadowEvil\source\repos2\New folder\HelbreathServer\Sources\Server\Game.cpp(2434,7): error C2664: 'int wsprintfW(LPWSTR,LPCWSTR,...)': cannot convert argument 1 from 'char [512]' to 'LPWSTR'
3>      C:\Users\ShadowEvil\source\repos2\New folder\HelbreathServer\Sources\Server\Game.cpp(2434,16):
3>      Types pointed to are unrelated; conversion requires reinterpret_cast, C-style cast or parenthesized function-style cast
3>      C:\Program Files (x86)\Windows Kits\10\Include\10.0.26100.0\um\winuser.h(333,1):
3>      see declaration of 'wsprintfW'
3>      C:\Users\ShadowEvil\source\repos2\New folder\HelbreathServer\Sources\Server\Game.cpp(2434,7):
3>      while trying to match the argument list '(char [512], const char [24], short)'
3>C:\Users\ShadowEvil\source\repos2\New folder\HelbreathServer\Sources\Server\Game.cpp(2709,4): error C2664: 'int wsprintfW(LPWSTR,LPCWSTR,...)': cannot convert argument 1 from 'char [512]' to 'LPWSTR'
3>      C:\Users\ShadowEvil\source\repos2\New folder\HelbreathServer\Sources\Server\Game.cpp(2709,13):
3>      Types pointed to are unrelated; conversion requires reinterpret_cast, C-style cast or parenthesized function-style cast
3>      C:\Program Files (x86)\Windows Kits\10\Include\10.0.26100.0\um\winuser.h(333,1):
3>      see declaration of 'wsprintfW'
3>      C:\Users\ShadowEvil\source\repos2\New folder\HelbreathServer\Sources\Server\Game.cpp(2709,4):
3>      while trying to match the argument list '(char [512], const char [18], char [11], char [11])'
3>C:\Users\ShadowEvil\source\repos2\New folder\HelbreathServer\Sources\Server\Game.cpp(2954,5): error C2664: 'int wsprintfW(LPWSTR,LPCWSTR,...)': cannot convert argument 1 from 'char [512]' to 'LPWSTR'
3>      C:\Users\ShadowEvil\source\repos2\New folder\HelbreathServer\Sources\Server\Game.cpp(2954,14):
3>      Types pointed to are unrelated; conversion requires reinterpret_cast, C-style cast or parenthesized function-style cast
3>      C:\Program Files (x86)\Windows Kits\10\Include\10.0.26100.0\um\winuser.h(333,1):
3>      see declaration of 'wsprintfW'
3>      C:\Users\ShadowEvil\source\repos2\New folder\HelbreathServer\Sources\Server\Game.cpp(2954,5):
3>      while trying to match the argument list '(char [512], const char [42], int, int, int)'
3>C:\Users\ShadowEvil\source\repos2\New folder\HelbreathServer\Sources\Server\Map.cpp(472,10): error C2664: 'HANDLE CreateFileW(LPCWSTR,DWORD,DWORD,LPSECURITY_ATTRIBUTES,DWORD,DWORD,HANDLE)': cannot convert argument 1 from 'char [256]' to 'LPCWSTR'
3>      C:\Users\ShadowEvil\source\repos2\New folder\HelbreathServer\Sources\Server\Map.cpp(472,21):
3>      Types pointed to are unrelated; conversion requires reinterpret_cast, C-style cast or parenthesized function-style cast
3>      C:\Program Files (x86)\Windows Kits\10\Include\10.0.26100.0\um\fileapi.h(93,1):
3>      see declaration of 'CreateFileW'
3>      C:\Users\ShadowEvil\source\repos2\New folder\HelbreathServer\Sources\Server\Map.cpp(472,10):
3>      while trying to match the argument list '(char [256], unsigned long, int, int, int, int, int)'
3>C:\Users\ShadowEvil\source\repos2\New folder\HelbreathServer\Sources\Server\Game.cpp(3826,6): error C2664: 'int wsprintfW(LPWSTR,LPCWSTR,...)': cannot convert argument 1 from 'char [512]' to 'LPWSTR'
3>      C:\Users\ShadowEvil\source\repos2\New folder\HelbreathServer\Sources\Server\Game.cpp(3826,15):
3>      Types pointed to are unrelated; conversion requires reinterpret_cast, C-style cast or parenthesized function-style cast
3>      C:\Program Files (x86)\Windows Kits\10\Include\10.0.26100.0\um\winuser.h(333,1):
3>      see declaration of 'wsprintfW'
3>      C:\Users\ShadowEvil\source\repos2\New folder\HelbreathServer\Sources\Server\Game.cpp(3826,6):
3>      while trying to match the argument list '(char [512], const char [19], char [21])'
3>C:\Users\ShadowEvil\source\repos2\New folder\HelbreathServer\Sources\Server\Game.cpp(3906,45): warning C4018: '<': signed/unsigned mismatch
3>C:\Users\ShadowEvil\source\repos2\New folder\HelbreathServer\Sources\Server\Game.cpp(3938,74): warning C4018: '>': signed/unsigned mismatch
3>C:\Users\ShadowEvil\source\repos2\New folder\HelbreathServer\Sources\Server\Game.cpp(3973,7): error C2664: 'void CGame::RequestTeleportHandler(int,char *,char *,int,int)': cannot convert argument 2 from 'const char [5]' to 'char *'
3>      C:\Users\ShadowEvil\source\repos2\New folder\HelbreathServer\Sources\Server\Game.cpp(3973,33):
3>      Conversion from string literal loses const qualifier (see /Zc:strictStrings)
3>      C:\Users\ShadowEvil\source\repos2\New folder\HelbreathServer\Sources\Server\Game.h(701,7):
3>      see declaration of 'CGame::RequestTeleportHandler'
3>      C:\Users\ShadowEvil\source\repos2\New folder\HelbreathServer\Sources\Server\Game.cpp(3973,7):
3>      while trying to match the argument list '(int, const char [5])'
3>C:\Users\ShadowEvil\source\repos2\New folder\HelbreathServer\Sources\Server\Game.cpp(4000,6): error C2664: 'void CGame::RequestTeleportHandler(int,char *,char *,int,int)': cannot convert argument 2 from 'const char [5]' to 'char *'
3>      C:\Users\ShadowEvil\source\repos2\New folder\HelbreathServer\Sources\Server\Game.cpp(4000,32):
3>      Conversion from string literal loses const qualifier (see /Zc:strictStrings)
3>      C:\Users\ShadowEvil\source\repos2\New folder\HelbreathServer\Sources\Server\Game.h(701,7):
3>      see declaration of 'CGame::RequestTeleportHandler'
3>      C:\Users\ShadowEvil\source\repos2\New folder\HelbreathServer\Sources\Server\Game.cpp(4000,6):
3>      while trying to match the argument list '(int, const char [5])'
3>C:\Users\ShadowEvil\source\repos2\New folder\HelbreathServer\Sources\Server\Game.cpp(4011,8): error C2664: 'void CGame::RequestTeleportHandler(int,char *,char *,int,int)': cannot convert argument 2 from 'const char [5]' to 'char *'
3>      C:\Users\ShadowEvil\source\repos2\New folder\HelbreathServer\Sources\Server\Game.cpp(4011,34):
3>      Conversion from string literal loses const qualifier (see /Zc:strictStrings)
3>      C:\Users\ShadowEvil\source\repos2\New folder\HelbreathServer\Sources\Server\Game.h(701,7):
3>      see declaration of 'CGame::RequestTeleportHandler'
3>      C:\Users\ShadowEvil\source\repos2\New folder\HelbreathServer\Sources\Server\Game.cpp(4011,8):
3>      while trying to match the argument list '(int, const char [5], const char [8], int, int)'
3>C:\Users\ShadowEvil\source\repos2\New folder\HelbreathServer\Sources\Server\Game.cpp(4015,8): error C2664: 'void CGame::RequestTeleportHandler(int,char *,char *,int,int)': cannot convert argument 2 from 'const char [5]' to 'char *'
3>      C:\Users\ShadowEvil\source\repos2\New folder\HelbreathServer\Sources\Server\Game.cpp(4015,34):
3>      Conversion from string literal loses const qualifier (see /Zc:strictStrings)
3>      C:\Users\ShadowEvil\source\repos2\New folder\HelbreathServer\Sources\Server\Game.h(701,7):
3>      see declaration of 'CGame::RequestTeleportHandler'
3>      C:\Users\ShadowEvil\source\repos2\New folder\HelbreathServer\Sources\Server\Game.cpp(4015,8):
3>      while trying to match the argument list '(int, const char [5], const char [7], int, int)'
3>C:\Users\ShadowEvil\source\repos2\New folder\HelbreathServer\Sources\Server\Game.cpp(4026,6): error C2664: 'int wsprintfW(LPWSTR,LPCWSTR,...)': cannot convert argument 1 from 'char [512]' to 'LPWSTR'
3>      C:\Users\ShadowEvil\source\repos2\New folder\HelbreathServer\Sources\Server\Game.cpp(4026,15):
3>      Types pointed to are unrelated; conversion requires reinterpret_cast, C-style cast or parenthesized function-style cast
3>      C:\Program Files (x86)\Windows Kits\10\Include\10.0.26100.0\um\winuser.h(333,1):
3>      see declaration of 'wsprintfW'
3>      C:\Users\ShadowEvil\source\repos2\New folder\HelbreathServer\Sources\Server\Game.cpp(4026,6):
3>      while trying to match the argument list '(char [512], const char [79], char [21], char [11])'
3>C:\Users\ShadowEvil\source\repos2\New folder\HelbreathServer\Sources\Server\Game.cpp(4035,9): error C2664: 'void CGame::RequestTeleportHandler(int,char *,char *,int,int)': cannot convert argument 2 from 'const char [5]' to 'char *'
3>      C:\Users\ShadowEvil\source\repos2\New folder\HelbreathServer\Sources\Server\Game.cpp(4035,35):
3>      Conversion from string literal loses const qualifier (see /Zc:strictStrings)
3>      C:\Users\ShadowEvil\source\repos2\New folder\HelbreathServer\Sources\Server\Game.h(701,7):
3>      see declaration of 'CGame::RequestTeleportHandler'
3>      C:\Users\ShadowEvil\source\repos2\New folder\HelbreathServer\Sources\Server\Game.cpp(4035,9):
3>      while trying to match the argument list '(int, const char [5])'
3>C:\Users\ShadowEvil\source\repos2\New folder\HelbreathServer\Sources\Server\Game.cpp(4064,6): error C2664: 'void CGame::RequestTeleportHandler(int,char *,char *,int,int)': cannot convert argument 2 from 'const char [5]' to 'char *'
3>      C:\Users\ShadowEvil\source\repos2\New folder\HelbreathServer\Sources\Server\Game.cpp(4064,32):
3>      Conversion from string literal loses const qualifier (see /Zc:strictStrings)
3>      C:\Users\ShadowEvil\source\repos2\New folder\HelbreathServer\Sources\Server\Game.h(701,7):
3>      see declaration of 'CGame::RequestTeleportHandler'
3>      C:\Users\ShadowEvil\source\repos2\New folder\HelbreathServer\Sources\Server\Game.cpp(4064,6):
3>      while trying to match the argument list '(int, const char [5])'
3>C:\Users\ShadowEvil\source\repos2\New folder\HelbreathServer\Sources\Server\Game.cpp(4081,8): error C2664: 'void CGame::RequestTeleportHandler(int,char *,char *,int,int)': cannot convert argument 2 from 'const char [5]' to 'char *'
3>      C:\Users\ShadowEvil\source\repos2\New folder\HelbreathServer\Sources\Server\Game.cpp(4081,34):
3>      Conversion from string literal loses const qualifier (see /Zc:strictStrings)
3>      C:\Users\ShadowEvil\source\repos2\New folder\HelbreathServer\Sources\Server\Game.h(701,7):
3>      see declaration of 'CGame::RequestTeleportHandler'
3>      C:\Users\ShadowEvil\source\repos2\New folder\HelbreathServer\Sources\Server\Game.cpp(4081,8):
3>      while trying to match the argument list '(int, const char [5], const char [11], int, int)'
3>C:\Users\ShadowEvil\source\repos2\New folder\HelbreathServer\Sources\Server\Game.cpp(4088,6): error C2664: 'void CGame::RequestTeleportHandler(int,char *,char *,int,int)': cannot convert argument 2 from 'const char [5]' to 'char *'
3>      C:\Users\ShadowEvil\source\repos2\New folder\HelbreathServer\Sources\Server\Game.cpp(4088,32):
3>      Conversion from string literal loses const qualifier (see /Zc:strictStrings)
3>      C:\Users\ShadowEvil\source\repos2\New folder\HelbreathServer\Sources\Server\Game.h(701,7):
3>      see declaration of 'CGame::RequestTeleportHandler'
3>      C:\Users\ShadowEvil\source\repos2\New folder\HelbreathServer\Sources\Server\Game.cpp(4088,6):
3>      while trying to match the argument list '(int, const char [5])'
3>C:\Users\ShadowEvil\source\repos2\New folder\HelbreathServer\Sources\Server\Game.cpp(4095,6): error C2664: 'void CGame::RequestTeleportHandler(int,char *,char *,int,int)': cannot convert argument 2 from 'const char [5]' to 'char *'
3>      C:\Users\ShadowEvil\source\repos2\New folder\HelbreathServer\Sources\Server\Game.cpp(4095,32):
3>      Conversion from string literal loses const qualifier (see /Zc:strictStrings)
3>      C:\Users\ShadowEvil\source\repos2\New folder\HelbreathServer\Sources\Server\Game.h(701,7):
3>      see declaration of 'CGame::RequestTeleportHandler'
3>      C:\Users\ShadowEvil\source\repos2\New folder\HelbreathServer\Sources\Server\Game.cpp(4095,6):
3>      while trying to match the argument list '(int, const char [5])'
3>C:\Users\ShadowEvil\source\repos2\New folder\HelbreathServer\Sources\Server\Game.cpp(4103,6): error C2664: 'void CGame::RequestTeleportHandler(int,char *,char *,int,int)': cannot convert argument 2 from 'const char [5]' to 'char *'
3>      C:\Users\ShadowEvil\source\repos2\New folder\HelbreathServer\Sources\Server\Game.cpp(4103,32):
3>      Conversion from string literal loses const qualifier (see /Zc:strictStrings)
3>      C:\Users\ShadowEvil\source\repos2\New folder\HelbreathServer\Sources\Server\Game.h(701,7):
3>      see declaration of 'CGame::RequestTeleportHandler'
3>      C:\Users\ShadowEvil\source\repos2\New folder\HelbreathServer\Sources\Server\Game.cpp(4103,6):
3>      while trying to match the argument list '(int, const char [5])'
3>C:\Users\ShadowEvil\source\repos2\New folder\HelbreathServer\Sources\Server\Game.cpp(4112,7): error C2664: 'void CGame::RequestTeleportHandler(int,char *,char *,int,int)': cannot convert argument 2 from 'const char [5]' to 'char *'
3>      C:\Users\ShadowEvil\source\repos2\New folder\HelbreathServer\Sources\Server\Game.cpp(4112,33):
3>      Conversion from string literal loses const qualifier (see /Zc:strictStrings)
3>      C:\Users\ShadowEvil\source\repos2\New folder\HelbreathServer\Sources\Server\Game.h(701,7):
3>      see declaration of 'CGame::RequestTeleportHandler'
3>      C:\Users\ShadowEvil\source\repos2\New folder\HelbreathServer\Sources\Server\Game.cpp(4112,7):
3>      while trying to match the argument list '(int, const char [5])'
3>C:\Users\ShadowEvil\source\repos2\New folder\HelbreathServer\Sources\Server\Game.cpp(4193,3): error C2664: 'void PutLogList(char *)': cannot convert argument 1 from 'const char [44]' to 'char *'
3>      C:\Users\ShadowEvil\source\repos2\New folder\HelbreathServer\Sources\Server\Game.cpp(4193,14):
3>      Conversion from string literal loses const qualifier (see /Zc:strictStrings)
3>      C:\Users\ShadowEvil\source\repos2\New folder\HelbreathServer\Sources\Server\winmain.h(11,6):
3>      see declaration of 'PutLogList'
3>      C:\Users\ShadowEvil\source\repos2\New folder\HelbreathServer\Sources\Server\Game.cpp(4193,3):
3>      while trying to match the argument list '(const char [44])'
3>C:\Users\ShadowEvil\source\repos2\New folder\HelbreathServer\Sources\Server\Game.cpp(4697,3): error C2664: 'int wsprintfW(LPWSTR,LPCWSTR,...)': cannot convert argument 1 from 'char [112]' to 'LPWSTR'
3>      C:\Users\ShadowEvil\source\repos2\New folder\HelbreathServer\Sources\Server\Game.cpp(4697,12):
3>      Types pointed to are unrelated; conversion requires reinterpret_cast, C-style cast or parenthesized function-style cast
3>      C:\Program Files (x86)\Windows Kits\10\Include\10.0.26100.0\um\winuser.h(333,1):
3>      see declaration of 'wsprintfW'
3>      C:\Users\ShadowEvil\source\repos2\New folder\HelbreathServer\Sources\Server\Game.cpp(4697,3):
3>      while trying to match the argument list '(char [112], const char [32], WORD, WORD, WORD)'
3>C:\Users\ShadowEvil\source\repos2\New folder\HelbreathServer\Sources\Server\Game.cpp(4704,3): error C2664: 'int wsprintfW(LPWSTR,LPCWSTR,...)': cannot convert argument 1 from 'char [112]' to 'LPWSTR'
3>      C:\Users\ShadowEvil\source\repos2\New folder\HelbreathServer\Sources\Server\Game.cpp(4704,12):
3>      Types pointed to are unrelated; conversion requires reinterpret_cast, C-style cast or parenthesized function-style cast
3>      C:\Program Files (x86)\Windows Kits\10\Include\10.0.26100.0\um\winuser.h(333,1):
3>      see declaration of 'wsprintfW'
3>      C:\Users\ShadowEvil\source\repos2\New folder\HelbreathServer\Sources\Server\Game.cpp(4704,3):
3>      while trying to match the argument list '(char [112], const char [30], WORD, WORD, WORD)'
3>C:\Users\ShadowEvil\source\repos2\New folder\HelbreathServer\Sources\Server\Game.cpp(4769,5): error C2664: 'int wsprintfW(LPWSTR,LPCWSTR,...)': cannot convert argument 1 from 'char [512]' to 'LPWSTR'
3>      C:\Users\ShadowEvil\source\repos2\New folder\HelbreathServer\Sources\Server\Game.cpp(4769,14):
3>      Types pointed to are unrelated; conversion requires reinterpret_cast, C-style cast or parenthesized function-style cast
3>      C:\Program Files (x86)\Windows Kits\10\Include\10.0.26100.0\um\winuser.h(333,1):
3>      see declaration of 'wsprintfW'
3>      C:\Users\ShadowEvil\source\repos2\New folder\HelbreathServer\Sources\Server\Game.cpp(4769,5):
3>      while trying to match the argument list '(char [512], const char [59], char [11])'
3>C:\Users\ShadowEvil\source\repos2\New folder\HelbreathServer\Sources\Server\Game.cpp(4784,2): error C2664: 'int wsprintfW(LPWSTR,LPCWSTR,...)': cannot convert argument 1 from 'char [120]' to 'LPWSTR'
3>      C:\Users\ShadowEvil\source\repos2\New folder\HelbreathServer\Sources\Server\Game.cpp(4784,11):
3>      Types pointed to are unrelated; conversion requires reinterpret_cast, C-style cast or parenthesized function-style cast
3>      C:\Program Files (x86)\Windows Kits\10\Include\10.0.26100.0\um\winuser.h(333,1):
3>      see declaration of 'wsprintfW'
3>      C:\Users\ShadowEvil\source\repos2\New folder\HelbreathServer\Sources\Server\Game.cpp(4784,2):
3>      while trying to match the argument list '(char [120], const char [67], char [11])'
3>C:\Users\ShadowEvil\source\repos2\New folder\HelbreathServer\Sources\Server\Game.cpp(4821,2): error C2664: 'int wsprintfW(LPWSTR,LPCWSTR,...)': cannot convert argument 1 from 'char [112]' to 'LPWSTR'
3>      C:\Users\ShadowEvil\source\repos2\New folder\HelbreathServer\Sources\Server\Game.cpp(4821,11):
3>      Types pointed to are unrelated; conversion requires reinterpret_cast, C-style cast or parenthesized function-style cast
3>      C:\Program Files (x86)\Windows Kits\10\Include\10.0.26100.0\um\winuser.h(333,1):
3>      see declaration of 'wsprintfW'
3>      C:\Users\ShadowEvil\source\repos2\New folder\HelbreathServer\Sources\Server\Game.cpp(4821,2):
3>      while trying to match the argument list '(char [112], const char [8], char)'
3>C:\Users\ShadowEvil\source\repos2\New folder\HelbreathServer\Sources\Server\Game.cpp(4830,3): error C2664: 'int wsprintfW(LPWSTR,LPCWSTR,...)': cannot convert argument 1 from 'char [512]' to 'LPWSTR'
3>      C:\Users\ShadowEvil\source\repos2\New folder\HelbreathServer\Sources\Server\Game.cpp(4830,12):
3>      Types pointed to are unrelated; conversion requires reinterpret_cast, C-style cast or parenthesized function-style cast
3>      C:\Program Files (x86)\Windows Kits\10\Include\10.0.26100.0\um\winuser.h(333,1):
3>      see declaration of 'wsprintfW'
3>      C:\Users\ShadowEvil\source\repos2\New folder\HelbreathServer\Sources\Server\Game.cpp(4830,3):
3>      while trying to match the argument list '(char [512], const char [34], char [11])'
3>C:\Users\ShadowEvil\source\repos2\New folder\HelbreathServer\Sources\Server\Game.cpp(4873,4): error C2664: 'int wsprintfW(LPWSTR,LPCWSTR,...)': cannot convert argument 1 from 'char [512]' to 'LPWSTR'
3>      C:\Users\ShadowEvil\source\repos2\New folder\HelbreathServer\Sources\Server\Game.cpp(4873,13):
3>      Types pointed to are unrelated; conversion requires reinterpret_cast, C-style cast or parenthesized function-style cast
3>      C:\Program Files (x86)\Windows Kits\10\Include\10.0.26100.0\um\winuser.h(333,1):
3>      see declaration of 'wsprintfW'
3>      C:\Users\ShadowEvil\source\repos2\New folder\HelbreathServer\Sources\Server\Game.cpp(4873,4):
3>      while trying to match the argument list '(char [512], const char [77], char [21], char [11], int)'
3>C:\Users\ShadowEvil\source\repos2\New folder\HelbreathServer\Sources\Server\Game.cpp(4891,3): error C2664: 'int wsprintfW(LPWSTR,LPCWSTR,...)': cannot convert argument 1 from 'char [112]' to 'LPWSTR'
3>      C:\Users\ShadowEvil\source\repos2\New folder\HelbreathServer\Sources\Server\Game.cpp(4891,12):
3>      Types pointed to are unrelated; conversion requires reinterpret_cast, C-style cast or parenthesized function-style cast
3>      C:\Program Files (x86)\Windows Kits\10\Include\10.0.26100.0\um\winuser.h(333,1):
3>      see declaration of 'wsprintfW'
3>      C:\Users\ShadowEvil\source\repos2\New folder\HelbreathServer\Sources\Server\Game.cpp(4891,3):
3>      while trying to match the argument list '(char [112], const char [22], char, char [21])'
3>C:\Users\ShadowEvil\source\repos2\New folder\HelbreathServer\Sources\Server\Game.cpp(4892,19): error C2664: 'HANDLE CreateFileW(LPCWSTR,DWORD,DWORD,LPSECURITY_ATTRIBUTES,DWORD,DWORD,HANDLE)': cannot convert argument 1 from 'char [112]' to 'LPCWSTR'
3>      C:\Users\ShadowEvil\source\repos2\New folder\HelbreathServer\Sources\Server\Game.cpp(4892,30):
3>      Types pointed to are unrelated; conversion requires reinterpret_cast, C-style cast or parenthesized function-style cast
3>      C:\Program Files (x86)\Windows Kits\10\Include\10.0.26100.0\um\fileapi.h(93,1):
3>      see declaration of 'CreateFileW'
3>      C:\Users\ShadowEvil\source\repos2\New folder\HelbreathServer\Sources\Server\Game.cpp(4892,19):
3>      while trying to match the argument list '(char [112], unsigned long, int, int, int, int, int)'
3>C:\Users\ShadowEvil\source\repos2\New folder\HelbreathServer\Sources\Server\Game.cpp(4916,3): error C2664: 'int wsprintfW(LPWSTR,LPCWSTR,...)': cannot convert argument 1 from 'char [256]' to 'LPWSTR'
3>      C:\Users\ShadowEvil\source\repos2\New folder\HelbreathServer\Sources\Server\Game.cpp(4916,12):
3>      Types pointed to are unrelated; conversion requires reinterpret_cast, C-style cast or parenthesized function-style cast
3>      C:\Program Files (x86)\Windows Kits\10\Include\10.0.26100.0\um\winuser.h(333,1):
3>      see declaration of 'wsprintfW'
3>      C:\Users\ShadowEvil\source\repos2\New folder\HelbreathServer\Sources\Server\Game.cpp(4916,3):
3>      while trying to match the argument list '(char [256], const char [56], int)'
4>C:\Users\ShadowEvil\source\repos2\New folder\HelbreathServer\Sources\Client\Game.cpp(51,6): error C2664: 'LSTATUS RegCreateKeyExW(HKEY,LPCWSTR,DWORD,LPWSTR,DWORD,REGSAM,const LPSECURITY_ATTRIBUTES,PHKEY,LPDWORD)': cannot convert argument 2 from 'const char [39]' to 'LPCWSTR'
4>      C:\Users\ShadowEvil\source\repos2\New folder\HelbreathServer\Sources\Client\Game.cpp(51,41):
4>      Types pointed to are unrelated; conversion requires reinterpret_cast, C-style cast or parenthesized function-style cast
4>      C:\Program Files (x86)\Windows Kits\10\Include\10.0.26100.0\um\winreg.h(392,1):
4>      see declaration of 'RegCreateKeyExW'
4>      C:\Users\ShadowEvil\source\repos2\New folder\HelbreathServer\Sources\Client\Game.cpp(51,6):
4>      while trying to match the argument list '(HKEY, const char [39], int, int, long, long, int, HKEY *, DWORD *)'
4>C:\Users\ShadowEvil\source\repos2\New folder\HelbreathServer\Sources\Client\Game.cpp(53,6): error C2664: 'LSTATUS RegQueryValueExW(HKEY,LPCWSTR,LPDWORD,LPDWORD,LPBYTE,LPDWORD)': cannot convert argument 2 from 'const char [6]' to 'LPCWSTR'
4>      C:\Users\ShadowEvil\source\repos2\New folder\HelbreathServer\Sources\Client\Game.cpp(53,27):
4>      Types pointed to are unrelated; conversion requires reinterpret_cast, C-style cast or parenthesized function-style cast
4>      C:\Program Files (x86)\Windows Kits\10\Include\10.0.26100.0\um\winreg.h(969,1):
4>      see declaration of 'RegQueryValueExW'
4>      C:\Users\ShadowEvil\source\repos2\New folder\HelbreathServer\Sources\Client\Game.cpp(53,6):
4>      while trying to match the argument list '(HKEY, const char [6], int, int, LPBYTE, DWORD *)'
4>C:\Users\ShadowEvil\source\repos2\New folder\HelbreathServer\Sources\Client\Game.cpp(60,6): error C2664: 'LSTATUS RegQueryValueExW(HKEY,LPCWSTR,LPDWORD,LPDWORD,LPBYTE,LPDWORD)': cannot convert argument 2 from 'const char [10]' to 'LPCWSTR'
4>      C:\Users\ShadowEvil\source\repos2\New folder\HelbreathServer\Sources\Client\Game.cpp(60,27):
4>      Types pointed to are unrelated; conversion requires reinterpret_cast, C-style cast or parenthesized function-style cast
4>      C:\Program Files (x86)\Windows Kits\10\Include\10.0.26100.0\um\winreg.h(969,1):
4>      see declaration of 'RegQueryValueExW'
4>      C:\Users\ShadowEvil\source\repos2\New folder\HelbreathServer\Sources\Client\Game.cpp(60,6):
4>      while trying to match the argument list '(HKEY, const char [10], int, int, LPBYTE, DWORD *)'
4>C:\Users\ShadowEvil\source\repos2\New folder\HelbreathServer\Sources\Client\Game.cpp(67,6): error C2664: 'LSTATUS RegQueryValueExW(HKEY,LPCWSTR,LPDWORD,LPDWORD,LPBYTE,LPDWORD)': cannot convert argument 2 from 'const char [10]' to 'LPCWSTR'
4>      C:\Users\ShadowEvil\source\repos2\New folder\HelbreathServer\Sources\Client\Game.cpp(67,27):
4>      Types pointed to are unrelated; conversion requires reinterpret_cast, C-style cast or parenthesized function-style cast
4>      C:\Program Files (x86)\Windows Kits\10\Include\10.0.26100.0\um\winreg.h(969,1):
4>      see declaration of 'RegQueryValueExW'
4>      C:\Users\ShadowEvil\source\repos2\New folder\HelbreathServer\Sources\Client\Game.cpp(67,6):
4>      while trying to match the argument list '(HKEY, const char [10], int, int, LPBYTE, DWORD *)'
4>C:\Users\ShadowEvil\source\repos2\New folder\HelbreathServer\Sources\Client\Game.cpp(74,6): error C2664: 'LSTATUS RegQueryValueExW(HKEY,LPCWSTR,LPDWORD,LPDWORD,LPBYTE,LPDWORD)': cannot convert argument 2 from 'const char [10]' to 'LPCWSTR'
4>      C:\Users\ShadowEvil\source\repos2\New folder\HelbreathServer\Sources\Client\Game.cpp(74,27):
4>      Types pointed to are unrelated; conversion requires reinterpret_cast, C-style cast or parenthesized function-style cast
4>      C:\Program Files (x86)\Windows Kits\10\Include\10.0.26100.0\um\winreg.h(969,1):
4>      see declaration of 'RegQueryValueExW'
4>      C:\Users\ShadowEvil\source\repos2\New folder\HelbreathServer\Sources\Client\Game.cpp(74,6):
4>      while trying to match the argument list '(HKEY, const char [10], int, int, LPBYTE, DWORD *)'
4>C:\Users\ShadowEvil\source\repos2\New folder\HelbreathServer\Sources\Client\Game.cpp(81,6): error C2664: 'LSTATUS RegQueryValueExW(HKEY,LPCWSTR,LPDWORD,LPDWORD,LPBYTE,LPDWORD)': cannot convert argument 2 from 'const char [10]' to 'LPCWSTR'
4>      C:\Users\ShadowEvil\source\repos2\New folder\HelbreathServer\Sources\Client\Game.cpp(81,27):
4>      Types pointed to are unrelated; conversion requires reinterpret_cast, C-style cast or parenthesized function-style cast
4>      C:\Program Files (x86)\Windows Kits\10\Include\10.0.26100.0\um\winreg.h(969,1):
4>      see declaration of 'RegQueryValueExW'
4>      C:\Users\ShadowEvil\source\repos2\New folder\HelbreathServer\Sources\Client\Game.cpp(81,6):
4>      while trying to match the argument list '(HKEY, const char [10], int, int, LPBYTE, DWORD *)'
4>C:\Users\ShadowEvil\source\repos2\New folder\HelbreathServer\Sources\Client\Game.cpp(88,6): error C2664: 'LSTATUS RegQueryValueExW(HKEY,LPCWSTR,LPDWORD,LPDWORD,LPBYTE,LPDWORD)': cannot convert argument 2 from 'const char [10]' to 'LPCWSTR'
4>      C:\Users\ShadowEvil\source\repos2\New folder\HelbreathServer\Sources\Client\Game.cpp(88,27):
4>      Types pointed to are unrelated; conversion requires reinterpret_cast, C-style cast or parenthesized function-style cast
4>      C:\Program Files (x86)\Windows Kits\10\Include\10.0.26100.0\um\winreg.h(969,1):
4>      see declaration of 'RegQueryValueExW'
4>      C:\Users\ShadowEvil\source\repos2\New folder\HelbreathServer\Sources\Client\Game.cpp(88,6):
4>      while trying to match the argument list '(HKEY, const char [10], int, int, LPBYTE, DWORD *)'
4>C:\Users\ShadowEvil\source\repos2\New folder\HelbreathServer\Sources\Client\Game.cpp(102,6): error C2664: 'LSTATUS RegCreateKeyExW(HKEY,LPCWSTR,DWORD,LPWSTR,DWORD,REGSAM,const LPSECURITY_ATTRIBUTES,PHKEY,LPDWORD)': cannot convert argument 2 from 'const char [39]' to 'LPCWSTR'
4>      C:\Users\ShadowEvil\source\repos2\New folder\HelbreathServer\Sources\Client\Game.cpp(102,41):
4>      Types pointed to are unrelated; conversion requires reinterpret_cast, C-style cast or parenthesized function-style cast
4>      C:\Program Files (x86)\Windows Kits\10\Include\10.0.26100.0\um\winreg.h(392,1):
4>      see declaration of 'RegCreateKeyExW'
4>      C:\Users\ShadowEvil\source\repos2\New folder\HelbreathServer\Sources\Client\Game.cpp(102,6):
4>      while trying to match the argument list '(HKEY, const char [39], int, int, long, long, int, HKEY *, DWORD *)'
4>C:\Users\ShadowEvil\source\repos2\New folder\HelbreathServer\Sources\Client\Game.cpp(106,6): error C2664: 'LSTATUS RegSetValueExW(HKEY,LPCWSTR,DWORD,DWORD,const BYTE *,DWORD)': cannot convert argument 2 from 'const char [6]' to 'LPCWSTR'
4>      C:\Users\ShadowEvil\source\repos2\New folder\HelbreathServer\Sources\Client\Game.cpp(106,25):
4>      Types pointed to are unrelated; conversion requires reinterpret_cast, C-style cast or parenthesized function-style cast
4>      C:\Program Files (x86)\Windows Kits\10\Include\10.0.26100.0\um\winreg.h(1141,1):
4>      see declaration of 'RegSetValueExW'
4>      C:\Users\ShadowEvil\source\repos2\New folder\HelbreathServer\Sources\Client\Game.cpp(106,6):
4>      while trying to match the argument list '(HKEY, const char [6], int, unsigned long, LPBYTE, unsigned int)'
4>C:\Users\ShadowEvil\source\repos2\New folder\HelbreathServer\Sources\Client\Game.cpp(113,6): error C2664: 'LSTATUS RegSetValueExW(HKEY,LPCWSTR,DWORD,DWORD,const BYTE *,DWORD)': cannot convert argument 2 from 'const char [10]' to 'LPCWSTR'
4>      C:\Users\ShadowEvil\source\repos2\New folder\HelbreathServer\Sources\Client\Game.cpp(113,25):
4>      Types pointed to are unrelated; conversion requires reinterpret_cast, C-style cast or parenthesized function-style cast
4>      C:\Program Files (x86)\Windows Kits\10\Include\10.0.26100.0\um\winreg.h(1141,1):
4>      see declaration of 'RegSetValueExW'
4>      C:\Users\ShadowEvil\source\repos2\New folder\HelbreathServer\Sources\Client\Game.cpp(113,6):
4>      while trying to match the argument list '(HKEY, const char [10], int, unsigned long, LPBYTE, unsigned int)'
4>C:\Users\ShadowEvil\source\repos2\New folder\HelbreathServer\Sources\Client\Game.cpp(120,6): error C2664: 'LSTATUS RegSetValueExW(HKEY,LPCWSTR,DWORD,DWORD,const BYTE *,DWORD)': cannot convert argument 2 from 'const char [10]' to 'LPCWSTR'
4>      C:\Users\ShadowEvil\source\repos2\New folder\HelbreathServer\Sources\Client\Game.cpp(120,25):
4>      Types pointed to are unrelated; conversion requires reinterpret_cast, C-style cast or parenthesized function-style cast
4>      C:\Program Files (x86)\Windows Kits\10\Include\10.0.26100.0\um\winreg.h(1141,1):
4>      see declaration of 'RegSetValueExW'
4>      C:\Users\ShadowEvil\source\repos2\New folder\HelbreathServer\Sources\Client\Game.cpp(120,6):
4>      while trying to match the argument list '(HKEY, const char [10], int, unsigned long, LPBYTE, unsigned int)'
4>C:\Users\ShadowEvil\source\repos2\New folder\HelbreathServer\Sources\Client\Game.cpp(127,6): error C2664: 'LSTATUS RegSetValueExW(HKEY,LPCWSTR,DWORD,DWORD,const BYTE *,DWORD)': cannot convert argument 2 from 'const char [10]' to 'LPCWSTR'
4>      C:\Users\ShadowEvil\source\repos2\New folder\HelbreathServer\Sources\Client\Game.cpp(127,25):
4>      Types pointed to are unrelated; conversion requires reinterpret_cast, C-style cast or parenthesized function-style cast
4>      C:\Program Files (x86)\Windows Kits\10\Include\10.0.26100.0\um\winreg.h(1141,1):
4>      see declaration of 'RegSetValueExW'
4>      C:\Users\ShadowEvil\source\repos2\New folder\HelbreathServer\Sources\Client\Game.cpp(127,6):
4>      while trying to match the argument list '(HKEY, const char [10], int, unsigned long, LPBYTE, unsigned int)'
4>C:\Users\ShadowEvil\source\repos2\New folder\HelbreathServer\Sources\Client\Game.cpp(134,6): error C2664: 'LSTATUS RegSetValueExW(HKEY,LPCWSTR,DWORD,DWORD,const BYTE *,DWORD)': cannot convert argument 2 from 'const char [10]' to 'LPCWSTR'
4>      C:\Users\ShadowEvil\source\repos2\New folder\HelbreathServer\Sources\Client\Game.cpp(134,25):
4>      Types pointed to are unrelated; conversion requires reinterpret_cast, C-style cast or parenthesized function-style cast
4>      C:\Program Files (x86)\Windows Kits\10\Include\10.0.26100.0\um\winreg.h(1141,1):
4>      see declaration of 'RegSetValueExW'
4>      C:\Users\ShadowEvil\source\repos2\New folder\HelbreathServer\Sources\Client\Game.cpp(134,6):
4>      while trying to match the argument list '(HKEY, const char [10], int, unsigned long, LPBYTE, unsigned int)'
4>C:\Users\ShadowEvil\source\repos2\New folder\HelbreathServer\Sources\Client\Game.cpp(141,6): error C2664: 'LSTATUS RegSetValueExW(HKEY,LPCWSTR,DWORD,DWORD,const BYTE *,DWORD)': cannot convert argument 2 from 'const char [10]' to 'LPCWSTR'
4>      C:\Users\ShadowEvil\source\repos2\New folder\HelbreathServer\Sources\Client\Game.cpp(141,25):
4>      Types pointed to are unrelated; conversion requires reinterpret_cast, C-style cast or parenthesized function-style cast
4>      C:\Program Files (x86)\Windows Kits\10\Include\10.0.26100.0\um\winreg.h(1141,1):
4>      see declaration of 'RegSetValueExW'
4>      C:\Users\ShadowEvil\source\repos2\New folder\HelbreathServer\Sources\Client\Game.cpp(141,6):
4>      while trying to match the argument list '(HKEY, const char [10], int, unsigned long, LPBYTE, unsigned int)'
4>C:\Users\ShadowEvil\source\repos2\New folder\HelbreathServer\Sources\Client\Game.cpp(616,4): error C2664: 'int MessageBoxW(HWND,LPCWSTR,LPCWSTR,UINT)': cannot convert argument 2 from 'const char [46]' to 'LPCWSTR'
4>      C:\Users\ShadowEvil\source\repos2\New folder\HelbreathServer\Sources\Client\Game.cpp(616,23):
4>      Types pointed to are unrelated; conversion requires reinterpret_cast, C-style cast or parenthesized function-style cast
4>      C:\Program Files (x86)\Windows Kits\10\Include\10.0.26100.0\um\winuser.h(9238,1):
4>      see declaration of 'MessageBoxW'
4>      C:\Users\ShadowEvil\source\repos2\New folder\HelbreathServer\Sources\Client\Game.cpp(616,4):
4>      while trying to match the argument list '(HWND, const char [46], const char [7], long)'
4>C:\Users\ShadowEvil\source\repos2\New folder\HelbreathServer\Sources\Client\Game.cpp(621,4): error C2664: 'int MessageBoxW(HWND,LPCWSTR,LPCWSTR,UINT)': cannot convert argument 2 from 'const char [46]' to 'LPCWSTR'
4>      C:\Users\ShadowEvil\source\repos2\New folder\HelbreathServer\Sources\Client\Game.cpp(621,23):
4>      Types pointed to are unrelated; conversion requires reinterpret_cast, C-style cast or parenthesized function-style cast
4>      C:\Program Files (x86)\Windows Kits\10\Include\10.0.26100.0\um\winuser.h(9238,1):
4>      see declaration of 'MessageBoxW'
4>      C:\Users\ShadowEvil\source\repos2\New folder\HelbreathServer\Sources\Client\Game.cpp(621,4):
4>      while trying to match the argument list '(HWND, const char [46], const char [7], long)'
4>C:\Users\ShadowEvil\source\repos2\New folder\HelbreathServer\Sources\Client\Game.cpp(625,5): error C2664: 'bool CGame::bReadLoginConfigFile(char *)': cannot convert argument 1 from 'const char [19]' to 'char *'
4>      C:\Users\ShadowEvil\source\repos2\New folder\HelbreathServer\Sources\Client\Game.cpp(625,26):
4>      Conversion from string literal loses const qualifier (see /Zc:strictStrings)
4>      C:\Users\ShadowEvil\source\repos2\New folder\HelbreathServer\Sources\Client\Game.h(698,7):
4>      see declaration of 'CGame::bReadLoginConfigFile'
4>      C:\Users\ShadowEvil\source\repos2\New folder\HelbreathServer\Sources\Client\Game.cpp(625,5):
4>      while trying to match the argument list '(const char [19])'
4>C:\Users\ShadowEvil\source\repos2\New folder\HelbreathServer\Sources\Client\Game.cpp(626,4): error C2664: 'int MessageBoxW(HWND,LPCWSTR,LPCWSTR,UINT)': cannot convert argument 2 from 'const char [42]' to 'LPCWSTR'
4>      C:\Users\ShadowEvil\source\repos2\New folder\HelbreathServer\Sources\Client\Game.cpp(626,23):
4>      Types pointed to are unrelated; conversion requires reinterpret_cast, C-style cast or parenthesized function-style cast
4>      C:\Program Files (x86)\Windows Kits\10\Include\10.0.26100.0\um\winuser.h(9238,1):
4>      see declaration of 'MessageBoxW'
4>      C:\Users\ShadowEvil\source\repos2\New folder\HelbreathServer\Sources\Client\Game.cpp(626,4):
4>      while trying to match the argument list '(HWND, const char [42], const char [6], long)'
4>C:\Users\ShadowEvil\source\repos2\New folder\HelbreathServer\Sources\Client\Game.cpp(633,4): error C2664: 'int MessageBoxW(HWND,LPCWSTR,LPCWSTR,UINT)': cannot convert argument 2 from 'const char [45]' to 'LPCWSTR'
4>      C:\Users\ShadowEvil\source\repos2\New folder\HelbreathServer\Sources\Client\Game.cpp(633,23):
4>      Types pointed to are unrelated; conversion requires reinterpret_cast, C-style cast or parenthesized function-style cast
4>      C:\Program Files (x86)\Windows Kits\10\Include\10.0.26100.0\um\winuser.h(9238,1):
4>      see declaration of 'MessageBoxW'
4>      C:\Users\ShadowEvil\source\repos2\New folder\HelbreathServer\Sources\Client\Game.cpp(633,4):
4>      while trying to match the argument list '(HWND, const char [45], const char [6], long)'
4>C:\Users\ShadowEvil\source\repos2\New folder\HelbreathServer\Sources\Client\Game.cpp(638,3): error C2664: 'int MessageBoxW(HWND,LPCWSTR,LPCWSTR,UINT)': cannot convert argument 2 from 'const char [45]' to 'LPCWSTR'
4>      C:\Users\ShadowEvil\source\repos2\New folder\HelbreathServer\Sources\Client\Game.cpp(638,22):
4>      Types pointed to are unrelated; conversion requires reinterpret_cast, C-style cast or parenthesized function-style cast
4>      C:\Program Files (x86)\Windows Kits\10\Include\10.0.26100.0\um\winuser.h(9238,1):
4>      see declaration of 'MessageBoxW'
4>      C:\Users\ShadowEvil\source\repos2\New folder\HelbreathServer\Sources\Client\Game.cpp(638,3):
4>      while trying to match the argument list '(HWND, const char [45], const char [6], long)'
4>C:\Users\ShadowEvil\source\repos2\New folder\HelbreathServer\Sources\Client\Game.cpp(643,4): error C2664: 'int MessageBoxW(HWND,LPCWSTR,LPCWSTR,UINT)': cannot convert argument 2 from 'const char [45]' to 'LPCWSTR'
4>      C:\Users\ShadowEvil\source\repos2\New folder\HelbreathServer\Sources\Client\Game.cpp(643,23):
4>      Types pointed to are unrelated; conversion requires reinterpret_cast, C-style cast or parenthesized function-style cast
4>      C:\Program Files (x86)\Windows Kits\10\Include\10.0.26100.0\um\winuser.h(9238,1):
4>      see declaration of 'MessageBoxW'
4>      C:\Users\ShadowEvil\source\repos2\New folder\HelbreathServer\Sources\Client\Game.cpp(643,4):
4>      while trying to match the argument list '(HWND, const char [45], const char [6], long)'
4>C:\Users\ShadowEvil\source\repos2\New folder\HelbreathServer\Sources\Client\Game.cpp(648,4): error C2664: 'int MessageBoxW(HWND,LPCWSTR,LPCWSTR,UINT)': cannot convert argument 2 from 'const char [35]' to 'LPCWSTR'
4>      C:\Users\ShadowEvil\source\repos2\New folder\HelbreathServer\Sources\Client\Game.cpp(648,23):
4>      Types pointed to are unrelated; conversion requires reinterpret_cast, C-style cast or parenthesized function-style cast
4>      C:\Program Files (x86)\Windows Kits\10\Include\10.0.26100.0\um\winuser.h(9238,1):
4>      see declaration of 'MessageBoxW'
4>      C:\Users\ShadowEvil\source\repos2\New folder\HelbreathServer\Sources\Client\Game.cpp(648,4):
4>      while trying to match the argument list '(HWND, const char [35], const char [6], long)'
4>C:\Users\ShadowEvil\source\repos2\New folder\HelbreathServer\Sources\Client\Game.cpp(653,3): error C2664: 'int MessageBoxW(HWND,LPCWSTR,LPCWSTR,UINT)': cannot convert argument 2 from 'const char [35]' to 'LPCWSTR'
4>      C:\Users\ShadowEvil\source\repos2\New folder\HelbreathServer\Sources\Client\Game.cpp(653,22):
4>      Types pointed to are unrelated; conversion requires reinterpret_cast, C-style cast or parenthesized function-style cast
4>      C:\Program Files (x86)\Windows Kits\10\Include\10.0.26100.0\um\winuser.h(9238,1):
4>      see declaration of 'MessageBoxW'
4>      C:\Users\ShadowEvil\source\repos2\New folder\HelbreathServer\Sources\Client\Game.cpp(653,3):
4>      while trying to match the argument list '(HWND, const char [35], const char [6], long)'
4>C:\Users\ShadowEvil\source\repos2\New folder\HelbreathServer\Sources\Client\Game.cpp(658,15): error C2664: 'HANDLE CreateFileW(LPCWSTR,DWORD,DWORD,LPSECURITY_ATTRIBUTES,DWORD,DWORD,HANDLE)': cannot convert argument 1 from 'const char [23]' to 'LPCWSTR'
4>      C:\Users\ShadowEvil\source\repos2\New folder\HelbreathServer\Sources\Client\Game.cpp(658,26):
4>      Types pointed to are unrelated; conversion requires reinterpret_cast, C-style cast or parenthesized function-style cast
4>      C:\Program Files (x86)\Windows Kits\10\Include\10.0.26100.0\um\fileapi.h(93,1):
4>      see declaration of 'CreateFileW'
4>      C:\Users\ShadowEvil\source\repos2\New folder\HelbreathServer\Sources\Client\Game.cpp(658,15):
4>      while trying to match the argument list '(const char [23], unsigned long, int, int, int, int, int)'
3>C:\Users\ShadowEvil\source\repos2\New folder\HelbreathServer\Sources\Server\Game.cpp(4934,3): error C2664: 'int wsprintfW(LPWSTR,LPCWSTR,...)': cannot convert argument 1 from 'char [256]' to 'LPWSTR'
3>      C:\Users\ShadowEvil\source\repos2\New folder\HelbreathServer\Sources\Server\Game.cpp(4934,12):
3>      Types pointed to are unrelated; conversion requires reinterpret_cast, C-style cast or parenthesized function-style cast
3>      C:\Program Files (x86)\Windows Kits\10\Include\10.0.26100.0\um\winuser.h(333,1):
3>      see declaration of 'wsprintfW'
3>      C:\Users\ShadowEvil\source\repos2\New folder\HelbreathServer\Sources\Server\Game.cpp(4934,3):
3>      while trying to match the argument list '(char [256], const char [50], int)'
3>C:\Users\ShadowEvil\source\repos2\New folder\HelbreathServer\Sources\Server\Game.cpp(4986,10): error C2664: 'HANDLE CreateFileW(LPCWSTR,DWORD,DWORD,LPSECURITY_ATTRIBUTES,DWORD,DWORD,HANDLE)': cannot convert argument 1 from 'char *' to 'LPCWSTR'
3>      C:\Users\ShadowEvil\source\repos2\New folder\HelbreathServer\Sources\Server\Game.cpp(4986,21):
3>      Types pointed to are unrelated; conversion requires reinterpret_cast, C-style cast or parenthesized function-style cast
3>      C:\Program Files (x86)\Windows Kits\10\Include\10.0.26100.0\um\fileapi.h(93,1):
3>      see declaration of 'CreateFileW'
3>      C:\Users\ShadowEvil\source\repos2\New folder\HelbreathServer\Sources\Server\Game.cpp(4986,10):
3>      while trying to match the argument list '(char *, unsigned long, int, int, int, int, int)'
3>C:\Users\ShadowEvil\source\repos2\New folder\HelbreathServer\Sources\Server\Game.cpp(4996,3): error C2664: 'void PutLogList(char *)': cannot convert argument 1 from 'const char [34]' to 'char *'
3>      C:\Users\ShadowEvil\source\repos2\New folder\HelbreathServer\Sources\Server\Game.cpp(4996,14):
3>      Conversion from string literal loses const qualifier (see /Zc:strictStrings)
3>      C:\Users\ShadowEvil\source\repos2\New folder\HelbreathServer\Sources\Server\winmain.h(11,6):
3>      see declaration of 'PutLogList'
3>      C:\Users\ShadowEvil\source\repos2\New folder\HelbreathServer\Sources\Server\Game.cpp(4996,3):
3>      while trying to match the argument list '(const char [34])'
3>C:\Users\ShadowEvil\source\repos2\New folder\HelbreathServer\Sources\Server\Game.cpp(5011,7): error C2664: 'int wsprintfW(LPWSTR,LPCWSTR,...)': cannot convert argument 1 from 'char [120]' to 'LPWSTR'
3>      C:\Users\ShadowEvil\source\repos2\New folder\HelbreathServer\Sources\Server\Game.cpp(5011,16):
3>      Types pointed to are unrelated; conversion requires reinterpret_cast, C-style cast or parenthesized function-style cast
3>      C:\Program Files (x86)\Windows Kits\10\Include\10.0.26100.0\um\winuser.h(333,1):
3>      see declaration of 'wsprintfW'
3>      C:\Users\ShadowEvil\source\repos2\New folder\HelbreathServer\Sources\Server\Game.cpp(5011,7):
3>      while trying to match the argument list '(char [120], const char [49], char *)'
3>C:\Users\ShadowEvil\source\repos2\New folder\HelbreathServer\Sources\Server\Game.cpp(5016,6): error C2664: 'int wsprintfW(LPWSTR,LPCWSTR,...)': cannot convert argument 1 from 'char [120]' to 'LPWSTR'
3>      C:\Users\ShadowEvil\source\repos2\New folder\HelbreathServer\Sources\Server\Game.cpp(5016,15):
3>      Types pointed to are unrelated; conversion requires reinterpret_cast, C-style cast or parenthesized function-style cast
3>      C:\Program Files (x86)\Windows Kits\10\Include\10.0.26100.0\um\winuser.h(333,1):
3>      see declaration of 'wsprintfW'
3>      C:\Users\ShadowEvil\source\repos2\New folder\HelbreathServer\Sources\Server\Game.cpp(5016,6):
3>      while trying to match the argument list '(char [120], const char [26], char [11])'
3>C:\Users\ShadowEvil\source\repos2\New folder\HelbreathServer\Sources\Server\Game.cpp(5023,6): error C2664: 'int wsprintfW(LPWSTR,LPCWSTR,...)': cannot convert argument 1 from 'char [120]' to 'LPWSTR'
3>      C:\Users\ShadowEvil\source\repos2\New folder\HelbreathServer\Sources\Server\Game.cpp(5023,15):
3>      Types pointed to are unrelated; conversion requires reinterpret_cast, C-style cast or parenthesized function-style cast
3>      C:\Program Files (x86)\Windows Kits\10\Include\10.0.26100.0\um\winuser.h(333,1):
3>      see declaration of 'wsprintfW'
3>      C:\Users\ShadowEvil\source\repos2\New folder\HelbreathServer\Sources\Server\Game.cpp(5023,6):
3>      while trying to match the argument list '(char [120], const char [26], int)'
3>C:\Users\ShadowEvil\source\repos2\New folder\HelbreathServer\Sources\Server\Game.cpp(5032,7): error C2664: 'int wsprintfW(LPWSTR,LPCWSTR,...)': cannot convert argument 1 from 'char [120]' to 'LPWSTR'
3>      C:\Users\ShadowEvil\source\repos2\New folder\HelbreathServer\Sources\Server\Game.cpp(5032,16):
3>      Types pointed to are unrelated; conversion requires reinterpret_cast, C-style cast or parenthesized function-style cast
3>      C:\Program Files (x86)\Windows Kits\10\Include\10.0.26100.0\um\winuser.h(333,1):
3>      see declaration of 'wsprintfW'
3>      C:\Users\ShadowEvil\source\repos2\New folder\HelbreathServer\Sources\Server\Game.cpp(5032,7):
3>      while trying to match the argument list '(char [120], const char [51], char *)'
3>C:\Users\ShadowEvil\source\repos2\New folder\HelbreathServer\Sources\Server\Game.cpp(5037,6): error C2664: 'int wsprintfW(LPWSTR,LPCWSTR,...)': cannot convert argument 1 from 'char [120]' to 'LPWSTR'
3>      C:\Users\ShadowEvil\source\repos2\New folder\HelbreathServer\Sources\Server\Game.cpp(5037,15):
3>      Types pointed to are unrelated; conversion requires reinterpret_cast, C-style cast or parenthesized function-style cast
3>      C:\Program Files (x86)\Windows Kits\10\Include\10.0.26100.0\um\winuser.h(333,1):
3>      see declaration of 'wsprintfW'
3>      C:\Users\ShadowEvil\source\repos2\New folder\HelbreathServer\Sources\Server\Game.cpp(5037,6):
3>      while trying to match the argument list '(char [120], const char [28], char [16])'
3>C:\Users\ShadowEvil\source\repos2\New folder\HelbreathServer\Sources\Server\Game.cpp(5045,6): error C2664: 'int wsprintfW(LPWSTR,LPCWSTR,...)': cannot convert argument 1 from 'char [120]' to 'LPWSTR'
3>      C:\Users\ShadowEvil\source\repos2\New folder\HelbreathServer\Sources\Server\Game.cpp(5045,15):
3>      Types pointed to are unrelated; conversion requires reinterpret_cast, C-style cast or parenthesized function-style cast
3>      C:\Program Files (x86)\Windows Kits\10\Include\10.0.26100.0\um\winuser.h(333,1):
3>      see declaration of 'wsprintfW'
3>      C:\Users\ShadowEvil\source\repos2\New folder\HelbreathServer\Sources\Server\Game.cpp(5045,6):
3>      while trying to match the argument list '(char [120], const char [25], int)'
3>C:\Users\ShadowEvil\source\repos2\New folder\HelbreathServer\Sources\Server\Game.cpp(5052,7): error C2664: 'int wsprintfW(LPWSTR,LPCWSTR,...)': cannot convert argument 1 from 'char [120]' to 'LPWSTR'
3>      C:\Users\ShadowEvil\source\repos2\New folder\HelbreathServer\Sources\Server\Game.cpp(5052,16):
3>      Types pointed to are unrelated; conversion requires reinterpret_cast, C-style cast or parenthesized function-style cast
3>      C:\Program Files (x86)\Windows Kits\10\Include\10.0.26100.0\um\winuser.h(333,1):
3>      see declaration of 'wsprintfW'
3>      C:\Users\ShadowEvil\source\repos2\New folder\HelbreathServer\Sources\Server\Game.cpp(5052,7):
3>      while trying to match the argument list '(char [120], const char [57], char *)'
3>C:\Users\ShadowEvil\source\repos2\New folder\HelbreathServer\Sources\Server\Game.cpp(5066,7): error C2664: 'int wsprintfW(LPWSTR,LPCWSTR,...)': cannot convert argument 1 from 'char [120]' to 'LPWSTR'
3>      C:\Users\ShadowEvil\source\repos2\New folder\HelbreathServer\Sources\Server\Game.cpp(5066,16):
3>      Types pointed to are unrelated; conversion requires reinterpret_cast, C-style cast or parenthesized function-style cast
3>      C:\Program Files (x86)\Windows Kits\10\Include\10.0.26100.0\um\winuser.h(333,1):
3>      see declaration of 'wsprintfW'
3>      C:\Users\ShadowEvil\source\repos2\New folder\HelbreathServer\Sources\Server\Game.cpp(5066,7):
3>      while trying to match the argument list '(char [120], const char [52], char *)'
3>C:\Users\ShadowEvil\source\repos2\New folder\HelbreathServer\Sources\Server\Game.cpp(5071,6): error C2664: 'int wsprintfW(LPWSTR,LPCWSTR,...)': cannot convert argument 1 from 'char [120]' to 'LPWSTR'
3>      C:\Users\ShadowEvil\source\repos2\New folder\HelbreathServer\Sources\Server\Game.cpp(5071,15):
3>      Types pointed to are unrelated; conversion requires reinterpret_cast, C-style cast or parenthesized function-style cast
3>      C:\Program Files (x86)\Windows Kits\10\Include\10.0.26100.0\um\winuser.h(333,1):
3>      see declaration of 'wsprintfW'
3>      C:\Users\ShadowEvil\source\repos2\New folder\HelbreathServer\Sources\Server\Game.cpp(5071,6):
3>      while trying to match the argument list '(char [120], const char [29], char [16])'
3>C:\Users\ShadowEvil\source\repos2\New folder\HelbreathServer\Sources\Server\Game.cpp(5079,6): error C2664: 'int wsprintfW(LPWSTR,LPCWSTR,...)': cannot convert argument 1 from 'char [120]' to 'LPWSTR'
3>      C:\Users\ShadowEvil\source\repos2\New folder\HelbreathServer\Sources\Server\Game.cpp(5079,15):
3>      Types pointed to are unrelated; conversion requires reinterpret_cast, C-style cast or parenthesized function-style cast
3>      C:\Program Files (x86)\Windows Kits\10\Include\10.0.26100.0\um\winuser.h(333,1):
3>      see declaration of 'wsprintfW'
3>      C:\Users\ShadowEvil\source\repos2\New folder\HelbreathServer\Sources\Server\Game.cpp(5079,6):
3>      while trying to match the argument list '(char [120], const char [26], int)'
3>C:\Users\ShadowEvil\source\repos2\New folder\HelbreathServer\Sources\Server\Game.cpp(5087,7): error C2664: 'int wsprintfW(LPWSTR,LPCWSTR,...)': cannot convert argument 1 from 'char [120]' to 'LPWSTR'
3>      C:\Users\ShadowEvil\source\repos2\New folder\HelbreathServer\Sources\Server\Game.cpp(5087,16):
3>      Types pointed to are unrelated; conversion requires reinterpret_cast, C-style cast or parenthesized function-style cast
3>      C:\Program Files (x86)\Windows Kits\10\Include\10.0.26100.0\um\winuser.h(333,1):
3>      see declaration of 'wsprintfW'
3>      C:\Users\ShadowEvil\source\repos2\New folder\HelbreathServer\Sources\Server\Game.cpp(5087,7):
3>      while trying to match the argument list '(char [120], const char [67], char *)'
3>C:\Users\ShadowEvil\source\repos2\New folder\HelbreathServer\Sources\Server\Game.cpp(5092,6): error C2664: 'int wsprintfW(LPWSTR,LPCWSTR,...)': cannot convert argument 1 from 'char [120]' to 'LPWSTR'
3>      C:\Users\ShadowEvil\source\repos2\New folder\HelbreathServer\Sources\Server\Game.cpp(5092,15):
3>      Types pointed to are unrelated; conversion requires reinterpret_cast, C-style cast or parenthesized function-style cast
3>      C:\Program Files (x86)\Windows Kits\10\Include\10.0.26100.0\um\winuser.h(333,1):
3>      see declaration of 'wsprintfW'
3>      C:\Users\ShadowEvil\source\repos2\New folder\HelbreathServer\Sources\Server\Game.cpp(5092,6):
3>      while trying to match the argument list '(char [120], const char [44], char [16])'
3>C:\Users\ShadowEvil\source\repos2\New folder\HelbreathServer\Sources\Server\Game.cpp(5092,6): error C1003: error count exceeds 100; stopping compilation
3>C:\Users\ShadowEvil\source\repos2\New folder\HelbreathServer\Sources\Server\Game.h(220,14): error C2039: 'any_of': is not a member of 'std'
3>  (compiling source file 'LoginServer.cpp')
3>      C:\Program Files\Microsoft Visual Studio\18\Community\VC\Tools\MSVC\14.44.35207\include\fstream(20,1):
3>      see declaration of 'std'
3>C:\Users\ShadowEvil\source\repos2\New folder\HelbreathServer\Sources\Server\Client.cpp(432,2): error C2664: 'int wsprintfW(LPWSTR,LPCWSTR,...)': cannot convert argument 1 from 'char [112]' to 'LPWSTR'
3>      C:\Users\ShadowEvil\source\repos2\New folder\HelbreathServer\Sources\Server\Client.cpp(432,11):
3>      Types pointed to are unrelated; conversion requires reinterpret_cast, C-style cast or parenthesized function-style cast
3>      C:\Program Files (x86)\Windows Kits\10\Include\10.0.26100.0\um\winuser.h(333,1):
3>      see declaration of 'wsprintfW'
3>      C:\Users\ShadowEvil\source\repos2\New folder\HelbreathServer\Sources\Server\Client.cpp(432,2):
3>      while trying to match the argument list '(char [112], const char [8], unsigned char)'
3>C:\Users\ShadowEvil\source\repos2\New folder\HelbreathServer\Sources\Server\Game.h(220,14): error C2039: 'any_of': is not a member of 'std'
3>  (compiling source file 'PartyManager.cpp')
3>      C:\Program Files\Microsoft Visual Studio\18\Community\VC\Tools\MSVC\14.44.35207\include\fstream(20,1):
3>      see declaration of 'std'
3>C:\Users\ShadowEvil\source\repos2\New folder\HelbreathServer\Sources\Server\Client.cpp(448,3): error C2664: 'int wsprintfW(LPWSTR,LPCWSTR,...)': cannot convert argument 1 from 'char [512]' to 'LPWSTR'
3>      C:\Users\ShadowEvil\source\repos2\New folder\HelbreathServer\Sources\Server\Client.cpp(448,12):
3>      Types pointed to are unrelated; conversion requires reinterpret_cast, C-style cast or parenthesized function-style cast
3>      C:\Program Files (x86)\Windows Kits\10\Include\10.0.26100.0\um\winuser.h(333,1):
3>      see declaration of 'wsprintfW'
3>      C:\Users\ShadowEvil\source\repos2\New folder\HelbreathServer\Sources\Server\Client.cpp(448,3):
3>      while trying to match the argument list '(char [512], const char [10], int)'
3>C:\Users\ShadowEvil\source\repos2\New folder\HelbreathServer\Sources\Server\Client.cpp(449,18): error C2664: 'std::string CClient::getvalue(std::string,char *)': cannot convert argument 2 from 'const char [5]' to 'char *'
3>      C:\Users\ShadowEvil\source\repos2\New folder\HelbreathServer\Sources\Server\Client.cpp(449,35):
3>      Conversion from string literal loses const qualifier (see /Zc:strictStrings)
3>      C:\Users\ShadowEvil\source\repos2\New folder\HelbreathServer\Sources\Server\Client.cpp(424,17):
3>      see declaration of 'CClient::getvalue'
3>      C:\Users\ShadowEvil\source\repos2\New folder\HelbreathServer\Sources\Server\Client.cpp(449,18):
3>      while trying to match the argument list '(char [512], const char [5])'
3>C:\Users\ShadowEvil\source\repos2\New folder\HelbreathServer\Sources\Server\Client.cpp(481,2): error C2664: 'int wsprintfW(LPWSTR,LPCWSTR,...)': cannot convert argument 1 from 'char [112]' to 'LPWSTR'
3>      C:\Users\ShadowEvil\source\repos2\New folder\HelbreathServer\Sources\Server\Client.cpp(481,11):
3>      Types pointed to are unrelated; conversion requires reinterpret_cast, C-style cast or parenthesized function-style cast
3>      C:\Program Files (x86)\Windows Kits\10\Include\10.0.26100.0\um\winuser.h(333,1):
3>      see declaration of 'wsprintfW'
3>      C:\Users\ShadowEvil\source\repos2\New folder\HelbreathServer\Sources\Server\Client.cpp(481,2):
3>      while trying to match the argument list '(char [112], const char [8], unsigned char)'
3>C:\Users\ShadowEvil\source\repos2\New folder\HelbreathServer\Sources\Server\Client.cpp(521,4): error C2664: 'int wsprintfW(LPWSTR,LPCWSTR,...)': cannot convert argument 1 from 'char [512]' to 'LPWSTR'
3>      C:\Users\ShadowEvil\source\repos2\New folder\HelbreathServer\Sources\Server\Client.cpp(521,13):
3>      Types pointed to are unrelated; conversion requires reinterpret_cast, C-style cast or parenthesized function-style cast
3>      C:\Program Files (x86)\Windows Kits\10\Include\10.0.26100.0\um\winuser.h(333,1):
3>      see declaration of 'wsprintfW'
3>      C:\Users\ShadowEvil\source\repos2\New folder\HelbreathServer\Sources\Server\Client.cpp(521,4):
3>      while trying to match the argument list '(char [512], const char [15], int, int)'
3>C:\Users\ShadowEvil\source\repos2\New folder\HelbreathServer\Sources\Server\Client.cpp(522,19): error C2664: 'std::string CClient::getvalue(std::string,char *)': cannot convert argument 2 from 'const char [7]' to 'char *'
3>      C:\Users\ShadowEvil\source\repos2\New folder\HelbreathServer\Sources\Server\Client.cpp(522,36):
3>      Conversion from string literal loses const qualifier (see /Zc:strictStrings)
3>      C:\Users\ShadowEvil\source\repos2\New folder\HelbreathServer\Sources\Server\Client.cpp(424,17):
3>      see declaration of 'CClient::getvalue'
3>      C:\Users\ShadowEvil\source\repos2\New folder\HelbreathServer\Sources\Server\Client.cpp(522,19):
3>      while trying to match the argument list '(char [512], const char [7])'
3>C:\Users\ShadowEvil\source\repos2\New folder\HelbreathServer\Sources\Server\Client.cpp(555,2): error C2664: 'int wsprintfW(LPWSTR,LPCWSTR,...)': cannot convert argument 1 from 'char [112]' to 'LPWSTR'
3>      C:\Users\ShadowEvil\source\repos2\New folder\HelbreathServer\Sources\Server\Client.cpp(555,11):
3>      Types pointed to are unrelated; conversion requires reinterpret_cast, C-style cast or parenthesized function-style cast
3>      C:\Program Files (x86)\Windows Kits\10\Include\10.0.26100.0\um\winuser.h(333,1):
3>      see declaration of 'wsprintfW'
3>      C:\Users\ShadowEvil\source\repos2\New folder\HelbreathServer\Sources\Server\Client.cpp(555,2):
3>      while trying to match the argument list '(char [112], const char [8], unsigned char)'
3>C:\Users\ShadowEvil\source\repos2\New folder\HelbreathServer\Sources\Server\PartyManager.cpp(64,4): error C2664: 'int wsprintfW(LPWSTR,LPCWSTR,...)': cannot convert argument 1 from 'char [120]' to 'LPWSTR'
3>      C:\Users\ShadowEvil\source\repos2\New folder\HelbreathServer\Sources\Server\PartyManager.cpp(64,13):
3>      Types pointed to are unrelated; conversion requires reinterpret_cast, C-style cast or parenthesized function-style cast
3>      C:\Program Files (x86)\Windows Kits\10\Include\10.0.26100.0\um\winuser.h(333,1):
3>      see declaration of 'wsprintfW'
3>      C:\Users\ShadowEvil\source\repos2\New folder\HelbreathServer\Sources\Server\PartyManager.cpp(64,4):
3>      while trying to match the argument list '(char [120], const char [27], int, char *)'
3>C:\Users\ShadowEvil\source\repos2\New folder\HelbreathServer\Sources\Server\PartyManager.cpp(106,2): error C2664: 'int wsprintfW(LPWSTR,LPCWSTR,...)': cannot convert argument 1 from 'char [120]' to 'LPWSTR'
3>      C:\Users\ShadowEvil\source\repos2\New folder\HelbreathServer\Sources\Server\PartyManager.cpp(106,11):
3>      Types pointed to are unrelated; conversion requires reinterpret_cast, C-style cast or parenthesized function-style cast
3>      C:\Program Files (x86)\Windows Kits\10\Include\10.0.26100.0\um\winuser.h(333,1):
3>      see declaration of 'wsprintfW'
3>      C:\Users\ShadowEvil\source\repos2\New folder\HelbreathServer\Sources\Server\PartyManager.cpp(106,2):
3>      while trying to match the argument list '(char [120], const char [20], int)'
3>C:\Users\ShadowEvil\source\repos2\New folder\HelbreathServer\Sources\Server\Client.cpp(602,4): error C2664: 'int wsprintfW(LPWSTR,LPCWSTR,...)': cannot convert argument 1 from 'char [512]' to 'LPWSTR'
3>      C:\Users\ShadowEvil\source\repos2\New folder\HelbreathServer\Sources\Server\Client.cpp(602,13):
3>      Types pointed to are unrelated; conversion requires reinterpret_cast, C-style cast or parenthesized function-style cast
3>      C:\Program Files (x86)\Windows Kits\10\Include\10.0.26100.0\um\winuser.h(333,1):
3>      see declaration of 'wsprintfW'
3>      C:\Users\ShadowEvil\source\repos2\New folder\HelbreathServer\Sources\Server\Client.cpp(602,4):
3>      while trying to match the argument list '(char [512], const char [18], int, int)'
3>C:\Users\ShadowEvil\source\repos2\New folder\HelbreathServer\Sources\Server\PartyManager.cpp(144,4): error C2664: 'int wsprintfW(LPWSTR,LPCWSTR,...)': cannot convert argument 1 from 'char [120]' to 'LPWSTR'
3>      C:\Users\ShadowEvil\source\repos2\New folder\HelbreathServer\Sources\Server\PartyManager.cpp(144,13):
3>      Types pointed to are unrelated; conversion requires reinterpret_cast, C-style cast or parenthesized function-style cast
3>      C:\Program Files (x86)\Windows Kits\10\Include\10.0.26100.0\um\winuser.h(333,1):
3>      see declaration of 'wsprintfW'
3>      C:\Users\ShadowEvil\source\repos2\New folder\HelbreathServer\Sources\Server\PartyManager.cpp(144,4):
3>      while trying to match the argument list '(char [120], const char [31], int, char *)'
3>C:\Users\ShadowEvil\source\repos2\New folder\HelbreathServer\Sources\Server\LoginServer.cpp(69,2): error C2664: 'int wsprintfW(LPWSTR,LPCWSTR,...)': cannot convert argument 1 from 'char [512]' to 'LPWSTR'
3>      C:\Users\ShadowEvil\source\repos2\New folder\HelbreathServer\Sources\Server\LoginServer.cpp(69,11):
3>      Types pointed to are unrelated; conversion requires reinterpret_cast, C-style cast or parenthesized function-style cast
3>      C:\Program Files (x86)\Windows Kits\10\Include\10.0.26100.0\um\winuser.h(333,1):
3>      see declaration of 'wsprintfW'
3>      C:\Users\ShadowEvil\source\repos2\New folder\HelbreathServer\Sources\Server\LoginServer.cpp(69,2):
3>      while trying to match the argument list '(char [512], const char [30], char [11])'
3>C:\Users\ShadowEvil\source\repos2\New folder\HelbreathServer\Sources\Server\Client.cpp(603,19): error C2664: 'std::string CClient::getvalue(std::string,char *)': cannot convert argument 2 from 'const char [10]' to 'char *'
3>      C:\Users\ShadowEvil\source\repos2\New folder\HelbreathServer\Sources\Server\Client.cpp(603,36):
3>      Conversion from string literal loses const qualifier (see /Zc:strictStrings)
3>      C:\Users\ShadowEvil\source\repos2\New folder\HelbreathServer\Sources\Server\Client.cpp(424,17):
3>      see declaration of 'CClient::getvalue'
3>      C:\Users\ShadowEvil\source\repos2\New folder\HelbreathServer\Sources\Server\Client.cpp(603,19):
3>      while trying to match the argument list '(char [512], const char [10])'
3>C:\Users\ShadowEvil\source\repos2\New folder\HelbreathServer\Sources\Server\PartyManager.cpp(168,4): error C2664: 'int wsprintfW(LPWSTR,LPCWSTR,...)': cannot convert argument 1 from 'char [120]' to 'LPWSTR'
3>      C:\Users\ShadowEvil\source\repos2\New folder\HelbreathServer\Sources\Server\PartyManager.cpp(168,13):
3>      Types pointed to are unrelated; conversion requires reinterpret_cast, C-style cast or parenthesized function-style cast
3>      C:\Program Files (x86)\Windows Kits\10\Include\10.0.26100.0\um\winuser.h(333,1):
3>      see declaration of 'wsprintfW'
3>      C:\Users\ShadowEvil\source\repos2\New folder\HelbreathServer\Sources\Server\PartyManager.cpp(168,4):
3>      while trying to match the argument list '(char [120], const char [34], int, char *)'
3>C:\Users\ShadowEvil\source\repos2\New folder\HelbreathServer\Sources\Server\PartyManager.cpp(251,4): error C2664: 'int wsprintfW(LPWSTR,LPCWSTR,...)': cannot convert argument 1 from 'char [120]' to 'LPWSTR'
3>      C:\Users\ShadowEvil\source\repos2\New folder\HelbreathServer\Sources\Server\PartyManager.cpp(251,13):
3>      Types pointed to are unrelated; conversion requires reinterpret_cast, C-style cast or parenthesized function-style cast
3>      C:\Program Files (x86)\Windows Kits\10\Include\10.0.26100.0\um\winuser.h(333,1):
3>      see declaration of 'wsprintfW'
3>      C:\Users\ShadowEvil\source\repos2\New folder\HelbreathServer\Sources\Server\PartyManager.cpp(251,4):
3>      while trying to match the argument list '(char [120], const char [41], char [12])'
3>C:\Users\ShadowEvil\source\repos2\New folder\HelbreathServer\Sources\Server\Client.cpp(636,2): error C2664: 'int wsprintfW(LPWSTR,LPCWSTR,...)': cannot convert argument 1 from 'char [112]' to 'LPWSTR'
3>      C:\Users\ShadowEvil\source\repos2\New folder\HelbreathServer\Sources\Server\Client.cpp(636,11):
3>      Types pointed to are unrelated; conversion requires reinterpret_cast, C-style cast or parenthesized function-style cast
3>      C:\Program Files (x86)\Windows Kits\10\Include\10.0.26100.0\um\winuser.h(333,1):
3>      see declaration of 'wsprintfW'
3>      C:\Users\ShadowEvil\source\repos2\New folder\HelbreathServer\Sources\Server\Client.cpp(636,2):
3>      while trying to match the argument list '(char [112], const char [8], unsigned char)'
3>C:\Users\ShadowEvil\source\repos2\New folder\HelbreathServer\Sources\Server\LoginServer.cpp(89,3): error C2664: 'void PutLogList(char *)': cannot convert argument 1 from 'const char [7]' to 'char *'
3>      C:\Users\ShadowEvil\source\repos2\New folder\HelbreathServer\Sources\Server\LoginServer.cpp(89,14):
3>      Conversion from string literal loses const qualifier (see /Zc:strictStrings)
3>      C:\Users\ShadowEvil\source\repos2\New folder\HelbreathServer\Sources\Server\winmain.h(11,6):
3>      see declaration of 'PutLogList'
3>      C:\Users\ShadowEvil\source\repos2\New folder\HelbreathServer\Sources\Server\LoginServer.cpp(89,3):
3>      while trying to match the argument list '(const char [7])'
3>C:\Users\ShadowEvil\source\repos2\New folder\HelbreathServer\Sources\Server\LoginServer.cpp(94,3): error C2664: 'void PutLogList(char *)': cannot convert argument 1 from 'const char [8]' to 'char *'
3>      C:\Users\ShadowEvil\source\repos2\New folder\HelbreathServer\Sources\Server\LoginServer.cpp(94,14):
3>      Conversion from string literal loses const qualifier (see /Zc:strictStrings)
3>      C:\Users\ShadowEvil\source\repos2\New folder\HelbreathServer\Sources\Server\winmain.h(11,6):
3>      see declaration of 'PutLogList'
3>      C:\Users\ShadowEvil\source\repos2\New folder\HelbreathServer\Sources\Server\LoginServer.cpp(94,3):
3>      while trying to match the argument list '(const char [8])'
3>C:\Users\ShadowEvil\source\repos2\New folder\HelbreathServer\Sources\Server\LoginServer.cpp(101,20): warning C4018: '<': signed/unsigned mismatch
3>C:\Users\ShadowEvil\source\repos2\New folder\HelbreathServer\Sources\Server\LoginServer.cpp(111,3): error C2664: 'int wsprintfW(LPWSTR,LPCWSTR,...)': cannot convert argument 1 from 'char [112]' to 'LPWSTR'
3>      C:\Users\ShadowEvil\source\repos2\New folder\HelbreathServer\Sources\Server\LoginServer.cpp(111,12):
3>      Types pointed to are unrelated; conversion requires reinterpret_cast, C-style cast or parenthesized function-style cast
3>      C:\Program Files (x86)\Windows Kits\10\Include\10.0.26100.0\um\winuser.h(333,1):
3>      see declaration of 'wsprintfW'
3>      C:\Users\ShadowEvil\source\repos2\New folder\HelbreathServer\Sources\Server\LoginServer.cpp(111,3):
3>      while trying to match the argument list '(char [112], const char [8], char)'
3>C:\Users\ShadowEvil\source\repos2\New folder\HelbreathServer\Sources\Server\LoginServer.cpp(119,19): error C2664: 'HANDLE CreateFileW(LPCWSTR,DWORD,DWORD,LPSECURITY_ATTRIBUTES,DWORD,DWORD,HANDLE)': cannot convert argument 1 from 'char [112]' to 'LPCWSTR'
3>      C:\Users\ShadowEvil\source\repos2\New folder\HelbreathServer\Sources\Server\LoginServer.cpp(119,30):
3>      Types pointed to are unrelated; conversion requires reinterpret_cast, C-style cast or parenthesized function-style cast
3>      C:\Program Files (x86)\Windows Kits\10\Include\10.0.26100.0\um\fileapi.h(93,1):
3>      see declaration of 'CreateFileW'
3>      C:\Users\ShadowEvil\source\repos2\New folder\HelbreathServer\Sources\Server\LoginServer.cpp(119,19):
3>      while trying to match the argument list '(char [112], unsigned long, int, int, int, int, int)'
3>C:\Users\ShadowEvil\source\repos2\New folder\HelbreathServer\Sources\Server\LoginServer.cpp(106,3): warning C4996: 'mkdir': The POSIX name for this item is deprecated. Instead, use the ISO C and C++ conformant name: _mkdir. See online help for details.
3>C:\Users\ShadowEvil\source\repos2\New folder\HelbreathServer\Sources\Server\LoginServer.cpp(208,2): error C2664: 'int wsprintfW(LPWSTR,LPCWSTR,...)': cannot convert argument 1 from 'char [50]' to 'LPWSTR'
3>      C:\Users\ShadowEvil\source\repos2\New folder\HelbreathServer\Sources\Server\LoginServer.cpp(208,11):
3>      Types pointed to are unrelated; conversion requires reinterpret_cast, C-style cast or parenthesized function-style cast
3>      C:\Program Files (x86)\Windows Kits\10\Include\10.0.26100.0\um\winuser.h(333,1):
3>      see declaration of 'wsprintfW'
3>      C:\Users\ShadowEvil\source\repos2\New folder\HelbreathServer\Sources\Server\LoginServer.cpp(208,2):
3>      while trying to match the argument list '(char [50], const char [18])'
3>C:\Users\ShadowEvil\source\repos2\New folder\HelbreathServer\Sources\Server\LoginServer.cpp(221,2): error C2664: 'int wsprintfW(LPWSTR,LPCWSTR,...)': cannot convert argument 1 from 'char [63]' to 'LPWSTR'
3>      C:\Users\ShadowEvil\source\repos2\New folder\HelbreathServer\Sources\Server\LoginServer.cpp(221,11):
3>      Types pointed to are unrelated; conversion requires reinterpret_cast, C-style cast or parenthesized function-style cast
3>      C:\Program Files (x86)\Windows Kits\10\Include\10.0.26100.0\um\winuser.h(333,1):
3>      see declaration of 'wsprintfW'
3>      C:\Users\ShadowEvil\source\repos2\New folder\HelbreathServer\Sources\Server\LoginServer.cpp(221,2):
3>      while trying to match the argument list '(char [63], const char [8], char)'
3>C:\Users\ShadowEvil\source\repos2\New folder\HelbreathServer\Sources\Server\LoginServer.cpp(229,23): error C2664: 'HANDLE CreateFileW(LPCWSTR,DWORD,DWORD,LPSECURITY_ATTRIBUTES,DWORD,DWORD,HANDLE)': cannot convert argument 1 from 'char [255]' to 'LPCWSTR'
3>      C:\Users\ShadowEvil\source\repos2\New folder\HelbreathServer\Sources\Server\LoginServer.cpp(229,34):
3>      Types pointed to are unrelated; conversion requires reinterpret_cast, C-style cast or parenthesized function-style cast
3>      C:\Program Files (x86)\Windows Kits\10\Include\10.0.26100.0\um\fileapi.h(93,1):
3>      see declaration of 'CreateFileW'
3>      C:\Users\ShadowEvil\source\repos2\New folder\HelbreathServer\Sources\Server\LoginServer.cpp(229,23):
3>      while trying to match the argument list '(char [255], unsigned long, int, int, int, int, int)'
3>C:\Users\ShadowEvil\source\repos2\New folder\HelbreathServer\Sources\Server\LoginServer.cpp(234,3): error C2664: 'int wsprintfW(LPWSTR,LPCWSTR,...)': cannot convert argument 1 from 'char [512]' to 'LPWSTR'
3>      C:\Users\ShadowEvil\source\repos2\New folder\HelbreathServer\Sources\Server\LoginServer.cpp(234,12):
3>      Types pointed to are unrelated; conversion requires reinterpret_cast, C-style cast or parenthesized function-style cast
3>      C:\Program Files (x86)\Windows Kits\10\Include\10.0.26100.0\um\winuser.h(333,1):
3>      see declaration of 'wsprintfW'
3>      C:\Users\ShadowEvil\source\repos2\New folder\HelbreathServer\Sources\Server\LoginServer.cpp(234,3):
3>      while trying to match the argument list '(char [512], const char [49], char [255])'
3>C:\Users\ShadowEvil\source\repos2\New folder\HelbreathServer\Sources\Server\LoginServer.cpp(244,3): error C2664: 'int wsprintfW(LPWSTR,LPCWSTR,...)': cannot convert argument 1 from 'char [512]' to 'LPWSTR'
3>      C:\Users\ShadowEvil\source\repos2\New folder\HelbreathServer\Sources\Server\LoginServer.cpp(244,12):
3>      Types pointed to are unrelated; conversion requires reinterpret_cast, C-style cast or parenthesized function-style cast
3>      C:\Program Files (x86)\Windows Kits\10\Include\10.0.26100.0\um\winuser.h(333,1):
3>      see declaration of 'wsprintfW'
3>      C:\Users\ShadowEvil\source\repos2\New folder\HelbreathServer\Sources\Server\LoginServer.cpp(244,3):
3>      while trying to match the argument list '(char [512], const char [27], char [255])'
3>C:\Users\ShadowEvil\source\repos2\New folder\HelbreathServer\Sources\Server\LoginServer.cpp(252,3): error C2664: 'int wsprintfW(LPWSTR,LPCWSTR,...)': cannot convert argument 1 from 'char [512]' to 'LPWSTR'
3>      C:\Users\ShadowEvil\source\repos2\New folder\HelbreathServer\Sources\Server\LoginServer.cpp(252,12):
3>      Types pointed to are unrelated; conversion requires reinterpret_cast, C-style cast or parenthesized function-style cast
3>      C:\Program Files (x86)\Windows Kits\10\Include\10.0.26100.0\um\winuser.h(333,1):
3>      see declaration of 'wsprintfW'
3>      C:\Users\ShadowEvil\source\repos2\New folder\HelbreathServer\Sources\Server\LoginServer.cpp(252,3):
3>      while trying to match the argument list '(char [512], const char [32], char [255])'
3>C:\Users\ShadowEvil\source\repos2\New folder\HelbreathServer\Sources\Server\LoginServer.cpp(287,6): error C2664: 'void PutLogList(char *)': cannot convert argument 1 from 'const char [19]' to 'char *'
3>      C:\Users\ShadowEvil\source\repos2\New folder\HelbreathServer\Sources\Server\LoginServer.cpp(287,17):
3>      Conversion from string literal loses const qualifier (see /Zc:strictStrings)
3>      C:\Users\ShadowEvil\source\repos2\New folder\HelbreathServer\Sources\Server\winmain.h(11,6):
3>      see declaration of 'PutLogList'
3>      C:\Users\ShadowEvil\source\repos2\New folder\HelbreathServer\Sources\Server\LoginServer.cpp(287,6):
3>      while trying to match the argument list '(const char [19])'
3>C:\Users\ShadowEvil\source\repos2\New folder\HelbreathServer\Sources\Server\LoginServer.cpp(307,6): error C2664: 'void PutLogList(char *)': cannot convert argument 1 from 'const char [15]' to 'char *'
3>      C:\Users\ShadowEvil\source\repos2\New folder\HelbreathServer\Sources\Server\LoginServer.cpp(307,17):
3>      Conversion from string literal loses const qualifier (see /Zc:strictStrings)
3>      C:\Users\ShadowEvil\source\repos2\New folder\HelbreathServer\Sources\Server\winmain.h(11,6):
3>      see declaration of 'PutLogList'
3>      C:\Users\ShadowEvil\source\repos2\New folder\HelbreathServer\Sources\Server\LoginServer.cpp(307,6):
3>      while trying to match the argument list '(const char [15])'
3>C:\Users\ShadowEvil\source\repos2\New folder\HelbreathServer\Sources\Server\LoginServer.cpp(325,6): error C2664: 'void PutLogList(char *)': cannot convert argument 1 from 'const char [35]' to 'char *'
3>      C:\Users\ShadowEvil\source\repos2\New folder\HelbreathServer\Sources\Server\LoginServer.cpp(325,17):
3>      Conversion from string literal loses const qualifier (see /Zc:strictStrings)
3>      C:\Users\ShadowEvil\source\repos2\New folder\HelbreathServer\Sources\Server\winmain.h(11,6):
3>      see declaration of 'PutLogList'
3>      C:\Users\ShadowEvil\source\repos2\New folder\HelbreathServer\Sources\Server\LoginServer.cpp(325,6):
3>      while trying to match the argument list '(const char [35])'
3>C:\Users\ShadowEvil\source\repos2\New folder\HelbreathServer\Sources\Server\LoginServer.cpp(356,2): error C2664: 'void PutLogList(char *)': cannot convert argument 1 from 'const char [15]' to 'char *'
3>      C:\Users\ShadowEvil\source\repos2\New folder\HelbreathServer\Sources\Server\LoginServer.cpp(356,13):
3>      Conversion from string literal loses const qualifier (see /Zc:strictStrings)
3>      C:\Users\ShadowEvil\source\repos2\New folder\HelbreathServer\Sources\Server\winmain.h(11,6):
3>      see declaration of 'PutLogList'
3>      C:\Users\ShadowEvil\source\repos2\New folder\HelbreathServer\Sources\Server\LoginServer.cpp(356,2):
3>      while trying to match the argument list '(const char [15])'
3>C:\Users\ShadowEvil\source\repos2\New folder\HelbreathServer\Sources\Server\LoginServer.cpp(390,2): error C2664: 'int wsprintfW(LPWSTR,LPCWSTR,...)': cannot convert argument 1 from 'char [512]' to 'LPWSTR'
3>      C:\Users\ShadowEvil\source\repos2\New folder\HelbreathServer\Sources\Server\LoginServer.cpp(390,11):
3>      Types pointed to are unrelated; conversion requires reinterpret_cast, C-style cast or parenthesized function-style cast
3>      C:\Program Files (x86)\Windows Kits\10\Include\10.0.26100.0\um\winuser.h(333,1):
3>      see declaration of 'wsprintfW'
3>      C:\Users\ShadowEvil\source\repos2\New folder\HelbreathServer\Sources\Server\LoginServer.cpp(390,2):
3>      while trying to match the argument list '(char [512], const char [37], char [11])'
3>C:\Users\ShadowEvil\source\repos2\New folder\HelbreathServer\Sources\Server\LoginServer.cpp(412,2): error C2664: 'int wsprintfW(LPWSTR,LPCWSTR,...)': cannot convert argument 1 from 'char [112]' to 'LPWSTR'
3>      C:\Users\ShadowEvil\source\repos2\New folder\HelbreathServer\Sources\Server\LoginServer.cpp(412,11):
3>      Types pointed to are unrelated; conversion requires reinterpret_cast, C-style cast or parenthesized function-style cast
3>      C:\Program Files (x86)\Windows Kits\10\Include\10.0.26100.0\um\winuser.h(333,1):
3>      see declaration of 'wsprintfW'
3>      C:\Users\ShadowEvil\source\repos2\New folder\HelbreathServer\Sources\Server\LoginServer.cpp(412,2):
3>      while trying to match the argument list '(char [112], const char [8], char)'
3>C:\Users\ShadowEvil\source\repos2\New folder\HelbreathServer\Sources\Server\LoginServer.cpp(421,18): error C2664: 'HANDLE CreateFileW(LPCWSTR,DWORD,DWORD,LPSECURITY_ATTRIBUTES,DWORD,DWORD,HANDLE)': cannot convert argument 1 from 'char [112]' to 'LPCWSTR'
3>      C:\Users\ShadowEvil\source\repos2\New folder\HelbreathServer\Sources\Server\LoginServer.cpp(421,29):
3>      Types pointed to are unrelated; conversion requires reinterpret_cast, C-style cast or parenthesized function-style cast
3>      C:\Program Files (x86)\Windows Kits\10\Include\10.0.26100.0\um\fileapi.h(93,1):
3>      see declaration of 'CreateFileW'
3>      C:\Users\ShadowEvil\source\repos2\New folder\HelbreathServer\Sources\Server\LoginServer.cpp(421,18):
3>      while trying to match the argument list '(char [112], unsigned long, int, int, int, int, int)'
3>C:\Users\ShadowEvil\source\repos2\New folder\HelbreathServer\Sources\Server\LoginServer.cpp(452,2): error C2664: 'int wsprintfW(LPWSTR,LPCWSTR,...)': cannot convert argument 1 from 'char [112]' to 'LPWSTR'
3>      C:\Users\ShadowEvil\source\repos2\New folder\HelbreathServer\Sources\Server\LoginServer.cpp(452,11):
3>      Types pointed to are unrelated; conversion requires reinterpret_cast, C-style cast or parenthesized function-style cast
3>      C:\Program Files (x86)\Windows Kits\10\Include\10.0.26100.0\um\winuser.h(333,1):
3>      see declaration of 'wsprintfW'
3>      C:\Users\ShadowEvil\source\repos2\New folder\HelbreathServer\Sources\Server\LoginServer.cpp(452,2):
3>      while trying to match the argument list '(char [112], const char [32], WORD, WORD, WORD, WORD, WORD)'
3>C:\Users\ShadowEvil\source\repos2\New folder\HelbreathServer\Sources\Server\LoginServer.cpp(460,2): error C2664: 'int wsprintfW(LPWSTR,LPCWSTR,...)': cannot convert argument 1 from 'char [112]' to 'LPWSTR'
3>      C:\Users\ShadowEvil\source\repos2\New folder\HelbreathServer\Sources\Server\LoginServer.cpp(460,11):
3>      Types pointed to are unrelated; conversion requires reinterpret_cast, C-style cast or parenthesized function-style cast
3>      C:\Program Files (x86)\Windows Kits\10\Include\10.0.26100.0\um\winuser.h(333,1):
3>      see declaration of 'wsprintfW'
3>      C:\Users\ShadowEvil\source\repos2\New folder\HelbreathServer\Sources\Server\LoginServer.cpp(460,2):
3>      while trying to match the argument list '(char [112], const char [21], char [11])'
3>C:\Users\ShadowEvil\source\repos2\New folder\HelbreathServer\Sources\Server\LoginServer.cpp(464,2): error C2664: 'int wsprintfW(LPWSTR,LPCWSTR,...)': cannot convert argument 1 from 'char [112]' to 'LPWSTR'
3>      C:\Users\ShadowEvil\source\repos2\New folder\HelbreathServer\Sources\Server\LoginServer.cpp(464,11):
3>      Types pointed to are unrelated; conversion requires reinterpret_cast, C-style cast or parenthesized function-style cast
3>      C:\Program Files (x86)\Windows Kits\10\Include\10.0.26100.0\um\winuser.h(333,1):
3>      see declaration of 'wsprintfW'
3>      C:\Users\ShadowEvil\source\repos2\New folder\HelbreathServer\Sources\Server\LoginServer.cpp(464,2):
3>      while trying to match the argument list '(char [112], const char [19], char [11])'
3>C:\Users\ShadowEvil\source\repos2\New folder\HelbreathServer\Sources\Server\LoginServer.cpp(471,2): error C2664: 'int wsprintfW(LPWSTR,LPCWSTR,...)': cannot convert argument 1 from 'char [112]' to 'LPWSTR'
3>      C:\Users\ShadowEvil\source\repos2\New folder\HelbreathServer\Sources\Server\LoginServer.cpp(471,11):
3>      Types pointed to are unrelated; conversion requires reinterpret_cast, C-style cast or parenthesized function-style cast
3>      C:\Program Files (x86)\Windows Kits\10\Include\10.0.26100.0\um\winuser.h(333,1):
3>      see declaration of 'wsprintfW'
3>      C:\Users\ShadowEvil\source\repos2\New folder\HelbreathServer\Sources\Server\LoginServer.cpp(471,2):
3>      while trying to match the argument list '(char [112], const char [27])'
3>C:\Users\ShadowEvil\source\repos2\New folder\HelbreathServer\Sources\Server\LoginServer.cpp(475,2): error C2664: 'int wsprintfW(LPWSTR,LPCWSTR,...)': cannot convert argument 1 from 'char [112]' to 'LPWSTR'
3>      C:\Users\ShadowEvil\source\repos2\New folder\HelbreathServer\Sources\Server\LoginServer.cpp(475,11):
3>      Types pointed to are unrelated; conversion requires reinterpret_cast, C-style cast or parenthesized function-style cast
3>      C:\Program Files (x86)\Windows Kits\10\Include\10.0.26100.0\um\winuser.h(333,1):
3>      see declaration of 'wsprintfW'
3>      C:\Users\ShadowEvil\source\repos2\New folder\HelbreathServer\Sources\Server\LoginServer.cpp(475,2):
3>      while trying to match the argument list '(char [112], const char [29])'
3>C:\Users\ShadowEvil\source\repos2\New folder\HelbreathServer\Sources\Server\LoginServer.cpp(479,2): error C2664: 'int wsprintfW(LPWSTR,LPCWSTR,...)': cannot convert argument 1 from 'char [112]' to 'LPWSTR'
3>      C:\Users\ShadowEvil\source\repos2\New folder\HelbreathServer\Sources\Server\LoginServer.cpp(479,11):
3>      Types pointed to are unrelated; conversion requires reinterpret_cast, C-style cast or parenthesized function-style cast
3>      C:\Program Files (x86)\Windows Kits\10\Include\10.0.26100.0\um\winuser.h(333,1):
3>      see declaration of 'wsprintfW'
3>      C:\Users\ShadowEvil\source\repos2\New folder\HelbreathServer\Sources\Server\LoginServer.cpp(479,2):
3>      while trying to match the argument list '(char [112], const char [27])'
3>C:\Users\ShadowEvil\source\repos2\New folder\HelbreathServer\Sources\Server\LoginServer.cpp(483,2): error C2664: 'int wsprintfW(LPWSTR,LPCWSTR,...)': cannot convert argument 1 from 'char [112]' to 'LPWSTR'
3>      C:\Users\ShadowEvil\source\repos2\New folder\HelbreathServer\Sources\Server\LoginServer.cpp(483,11):
3>      Types pointed to are unrelated; conversion requires reinterpret_cast, C-style cast or parenthesized function-style cast
3>      C:\Program Files (x86)\Windows Kits\10\Include\10.0.26100.0\um\winuser.h(333,1):
3>      see declaration of 'wsprintfW'
3>      C:\Users\ShadowEvil\source\repos2\New folder\HelbreathServer\Sources\Server\LoginServer.cpp(483,2):
3>      while trying to match the argument list '(char [112], const char [29])'
3>C:\Users\ShadowEvil\source\repos2\New folder\HelbreathServer\Sources\Server\LoginServer.cpp(486,2): error C2664: 'int wsprintfW(LPWSTR,LPCWSTR,...)': cannot convert argument 1 from 'char [112]' to 'LPWSTR'
3>      C:\Users\ShadowEvil\source\repos2\New folder\HelbreathServer\Sources\Server\LoginServer.cpp(486,11):
3>      Types pointed to are unrelated; conversion requires reinterpret_cast, C-style cast or parenthesized function-style cast
3>      C:\Program Files (x86)\Windows Kits\10\Include\10.0.26100.0\um\winuser.h(333,1):
3>      see declaration of 'wsprintfW'
3>      C:\Users\ShadowEvil\source\repos2\New folder\HelbreathServer\Sources\Server\LoginServer.cpp(486,2):
3>      while trying to match the argument list '(char [112], const char [22])'
3>C:\Users\ShadowEvil\source\repos2\New folder\HelbreathServer\Sources\Server\LoginServer.cpp(489,2): error C2664: 'int wsprintfW(LPWSTR,LPCWSTR,...)': cannot convert argument 1 from 'char [112]' to 'LPWSTR'
3>      C:\Users\ShadowEvil\source\repos2\New folder\HelbreathServer\Sources\Server\LoginServer.cpp(489,11):
3>      Types pointed to are unrelated; conversion requires reinterpret_cast, C-style cast or parenthesized function-style cast
3>      C:\Program Files (x86)\Windows Kits\10\Include\10.0.26100.0\um\winuser.h(333,1):
3>      see declaration of 'wsprintfW'
3>      C:\Users\ShadowEvil\source\repos2\New folder\HelbreathServer\Sources\Server\LoginServer.cpp(489,2):
3>      while trying to match the argument list '(char [112], const char [22])'
3>C:\Users\ShadowEvil\source\repos2\New folder\HelbreathServer\Sources\Server\LoginServer.cpp(494,2): error C2664: 'int wsprintfW(LPWSTR,LPCWSTR,...)': cannot convert argument 1 from 'char [112]' to 'LPWSTR'
3>      C:\Users\ShadowEvil\source\repos2\New folder\HelbreathServer\Sources\Server\LoginServer.cpp(494,11):
3>      Types pointed to are unrelated; conversion requires reinterpret_cast, C-style cast or parenthesized function-style cast
3>      C:\Program Files (x86)\Windows Kits\10\Include\10.0.26100.0\um\winuser.h(333,1):
3>      see declaration of 'wsprintfW'
3>      C:\Users\ShadowEvil\source\repos2\New folder\HelbreathServer\Sources\Server\LoginServer.cpp(494,2):
3>      while trying to match the argument list '(char [112], const char [19], int)'
4>C:\Users\ShadowEvil\source\repos2\New folder\HelbreathServer\Sources\Client\Game.cpp(659,63): error C2665: 'CSprite::CSprite': no overloaded function could convert all the argument types
4>      C:\Users\ShadowEvil\source\repos2\New folder\HelbreathServer\Sources\Client\Sprite.h(43,2):
4>      could be 'CSprite::CSprite(HANDLE,DXC_ddraw *,char *,short,bool)'
4>          C:\Users\ShadowEvil\source\repos2\New folder\HelbreathServer\Sources\Client\Game.cpp(659,63):
4>          'CSprite::CSprite(HANDLE,DXC_ddraw *,char *,short,bool)': cannot convert argument 3 from 'const char [11]' to 'char *'
4>              C:\Users\ShadowEvil\source\repos2\New folder\HelbreathServer\Sources\Client\Game.cpp(659,86):
4>              Conversion from string literal loses const qualifier (see /Zc:strictStrings)
4>      C:\Users\ShadowEvil\source\repos2\New folder\HelbreathServer\Sources\Client\Game.cpp(659,63):
4>      while trying to match the argument list '(HANDLE, DXC_ddraw *, const char [11], int, bool)'
4>C:\Users\ShadowEvil\source\repos2\New folder\HelbreathServer\Sources\Client\Game.cpp(662,15): error C2664: 'HANDLE CreateFileW(LPCWSTR,DWORD,DWORD,LPSECURITY_ATTRIBUTES,DWORD,DWORD,HANDLE)': cannot convert argument 1 from 'const char [23]' to 'LPCWSTR'
4>      C:\Users\ShadowEvil\source\repos2\New folder\HelbreathServer\Sources\Client\Game.cpp(662,26):
4>      Types pointed to are unrelated; conversion requires reinterpret_cast, C-style cast or parenthesized function-style cast
4>      C:\Program Files (x86)\Windows Kits\10\Include\10.0.26100.0\um\fileapi.h(93,1):
4>      see declaration of 'CreateFileW'
4>      C:\Users\ShadowEvil\source\repos2\New folder\HelbreathServer\Sources\Client\Game.cpp(662,15):
4>      while trying to match the argument list '(const char [23], unsigned long, int, int, int, int, int)'
4>C:\Users\ShadowEvil\source\repos2\New folder\HelbreathServer\Sources\Client\Game.cpp(663,65): error C2665: 'CSprite::CSprite': no overloaded function could convert all the argument types
4>      C:\Users\ShadowEvil\source\repos2\New folder\HelbreathServer\Sources\Client\Sprite.h(43,2):
4>      could be 'CSprite::CSprite(HANDLE,DXC_ddraw *,char *,short,bool)'
4>          C:\Users\ShadowEvil\source\repos2\New folder\HelbreathServer\Sources\Client\Game.cpp(663,65):
4>          'CSprite::CSprite(HANDLE,DXC_ddraw *,char *,short,bool)': cannot convert argument 3 from 'const char [11]' to 'char *'
4>              C:\Users\ShadowEvil\source\repos2\New folder\HelbreathServer\Sources\Client\Game.cpp(663,88):
4>              Conversion from string literal loses const qualifier (see /Zc:strictStrings)
4>      C:\Users\ShadowEvil\source\repos2\New folder\HelbreathServer\Sources\Client\Game.cpp(663,65):
4>      while trying to match the argument list '(HANDLE, DXC_ddraw *, const char [11], int, bool)'
4>C:\Users\ShadowEvil\source\repos2\New folder\HelbreathServer\Sources\Client\Game.cpp(664,61): error C2665: 'CSprite::CSprite': no overloaded function could convert all the argument types
4>      C:\Users\ShadowEvil\source\repos2\New folder\HelbreathServer\Sources\Client\Sprite.h(43,2):
4>      could be 'CSprite::CSprite(HANDLE,DXC_ddraw *,char *,short,bool)'
4>          C:\Users\ShadowEvil\source\repos2\New folder\HelbreathServer\Sources\Client\Game.cpp(664,61):
4>          'CSprite::CSprite(HANDLE,DXC_ddraw *,char *,short,bool)': cannot convert argument 3 from 'const char [11]' to 'char *'
4>              C:\Users\ShadowEvil\source\repos2\New folder\HelbreathServer\Sources\Client\Game.cpp(664,84):
4>              Conversion from string literal loses const qualifier (see /Zc:strictStrings)
4>      C:\Users\ShadowEvil\source\repos2\New folder\HelbreathServer\Sources\Client\Game.cpp(664,61):
4>      while trying to match the argument list '(HANDLE, DXC_ddraw *, const char [11], int, bool)'
4>C:\Users\ShadowEvil\source\repos2\New folder\HelbreathServer\Sources\Client\Game.cpp(668,15): error C2664: 'HANDLE CreateFileW(LPCWSTR,DWORD,DWORD,LPSECURITY_ATTRIBUTES,DWORD,DWORD,HANDLE)': cannot convert argument 1 from 'const char [23]' to 'LPCWSTR'
4>      C:\Users\ShadowEvil\source\repos2\New folder\HelbreathServer\Sources\Client\Game.cpp(668,26):
4>      Types pointed to are unrelated; conversion requires reinterpret_cast, C-style cast or parenthesized function-style cast
4>      C:\Program Files (x86)\Windows Kits\10\Include\10.0.26100.0\um\fileapi.h(93,1):
4>      see declaration of 'CreateFileW'
4>      C:\Users\ShadowEvil\source\repos2\New folder\HelbreathServer\Sources\Client\Game.cpp(668,15):
4>      while trying to match the argument list '(const char [23], unsigned long, int, int, int, int, int)'
4>C:\Users\ShadowEvil\source\repos2\New folder\HelbreathServer\Sources\Client\Game.cpp(670,64): error C2665: 'CSprite::CSprite': no overloaded function could convert all the argument types
4>      C:\Users\ShadowEvil\source\repos2\New folder\HelbreathServer\Sources\Client\Sprite.h(43,2):
4>      could be 'CSprite::CSprite(HANDLE,DXC_ddraw *,char *,short,bool)'
4>          C:\Users\ShadowEvil\source\repos2\New folder\HelbreathServer\Sources\Client\Game.cpp(670,64):
4>          'CSprite::CSprite(HANDLE,DXC_ddraw *,char *,short,bool)': cannot convert argument 3 from 'const char [11]' to 'char *'
4>              C:\Users\ShadowEvil\source\repos2\New folder\HelbreathServer\Sources\Client\Game.cpp(670,87):
4>              Conversion from string literal loses const qualifier (see /Zc:strictStrings)
4>      C:\Users\ShadowEvil\source\repos2\New folder\HelbreathServer\Sources\Client\Game.cpp(670,64):
4>      while trying to match the argument list '(HANDLE, DXC_ddraw *, const char [11], int, bool)'
4>C:\Users\ShadowEvil\source\repos2\New folder\HelbreathServer\Sources\Client\Game.cpp(671,67): error C2665: 'CSprite::CSprite': no overloaded function could convert all the argument types
4>      C:\Users\ShadowEvil\source\repos2\New folder\HelbreathServer\Sources\Client\Sprite.h(43,2):
4>      could be 'CSprite::CSprite(HANDLE,DXC_ddraw *,char *,short,bool)'
4>          C:\Users\ShadowEvil\source\repos2\New folder\HelbreathServer\Sources\Client\Game.cpp(671,67):
4>          'CSprite::CSprite(HANDLE,DXC_ddraw *,char *,short,bool)': cannot convert argument 3 from 'const char [11]' to 'char *'
4>              C:\Users\ShadowEvil\source\repos2\New folder\HelbreathServer\Sources\Client\Game.cpp(671,90):
4>              Conversion from string literal loses const qualifier (see /Zc:strictStrings)
4>      C:\Users\ShadowEvil\source\repos2\New folder\HelbreathServer\Sources\Client\Game.cpp(671,67):
4>      while trying to match the argument list '(HANDLE, DXC_ddraw *, const char [11], int, bool)'
4>C:\Users\ShadowEvil\source\repos2\New folder\HelbreathServer\Sources\Client\Game.cpp(675,15): error C2664: 'HANDLE CreateFileW(LPCWSTR,DWORD,DWORD,LPSECURITY_ATTRIBUTES,DWORD,DWORD,HANDLE)': cannot convert argument 1 from 'const char [21]' to 'LPCWSTR'
4>      C:\Users\ShadowEvil\source\repos2\New folder\HelbreathServer\Sources\Client\Game.cpp(675,26):
4>      Types pointed to are unrelated; conversion requires reinterpret_cast, C-style cast or parenthesized function-style cast
4>      C:\Program Files (x86)\Windows Kits\10\Include\10.0.26100.0\um\fileapi.h(93,1):
4>      see declaration of 'CreateFileW'
4>      C:\Users\ShadowEvil\source\repos2\New folder\HelbreathServer\Sources\Client\Game.cpp(675,15):
4>      while trying to match the argument list '(const char [21], unsigned long, int, int, int, int, int)'
4>C:\Users\ShadowEvil\source\repos2\New folder\HelbreathServer\Sources\Client\Game.cpp(677,60): error C2665: 'CSprite::CSprite': no overloaded function could convert all the argument types
4>      C:\Users\ShadowEvil\source\repos2\New folder\HelbreathServer\Sources\Client\Sprite.h(43,2):
4>      could be 'CSprite::CSprite(HANDLE,DXC_ddraw *,char *,short,bool)'
4>          C:\Users\ShadowEvil\source\repos2\New folder\HelbreathServer\Sources\Client\Game.cpp(677,60):
4>          'CSprite::CSprite(HANDLE,DXC_ddraw *,char *,short,bool)': cannot convert argument 3 from 'const char [9]' to 'char *'
4>              C:\Users\ShadowEvil\source\repos2\New folder\HelbreathServer\Sources\Client\Game.cpp(677,83):
4>              Conversion from string literal loses const qualifier (see /Zc:strictStrings)
4>      C:\Users\ShadowEvil\source\repos2\New folder\HelbreathServer\Sources\Client\Game.cpp(677,60):
4>      while trying to match the argument list '(HANDLE, DXC_ddraw *, const char [9], int, bool)'
4>C:\Users\ShadowEvil\source\repos2\New folder\HelbreathServer\Sources\Client\Game.cpp(678,59): error C2665: 'CSprite::CSprite': no overloaded function could convert all the argument types
4>      C:\Users\ShadowEvil\source\repos2\New folder\HelbreathServer\Sources\Client\Sprite.h(43,2):
4>      could be 'CSprite::CSprite(HANDLE,DXC_ddraw *,char *,short,bool)'
4>          C:\Users\ShadowEvil\source\repos2\New folder\HelbreathServer\Sources\Client\Game.cpp(678,59):
4>          'CSprite::CSprite(HANDLE,DXC_ddraw *,char *,short,bool)': cannot convert argument 3 from 'const char [9]' to 'char *'
4>              C:\Users\ShadowEvil\source\repos2\New folder\HelbreathServer\Sources\Client\Game.cpp(678,82):
4>              Conversion from string literal loses const qualifier (see /Zc:strictStrings)
4>      C:\Users\ShadowEvil\source\repos2\New folder\HelbreathServer\Sources\Client\Game.cpp(678,59):
4>      while trying to match the argument list '(HANDLE, DXC_ddraw *, const char [9], int, bool)'
4>C:\Users\ShadowEvil\source\repos2\New folder\HelbreathServer\Sources\Client\MapData.cpp(27,50): warning C4244: '=': conversion from 'double' to 'short', possible loss of data
4>C:\Users\ShadowEvil\source\repos2\New folder\HelbreathServer\Sources\Client\MapData.cpp(31,49): warning C4244: '=': conversion from 'double' to 'short', possible loss of data
4>C:\Users\ShadowEvil\source\repos2\New folder\HelbreathServer\Sources\Client\MapData.cpp(33,52): warning C4244: '=': conversion from 'double' to 'short', possible loss of data
4>C:\Users\ShadowEvil\source\repos2\New folder\HelbreathServer\Sources\Client\MapData.cpp(50,69): warning C4244: '=': conversion from 'double' to 'short', possible loss of data
4>C:\Users\ShadowEvil\source\repos2\New folder\HelbreathServer\Sources\Client\MapData.cpp(343,51): warning C4244: '=': conversion from 'double' to 'short', possible loss of data
4>C:\Users\ShadowEvil\source\repos2\New folder\HelbreathServer\Sources\Client\MapData.cpp(352,51): warning C4244: '=': conversion from 'double' to 'short', possible loss of data
4>C:\Users\ShadowEvil\source\repos2\New folder\HelbreathServer\Sources\Client\MapData.cpp(361,51): warning C4244: '=': conversion from 'double' to 'short', possible loss of data
4>C:\Users\ShadowEvil\source\repos2\New folder\HelbreathServer\Sources\Client\MapData.cpp(370,51): warning C4244: '=': conversion from 'double' to 'short', possible loss of data
4>C:\Users\ShadowEvil\source\repos2\New folder\HelbreathServer\Sources\Client\Game.cpp(1069,7): error C2664: 'void CGame::SetTopMsg(char *,unsigned char)': cannot convert argument 1 from 'const char [89]' to 'char *'
4>      C:\Users\ShadowEvil\source\repos2\New folder\HelbreathServer\Sources\Client\Game.cpp(1069,18):
4>      Conversion from string literal loses const qualifier (see /Zc:strictStrings)
4>      C:\Users\ShadowEvil\source\repos2\New folder\HelbreathServer\Sources\Client\Game.h(335,7):
4>      see declaration of 'CGame::SetTopMsg'
4>      C:\Users\ShadowEvil\source\repos2\New folder\HelbreathServer\Sources\Client\Game.cpp(1069,7):
4>      while trying to match the argument list '(const char [89], int)'
4>C:\Users\ShadowEvil\source\repos2\New folder\HelbreathServer\Sources\Client\Game.cpp(1086,7): error C2664: 'void CGame::SetTopMsg(char *,unsigned char)': cannot convert argument 1 from 'const char [89]' to 'char *'
4>      C:\Users\ShadowEvil\source\repos2\New folder\HelbreathServer\Sources\Client\Game.cpp(1086,18):
4>      Conversion from string literal loses const qualifier (see /Zc:strictStrings)
4>      C:\Users\ShadowEvil\source\repos2\New folder\HelbreathServer\Sources\Client\Game.h(335,7):
4>      see declaration of 'CGame::SetTopMsg'
4>      C:\Users\ShadowEvil\source\repos2\New folder\HelbreathServer\Sources\Client\Game.cpp(1086,7):
4>      while trying to match the argument list '(const char [89], int)'
4>C:\Users\ShadowEvil\source\repos2\New folder\HelbreathServer\Sources\Client\Game.cpp(1585,33): warning C4805: '==': unsafe mix of type 'int' and type 'bool' in operation
4>C:\Users\ShadowEvil\source\repos2\New folder\HelbreathServer\Sources\Client\Game.cpp(1616,33): warning C4805: '==': unsafe mix of type 'int' and type 'bool' in operation
4>C:\Users\ShadowEvil\source\repos2\New folder\HelbreathServer\Sources\Client\Game.cpp(1849,33): warning C4805: '==': unsafe mix of type 'int' and type 'bool' in operation
4>C:\Users\ShadowEvil\source\repos2\New folder\HelbreathServer\Sources\Client\MapData.cpp(818,14): error C2664: 'HANDLE CreateFileW(LPCWSTR,DWORD,DWORD,LPSECURITY_ATTRIBUTES,DWORD,DWORD,HANDLE)': cannot convert argument 1 from 'char *' to 'LPCWSTR'
4>      C:\Users\ShadowEvil\source\repos2\New folder\HelbreathServer\Sources\Client\MapData.cpp(818,25):
4>      Types pointed to are unrelated; conversion requires reinterpret_cast, C-style cast or parenthesized function-style cast
4>      C:\Program Files (x86)\Windows Kits\10\Include\10.0.26100.0\um\fileapi.h(93,1):
4>      see declaration of 'CreateFileW'
4>      C:\Users\ShadowEvil\source\repos2\New folder\HelbreathServer\Sources\Client\MapData.cpp(818,14):
4>      while trying to match the argument list '(char *, unsigned long, int, int, int, int, int)'
4>C:\Users\ShadowEvil\source\repos2\New folder\HelbreathServer\Sources\Client\Game.cpp(2557,30): warning C4805: '==': unsafe mix of type 'int' and type 'bool' in operation
4>C:\Users\ShadowEvil\source\repos2\New folder\HelbreathServer\Sources\Client\Game.cpp(2559,32): warning C4805: '==': unsafe mix of type 'int' and type 'bool' in operation
4>C:\Users\ShadowEvil\source\repos2\New folder\HelbreathServer\Sources\Client\Game.cpp(2982,2): error C2664: 'void CGame::PutString_SprFont(int,int,char *,short,short,short)': cannot convert argument 3 from 'const char [16]' to 'char *'
4>      C:\Users\ShadowEvil\source\repos2\New folder\HelbreathServer\Sources\Client\Game.cpp(2982,38):
4>      Conversion from string literal loses const qualifier (see /Zc:strictStrings)
4>      C:\Users\ShadowEvil\source\repos2\New folder\HelbreathServer\Sources\Client\Game.h(660,7):
4>      see declaration of 'CGame::PutString_SprFont'
4>      C:\Users\ShadowEvil\source\repos2\New folder\HelbreathServer\Sources\Client\Game.cpp(2982,2):
4>      while trying to match the argument list '(int, int, const char [16], int, int, int)'
4>C:\Users\ShadowEvil\source\repos2\New folder\HelbreathServer\Sources\Client\Game.cpp(2984,2): error C2664: 'void CGame::PutString2(int,int,char *,short,short,short)': cannot convert argument 3 from 'const char [5]' to 'char *'
4>      C:\Users\ShadowEvil\source\repos2\New folder\HelbreathServer\Sources\Client\Game.cpp(2984,36):
4>      Conversion from string literal loses const qualifier (see /Zc:strictStrings)
4>      C:\Users\ShadowEvil\source\repos2\New folder\HelbreathServer\Sources\Client\Game.h(658,7):
4>      see declaration of 'CGame::PutString2'
4>      C:\Users\ShadowEvil\source\repos2\New folder\HelbreathServer\Sources\Client\Game.cpp(2984,2):
4>      while trying to match the argument list '(int, int, const char [5], int, int, int)'
4>C:\Users\ShadowEvil\source\repos2\New folder\HelbreathServer\Sources\Client\Game.cpp(2985,2): error C2664: 'void CGame::PutString2(int,int,char *,short,short,short)': cannot convert argument 3 from 'const char [9]' to 'char *'
4>      C:\Users\ShadowEvil\source\repos2\New folder\HelbreathServer\Sources\Client\Game.cpp(2985,37):
4>      Conversion from string literal loses const qualifier (see /Zc:strictStrings)
4>      C:\Users\ShadowEvil\source\repos2\New folder\HelbreathServer\Sources\Client\Game.h(658,7):
4>      see declaration of 'CGame::PutString2'
4>      C:\Users\ShadowEvil\source\repos2\New folder\HelbreathServer\Sources\Client\Game.cpp(2985,2):
4>      while trying to match the argument list '(int, int, const char [9], int, int, int)'
4>C:\Users\ShadowEvil\source\repos2\New folder\HelbreathServer\Sources\Client\Game.cpp(2986,2): error C2664: 'void CGame::PutString2(int,int,char *,short,short,short)': cannot convert argument 3 from 'const char [6]' to 'char *'
4>      C:\Users\ShadowEvil\source\repos2\New folder\HelbreathServer\Sources\Client\Game.cpp(2986,47):
4>      Conversion from string literal loses const qualifier (see /Zc:strictStrings)
4>      C:\Users\ShadowEvil\source\repos2\New folder\HelbreathServer\Sources\Client\Game.h(658,7):
4>      see declaration of 'CGame::PutString2'
4>      C:\Users\ShadowEvil\source\repos2\New folder\HelbreathServer\Sources\Client\Game.cpp(2986,2):
4>      while trying to match the argument list '(int, int, const char [6], int, int, int)'
4>C:\Users\ShadowEvil\source\repos2\New folder\HelbreathServer\Sources\Client\Game.cpp(3031,5): error C2664: 'int wsprintfW(LPWSTR,LPCWSTR,...)': cannot convert argument 1 from 'char [255]' to 'LPWSTR'
4>      C:\Users\ShadowEvil\source\repos2\New folder\HelbreathServer\Sources\Client\Game.cpp(3031,14):
4>      Types pointed to are unrelated; conversion requires reinterpret_cast, C-style cast or parenthesized function-style cast
4>      C:\Program Files (x86)\Windows Kits\10\Include\10.0.26100.0\um\winuser.h(333,1):
4>      see declaration of 'wsprintfW'
4>      C:\Users\ShadowEvil\source\repos2\New folder\HelbreathServer\Sources\Client\Game.cpp(3031,5):
4>      while trying to match the argument list '(char [255], const char [3], char [21])'
4>C:\Users\ShadowEvil\source\repos2\New folder\HelbreathServer\Sources\Client\Game.cpp(3034,5): error C2664: 'int wsprintfW(LPWSTR,LPCWSTR,...)': cannot convert argument 1 from 'char [255]' to 'LPWSTR'
4>      C:\Users\ShadowEvil\source\repos2\New folder\HelbreathServer\Sources\Client\Game.cpp(3034,14):
4>      Types pointed to are unrelated; conversion requires reinterpret_cast, C-style cast or parenthesized function-style cast
4>      C:\Program Files (x86)\Windows Kits\10\Include\10.0.26100.0\um\winuser.h(333,1):
4>      see declaration of 'wsprintfW'
4>      C:\Users\ShadowEvil\source\repos2\New folder\HelbreathServer\Sources\Client\Game.cpp(3034,5):
4>      while trying to match the argument list '(char [255], const char [6], int, int)'
4>C:\Users\ShadowEvil\source\repos2\New folder\HelbreathServer\Sources\Client\Game.cpp(3037,5): error C2664: 'int wsprintfW(LPWSTR,LPCWSTR,...)': cannot convert argument 1 from 'char [255]' to 'LPWSTR'
4>      C:\Users\ShadowEvil\source\repos2\New folder\HelbreathServer\Sources\Client\Game.cpp(3037,14):
4>      Types pointed to are unrelated; conversion requires reinterpret_cast, C-style cast or parenthesized function-style cast
4>      C:\Program Files (x86)\Windows Kits\10\Include\10.0.26100.0\um\winuser.h(333,1):
4>      see declaration of 'wsprintfW'
4>      C:\Users\ShadowEvil\source\repos2\New folder\HelbreathServer\Sources\Client\Game.cpp(3037,5):
4>      while trying to match the argument list '(char [255], const char [3], int)'
4>C:\Users\ShadowEvil\source\repos2\New folder\HelbreathServer\Sources\Client\MapData.cpp(1821,85): warning C4244: '-=': conversion from 'double' to 'int', possible loss of data
4>C:\Users\ShadowEvil\source\repos2\New folder\HelbreathServer\Sources\Client\Game.cpp(3349,2): error C2664: 'int wsprintfW(LPWSTR,LPCWSTR,...)': cannot convert argument 1 from 'char [28]' to 'LPWSTR'
4>      C:\Users\ShadowEvil\source\repos2\New folder\HelbreathServer\Sources\Client\Game.cpp(3349,12):
4>      Types pointed to are unrelated; conversion requires reinterpret_cast, C-style cast or parenthesized function-style cast
4>      C:\Program Files (x86)\Windows Kits\10\Include\10.0.26100.0\um\winuser.h(333,1):
4>      see declaration of 'wsprintfW'
4>      C:\Users\ShadowEvil\source\repos2\New folder\HelbreathServer\Sources\Client\Game.cpp(3349,2):
4>      while trying to match the argument list '(char [28], const char [15], char *)'
4>C:\Users\ShadowEvil\source\repos2\New folder\HelbreathServer\Sources\Client\Game.cpp(3350,22): error C2664: 'HANDLE CreateFileW(LPCWSTR,DWORD,DWORD,LPSECURITY_ATTRIBUTES,DWORD,DWORD,HANDLE)': cannot convert argument 1 from 'char [28]' to 'LPCWSTR'
4>      C:\Users\ShadowEvil\source\repos2\New folder\HelbreathServer\Sources\Client\Game.cpp(3350,33):
4>      Types pointed to are unrelated; conversion requires reinterpret_cast, C-style cast or parenthesized function-style cast
4>      C:\Program Files (x86)\Windows Kits\10\Include\10.0.26100.0\um\fileapi.h(93,1):
4>      see declaration of 'CreateFileW'
4>      C:\Users\ShadowEvil\source\repos2\New folder\HelbreathServer\Sources\Client\Game.cpp(3350,22):
4>      while trying to match the argument list '(char [28], unsigned long, int, int, int, int, int)'
4>C:\Users\ShadowEvil\source\repos2\New folder\HelbreathServer\Sources\Client\Game.cpp(3364,2): error C2664: 'int wsprintfW(LPWSTR,LPCWSTR,...)': cannot convert argument 1 from 'char [28]' to 'LPWSTR'
4>      C:\Users\ShadowEvil\source\repos2\New folder\HelbreathServer\Sources\Client\Game.cpp(3364,12):
4>      Types pointed to are unrelated; conversion requires reinterpret_cast, C-style cast or parenthesized function-style cast
4>      C:\Program Files (x86)\Windows Kits\10\Include\10.0.26100.0\um\winuser.h(333,1):
4>      see declaration of 'wsprintfW'
4>      C:\Users\ShadowEvil\source\repos2\New folder\HelbreathServer\Sources\Client\Game.cpp(3364,2):
4>      while trying to match the argument list '(char [28], const char [15], char *)'
4>C:\Users\ShadowEvil\source\repos2\New folder\HelbreathServer\Sources\Client\Game.cpp(3365,22): error C2664: 'HANDLE CreateFileW(LPCWSTR,DWORD,DWORD,LPSECURITY_ATTRIBUTES,DWORD,DWORD,HANDLE)': cannot convert argument 1 from 'char [28]' to 'LPCWSTR'
4>      C:\Users\ShadowEvil\source\repos2\New folder\HelbreathServer\Sources\Client\Game.cpp(3365,33):
4>      Types pointed to are unrelated; conversion requires reinterpret_cast, C-style cast or parenthesized function-style cast
4>      C:\Program Files (x86)\Windows Kits\10\Include\10.0.26100.0\um\fileapi.h(93,1):
4>      see declaration of 'CreateFileW'
4>      C:\Users\ShadowEvil\source\repos2\New folder\HelbreathServer\Sources\Client\Game.cpp(3365,22):
4>      while trying to match the argument list '(char [28], unsigned long, int, int, int, int, int)'
4>C:\Users\ShadowEvil\source\repos2\New folder\HelbreathServer\Sources\Client\Game.cpp(3379,2): error C2664: 'int wsprintfW(LPWSTR,LPCWSTR,...)': cannot convert argument 1 from 'char [28]' to 'LPWSTR'
4>      C:\Users\ShadowEvil\source\repos2\New folder\HelbreathServer\Sources\Client\Game.cpp(3379,12):
4>      Types pointed to are unrelated; conversion requires reinterpret_cast, C-style cast or parenthesized function-style cast
4>      C:\Program Files (x86)\Windows Kits\10\Include\10.0.26100.0\um\winuser.h(333,1):
4>      see declaration of 'wsprintfW'
4>      C:\Users\ShadowEvil\source\repos2\New folder\HelbreathServer\Sources\Client\Game.cpp(3379,2):
4>      while trying to match the argument list '(char [28], const char [15], char *)'
4>C:\Users\ShadowEvil\source\repos2\New folder\HelbreathServer\Sources\Client\Game.cpp(3380,22): error C2664: 'HANDLE CreateFileW(LPCWSTR,DWORD,DWORD,LPSECURITY_ATTRIBUTES,DWORD,DWORD,HANDLE)': cannot convert argument 1 from 'char [28]' to 'LPCWSTR'
4>      C:\Users\ShadowEvil\source\repos2\New folder\HelbreathServer\Sources\Client\Game.cpp(3380,33):
4>      Types pointed to are unrelated; conversion requires reinterpret_cast, C-style cast or parenthesized function-style cast
4>      C:\Program Files (x86)\Windows Kits\10\Include\10.0.26100.0\um\fileapi.h(93,1):
4>      see declaration of 'CreateFileW'
4>      C:\Users\ShadowEvil\source\repos2\New folder\HelbreathServer\Sources\Client\Game.cpp(3380,22):
4>      while trying to match the argument list '(char [28], unsigned long, int, int, int, int, int)'
4>C:\Users\ShadowEvil\source\repos2\New folder\HelbreathServer\Sources\Client\Game.cpp(3397,18): error C2664: 'HANDLE CreateFileW(LPCWSTR,DWORD,DWORD,LPSECURITY_ATTRIBUTES,DWORD,DWORD,HANDLE)': cannot convert argument 1 from 'const char [22]' to 'LPCWSTR'
4>      C:\Users\ShadowEvil\source\repos2\New folder\HelbreathServer\Sources\Client\Game.cpp(3397,29):
4>      Types pointed to are unrelated; conversion requires reinterpret_cast, C-style cast or parenthesized function-style cast
4>      C:\Program Files (x86)\Windows Kits\10\Include\10.0.26100.0\um\fileapi.h(93,1):
4>      see declaration of 'CreateFileW'
4>      C:\Users\ShadowEvil\source\repos2\New folder\HelbreathServer\Sources\Client\Game.cpp(3397,18):
4>      while trying to match the argument list '(const char [22], unsigned long, int, int, int, int, int)'
4>C:\Users\ShadowEvil\source\repos2\New folder\HelbreathServer\Sources\Client\Game.cpp(3399,57): error C2665: 'CSprite::CSprite': no overloaded function could convert all the argument types
4>      C:\Users\ShadowEvil\source\repos2\New folder\HelbreathServer\Sources\Client\Sprite.h(43,2):
4>      could be 'CSprite::CSprite(HANDLE,DXC_ddraw *,char *,short,bool)'
4>          C:\Users\ShadowEvil\source\repos2\New folder\HelbreathServer\Sources\Client\Game.cpp(3399,57):
4>          'CSprite::CSprite(HANDLE,DXC_ddraw *,char *,short,bool)': cannot convert argument 3 from 'const char [10]' to 'char *'
4>              C:\Users\ShadowEvil\source\repos2\New folder\HelbreathServer\Sources\Client\Game.cpp(3399,80):
4>              Conversion from string literal loses const qualifier (see /Zc:strictStrings)
4>      C:\Users\ShadowEvil\source\repos2\New folder\HelbreathServer\Sources\Client\Game.cpp(3399,57):
4>      while trying to match the argument list '(HANDLE, DXC_ddraw *, const char [10], int, bool)'
4>C:\Users\ShadowEvil\source\repos2\New folder\HelbreathServer\Sources\Client\Game.cpp(3400,64): error C2665: 'CSprite::CSprite': no overloaded function could convert all the argument types
4>      C:\Users\ShadowEvil\source\repos2\New folder\HelbreathServer\Sources\Client\Sprite.h(43,2):
4>      could be 'CSprite::CSprite(HANDLE,DXC_ddraw *,char *,short,bool)'
4>          C:\Users\ShadowEvil\source\repos2\New folder\HelbreathServer\Sources\Client\Game.cpp(3400,64):
4>          'CSprite::CSprite(HANDLE,DXC_ddraw *,char *,short,bool)': cannot convert argument 3 from 'const char [10]' to 'char *'
4>              C:\Users\ShadowEvil\source\repos2\New folder\HelbreathServer\Sources\Client\Game.cpp(3400,87):
4>              Conversion from string literal loses const qualifier (see /Zc:strictStrings)
4>      C:\Users\ShadowEvil\source\repos2\New folder\HelbreathServer\Sources\Client\Game.cpp(3400,64):
4>      while trying to match the argument list '(HANDLE, DXC_ddraw *, const char [10], int, bool)'
4>C:\Users\ShadowEvil\source\repos2\New folder\HelbreathServer\Sources\Client\MapData.cpp(2339,103): warning C4244: 'argument': conversion from 'short' to 'char', possible loss of data
4>C:\Users\ShadowEvil\source\repos2\New folder\HelbreathServer\Sources\Client\Game.cpp(3404,17): error C2664: 'HANDLE CreateFileW(LPCWSTR,DWORD,DWORD,LPSECURITY_ATTRIBUTES,DWORD,DWORD,HANDLE)': cannot convert argument 1 from 'const char [20]' to 'LPCWSTR'
4>      C:\Users\ShadowEvil\source\repos2\New folder\HelbreathServer\Sources\Client\Game.cpp(3404,28):
4>      Types pointed to are unrelated; conversion requires reinterpret_cast, C-style cast or parenthesized function-style cast
4>      C:\Program Files (x86)\Windows Kits\10\Include\10.0.26100.0\um\fileapi.h(93,1):
4>      see declaration of 'CreateFileW'
4>      C:\Users\ShadowEvil\source\repos2\New folder\HelbreathServer\Sources\Client\Game.cpp(3404,17):
4>      while trying to match the argument list '(const char [20], unsigned long, int, int, int, int, int)'
4>C:\Users\ShadowEvil\source\repos2\New folder\HelbreathServer\Sources\Client\Game.cpp(3406,64): error C2665: 'CSprite::CSprite': no overloaded function could convert all the argument types
4>      C:\Users\ShadowEvil\source\repos2\New folder\HelbreathServer\Sources\Client\Sprite.h(43,2):
4>      could be 'CSprite::CSprite(HANDLE,DXC_ddraw *,char *,short,bool)'
4>          C:\Users\ShadowEvil\source\repos2\New folder\HelbreathServer\Sources\Client\Game.cpp(3406,64):
4>          'CSprite::CSprite(HANDLE,DXC_ddraw *,char *,short,bool)': cannot convert argument 3 from 'const char [8]' to 'char *'
4>              C:\Users\ShadowEvil\source\repos2\New folder\HelbreathServer\Sources\Client\Game.cpp(3406,87):
4>              Conversion from string literal loses const qualifier (see /Zc:strictStrings)
4>      C:\Users\ShadowEvil\source\repos2\New folder\HelbreathServer\Sources\Client\Game.cpp(3406,64):
4>      while trying to match the argument list '(HANDLE, DXC_ddraw *, const char [8], int, bool)'
4>C:\Users\ShadowEvil\source\repos2\New folder\HelbreathServer\Sources\Client\Game.cpp(3407,64): error C2665: 'CSprite::CSprite': no overloaded function could convert all the argument types
4>      C:\Users\ShadowEvil\source\repos2\New folder\HelbreathServer\Sources\Client\Sprite.h(43,2):
4>      could be 'CSprite::CSprite(HANDLE,DXC_ddraw *,char *,short,bool)'
4>          C:\Users\ShadowEvil\source\repos2\New folder\HelbreathServer\Sources\Client\Game.cpp(3407,64):
4>          'CSprite::CSprite(HANDLE,DXC_ddraw *,char *,short,bool)': cannot convert argument 3 from 'const char [8]' to 'char *'
4>              C:\Users\ShadowEvil\source\repos2\New folder\HelbreathServer\Sources\Client\Game.cpp(3407,87):
4>              Conversion from string literal loses const qualifier (see /Zc:strictStrings)
4>      C:\Users\ShadowEvil\source\repos2\New folder\HelbreathServer\Sources\Client\Game.cpp(3407,64):
4>      while trying to match the argument list '(HANDLE, DXC_ddraw *, const char [8], int, bool)'
4>C:\Users\ShadowEvil\source\repos2\New folder\HelbreathServer\Sources\Client\Game.cpp(3408,64): error C2665: 'CSprite::CSprite': no overloaded function could convert all the argument types
4>      C:\Users\ShadowEvil\source\repos2\New folder\HelbreathServer\Sources\Client\Sprite.h(43,2):
4>      could be 'CSprite::CSprite(HANDLE,DXC_ddraw *,char *,short,bool)'
4>          C:\Users\ShadowEvil\source\repos2\New folder\HelbreathServer\Sources\Client\Game.cpp(3408,64):
4>          'CSprite::CSprite(HANDLE,DXC_ddraw *,char *,short,bool)': cannot convert argument 3 from 'const char [8]' to 'char *'
4>              C:\Users\ShadowEvil\source\repos2\New folder\HelbreathServer\Sources\Client\Game.cpp(3408,87):
4>              Conversion from string literal loses const qualifier (see /Zc:strictStrings)
4>      C:\Users\ShadowEvil\source\repos2\New folder\HelbreathServer\Sources\Client\Game.cpp(3408,64):
4>      while trying to match the argument list '(HANDLE, DXC_ddraw *, const char [8], int, bool)'
4>C:\Users\ShadowEvil\source\repos2\New folder\HelbreathServer\Sources\Client\Game.cpp(3409,64): error C2665: 'CSprite::CSprite': no overloaded function could convert all the argument types
4>      C:\Users\ShadowEvil\source\repos2\New folder\HelbreathServer\Sources\Client\Sprite.h(43,2):
4>      could be 'CSprite::CSprite(HANDLE,DXC_ddraw *,char *,short,bool)'
4>          C:\Users\ShadowEvil\source\repos2\New folder\HelbreathServer\Sources\Client\Game.cpp(3409,64):
4>          'CSprite::CSprite(HANDLE,DXC_ddraw *,char *,short,bool)': cannot convert argument 3 from 'const char [8]' to 'char *'
4>              C:\Users\ShadowEvil\source\repos2\New folder\HelbreathServer\Sources\Client\Game.cpp(3409,87):
4>              Conversion from string literal loses const qualifier (see /Zc:strictStrings)
4>      C:\Users\ShadowEvil\source\repos2\New folder\HelbreathServer\Sources\Client\Game.cpp(3409,64):
4>      while trying to match the argument list '(HANDLE, DXC_ddraw *, const char [8], int, bool)'
4>C:\Users\ShadowEvil\source\repos2\New folder\HelbreathServer\Sources\Client\MapData.cpp(3237,102): warning C4244: 'argument': conversion from 'short' to 'char', possible loss of data
4>C:\Users\ShadowEvil\source\repos2\New folder\HelbreathServer\Sources\Client\Game.cpp(3410,64): error C2665: 'CSprite::CSprite': no overloaded function could convert all the argument types
4>      C:\Users\ShadowEvil\source\repos2\New folder\HelbreathServer\Sources\Client\Sprite.h(43,2):
4>      could be 'CSprite::CSprite(HANDLE,DXC_ddraw *,char *,short,bool)'
4>          C:\Users\ShadowEvil\source\repos2\New folder\HelbreathServer\Sources\Client\Game.cpp(3410,64):
4>          'CSprite::CSprite(HANDLE,DXC_ddraw *,char *,short,bool)': cannot convert argument 3 from 'const char [8]' to 'char *'
4>              C:\Users\ShadowEvil\source\repos2\New folder\HelbreathServer\Sources\Client\Game.cpp(3410,87):
4>              Conversion from string literal loses const qualifier (see /Zc:strictStrings)
4>      C:\Users\ShadowEvil\source\repos2\New folder\HelbreathServer\Sources\Client\Game.cpp(3410,64):
4>      while trying to match the argument list '(HANDLE, DXC_ddraw *, const char [8], int, bool)'
4>C:\Users\ShadowEvil\source\repos2\New folder\HelbreathServer\Sources\Client\Game.cpp(3414,17): error C2664: 'HANDLE CreateFileW(LPCWSTR,DWORD,DWORD,LPSECURITY_ATTRIBUTES,DWORD,DWORD,HANDLE)': cannot convert argument 1 from 'const char [24]' to 'LPCWSTR'
4>      C:\Users\ShadowEvil\source\repos2\New folder\HelbreathServer\Sources\Client\Game.cpp(3414,28):
4>      Types pointed to are unrelated; conversion requires reinterpret_cast, C-style cast or parenthesized function-style cast
4>      C:\Program Files (x86)\Windows Kits\10\Include\10.0.26100.0\um\fileapi.h(93,1):
4>      see declaration of 'CreateFileW'
4>      C:\Users\ShadowEvil\source\repos2\New folder\HelbreathServer\Sources\Client\Game.cpp(3414,17):
4>      while trying to match the argument list '(const char [24], unsigned long, int, int, int, int, int)'
4>C:\Users\ShadowEvil\source\repos2\New folder\HelbreathServer\Sources\Client\Game.cpp(3416,64): error C2665: 'CSprite::CSprite': no overloaded function could convert all the argument types
4>      C:\Users\ShadowEvil\source\repos2\New folder\HelbreathServer\Sources\Client\Sprite.h(43,2):
4>      could be 'CSprite::CSprite(HANDLE,DXC_ddraw *,char *,short,bool)'
4>          C:\Users\ShadowEvil\source\repos2\New folder\HelbreathServer\Sources\Client\Game.cpp(3416,64):
4>          'CSprite::CSprite(HANDLE,DXC_ddraw *,char *,short,bool)': cannot convert argument 3 from 'const char [12]' to 'char *'
4>              C:\Users\ShadowEvil\source\repos2\New folder\HelbreathServer\Sources\Client\Game.cpp(3416,87):
4>              Conversion from string literal loses const qualifier (see /Zc:strictStrings)
4>      C:\Users\ShadowEvil\source\repos2\New folder\HelbreathServer\Sources\Client\Game.cpp(3416,64):
4>      while trying to match the argument list '(HANDLE, DXC_ddraw *, const char [12], int, bool)'
4>C:\Users\ShadowEvil\source\repos2\New folder\HelbreathServer\Sources\Client\Game.cpp(3418,69): error C2665: 'CSprite::CSprite': no overloaded function could convert all the argument types
4>      C:\Users\ShadowEvil\source\repos2\New folder\HelbreathServer\Sources\Client\Sprite.h(43,2):
4>      could be 'CSprite::CSprite(HANDLE,DXC_ddraw *,char *,short,bool)'
4>          C:\Users\ShadowEvil\source\repos2\New folder\HelbreathServer\Sources\Client\Game.cpp(3418,69):
4>          'CSprite::CSprite(HANDLE,DXC_ddraw *,char *,short,bool)': cannot convert argument 3 from 'const char [12]' to 'char *'
4>              C:\Users\ShadowEvil\source\repos2\New folder\HelbreathServer\Sources\Client\Game.cpp(3418,92):
4>              Conversion from string literal loses const qualifier (see /Zc:strictStrings)
4>      C:\Users\ShadowEvil\source\repos2\New folder\HelbreathServer\Sources\Client\Game.cpp(3418,69):
4>      while trying to match the argument list '(HANDLE, DXC_ddraw *, const char [12], int, bool)'
4>C:\Users\ShadowEvil\source\repos2\New folder\HelbreathServer\Sources\Client\Game.cpp(3419,68): error C2665: 'CSprite::CSprite': no overloaded function could convert all the argument types
4>      C:\Users\ShadowEvil\source\repos2\New folder\HelbreathServer\Sources\Client\Sprite.h(43,2):
4>      could be 'CSprite::CSprite(HANDLE,DXC_ddraw *,char *,short,bool)'
4>          C:\Users\ShadowEvil\source\repos2\New folder\HelbreathServer\Sources\Client\Game.cpp(3419,68):
4>          'CSprite::CSprite(HANDLE,DXC_ddraw *,char *,short,bool)': cannot convert argument 3 from 'const char [12]' to 'char *'
4>              C:\Users\ShadowEvil\source\repos2\New folder\HelbreathServer\Sources\Client\Game.cpp(3419,91):
4>              Conversion from string literal loses const qualifier (see /Zc:strictStrings)
4>      C:\Users\ShadowEvil\source\repos2\New folder\HelbreathServer\Sources\Client\Game.cpp(3419,68):
4>      while trying to match the argument list '(HANDLE, DXC_ddraw *, const char [12], int, bool)'
4>C:\Users\ShadowEvil\source\repos2\New folder\HelbreathServer\Sources\Client\Game.cpp(3424,17): error C2664: 'HANDLE CreateFileW(LPCWSTR,DWORD,DWORD,LPSECURITY_ATTRIBUTES,DWORD,DWORD,HANDLE)': cannot convert argument 1 from 'const char [25]' to 'LPCWSTR'
4>      C:\Users\ShadowEvil\source\repos2\New folder\HelbreathServer\Sources\Client\Game.cpp(3424,28):
4>      Types pointed to are unrelated; conversion requires reinterpret_cast, C-style cast or parenthesized function-style cast
4>      C:\Program Files (x86)\Windows Kits\10\Include\10.0.26100.0\um\fileapi.h(93,1):
4>      see declaration of 'CreateFileW'
4>      C:\Users\ShadowEvil\source\repos2\New folder\HelbreathServer\Sources\Client\Game.cpp(3424,17):
4>      while trying to match the argument list '(const char [25], unsigned long, int, int, int, int, int)'
4>C:\Users\ShadowEvil\source\repos2\New folder\HelbreathServer\Sources\Client\Game.cpp(3426,69): error C2665: 'CSprite::CSprite': no overloaded function could convert all the argument types
4>      C:\Users\ShadowEvil\source\repos2\New folder\HelbreathServer\Sources\Client\Sprite.h(43,2):
4>      could be 'CSprite::CSprite(HANDLE,DXC_ddraw *,char *,short,bool)'
4>          C:\Users\ShadowEvil\source\repos2\New folder\HelbreathServer\Sources\Client\Game.cpp(3426,69):
4>          'CSprite::CSprite(HANDLE,DXC_ddraw *,char *,short,bool)': cannot convert argument 3 from 'const char [13]' to 'char *'
4>              C:\Users\ShadowEvil\source\repos2\New folder\HelbreathServer\Sources\Client\Game.cpp(3426,92):
4>              Conversion from string literal loses const qualifier (see /Zc:strictStrings)
4>      C:\Users\ShadowEvil\source\repos2\New folder\HelbreathServer\Sources\Client\Game.cpp(3426,69):
4>      while trying to match the argument list '(HANDLE, DXC_ddraw *, const char [13], int, bool)'
4>C:\Users\ShadowEvil\source\repos2\New folder\HelbreathServer\Sources\Client\Game.cpp(3429,19): error C2664: 'HANDLE CreateFileW(LPCWSTR,DWORD,DWORD,LPSECURITY_ATTRIBUTES,DWORD,DWORD,HANDLE)': cannot convert argument 1 from 'const char [23]' to 'LPCWSTR'
4>      C:\Users\ShadowEvil\source\repos2\New folder\HelbreathServer\Sources\Client\Game.cpp(3429,30):
4>      Types pointed to are unrelated; conversion requires reinterpret_cast, C-style cast or parenthesized function-style cast
4>      C:\Program Files (x86)\Windows Kits\10\Include\10.0.26100.0\um\fileapi.h(93,1):
4>      see declaration of 'CreateFileW'
4>      C:\Users\ShadowEvil\source\repos2\New folder\HelbreathServer\Sources\Client\Game.cpp(3429,19):
4>      while trying to match the argument list '(const char [23], unsigned long, int, int, int, int, int)'
4>C:\Users\ShadowEvil\source\repos2\New folder\HelbreathServer\Sources\Client\Game.cpp(3430,69): error C2665: 'CSprite::CSprite': no overloaded function could convert all the argument types
4>      C:\Users\ShadowEvil\source\repos2\New folder\HelbreathServer\Sources\Client\Sprite.h(43,2):
4>      could be 'CSprite::CSprite(HANDLE,DXC_ddraw *,char *,short,bool)'
4>          C:\Users\ShadowEvil\source\repos2\New folder\HelbreathServer\Sources\Client\Game.cpp(3430,69):
4>          'CSprite::CSprite(HANDLE,DXC_ddraw *,char *,short,bool)': cannot convert argument 3 from 'const char [11]' to 'char *'
4>              C:\Users\ShadowEvil\source\repos2\New folder\HelbreathServer\Sources\Client\Game.cpp(3430,92):
4>              Conversion from string literal loses const qualifier (see /Zc:strictStrings)
4>      C:\Users\ShadowEvil\source\repos2\New folder\HelbreathServer\Sources\Client\Game.cpp(3430,69):
4>      while trying to match the argument list '(HANDLE, DXC_ddraw *, const char [11], int, bool)'
4>C:\Users\ShadowEvil\source\repos2\New folder\HelbreathServer\Sources\Client\Game.cpp(3434,17): error C2664: 'HANDLE CreateFileW(LPCWSTR,DWORD,DWORD,LPSECURITY_ATTRIBUTES,DWORD,DWORD,HANDLE)': cannot convert argument 1 from 'const char [23]' to 'LPCWSTR'
4>      C:\Users\ShadowEvil\source\repos2\New folder\HelbreathServer\Sources\Client\Game.cpp(3434,28):
4>      Types pointed to are unrelated; conversion requires reinterpret_cast, C-style cast or parenthesized function-style cast
4>      C:\Program Files (x86)\Windows Kits\10\Include\10.0.26100.0\um\fileapi.h(93,1):
4>      see declaration of 'CreateFileW'
4>      C:\Users\ShadowEvil\source\repos2\New folder\HelbreathServer\Sources\Client\Game.cpp(3434,17):
4>      while trying to match the argument list '(const char [23], unsigned long, int, int, int, int, int)'
4>C:\Users\ShadowEvil\source\repos2\New folder\HelbreathServer\Sources\Client\Game.cpp(3436,67): error C2665: 'CSprite::CSprite': no overloaded function could convert all the argument types
4>      C:\Users\ShadowEvil\source\repos2\New folder\HelbreathServer\Sources\Client\Sprite.h(43,2):
4>      could be 'CSprite::CSprite(HANDLE,DXC_ddraw *,char *,short,bool)'
4>          C:\Users\ShadowEvil\source\repos2\New folder\HelbreathServer\Sources\Client\Game.cpp(3436,67):
4>          'CSprite::CSprite(HANDLE,DXC_ddraw *,char *,short,bool)': cannot convert argument 3 from 'const char [11]' to 'char *'
4>              C:\Users\ShadowEvil\source\repos2\New folder\HelbreathServer\Sources\Client\Game.cpp(3436,90):
4>              Conversion from string literal loses const qualifier (see /Zc:strictStrings)
4>      C:\Users\ShadowEvil\source\repos2\New folder\HelbreathServer\Sources\Client\Game.cpp(3436,67):
4>      while trying to match the argument list '(HANDLE, DXC_ddraw *, const char [11], int, bool)'
4>C:\Users\ShadowEvil\source\repos2\New folder\HelbreathServer\Sources\Client\Game.cpp(3437,63): error C2665: 'CSprite::CSprite': no overloaded function could convert all the argument types
4>      C:\Users\ShadowEvil\source\repos2\New folder\HelbreathServer\Sources\Client\Sprite.h(43,2):
4>      could be 'CSprite::CSprite(HANDLE,DXC_ddraw *,char *,short,bool)'
4>          C:\Users\ShadowEvil\source\repos2\New folder\HelbreathServer\Sources\Client\Game.cpp(3437,63):
4>          'CSprite::CSprite(HANDLE,DXC_ddraw *,char *,short,bool)': cannot convert argument 3 from 'const char [11]' to 'char *'
4>              C:\Users\ShadowEvil\source\repos2\New folder\HelbreathServer\Sources\Client\Game.cpp(3437,86):
4>              Conversion from string literal loses const qualifier (see /Zc:strictStrings)
4>      C:\Users\ShadowEvil\source\repos2\New folder\HelbreathServer\Sources\Client\Game.cpp(3437,63):
4>      while trying to match the argument list '(HANDLE, DXC_ddraw *, const char [11], int, bool)'
4>C:\Users\ShadowEvil\source\repos2\New folder\HelbreathServer\Sources\Client\Game.cpp(3441,17): error C2664: 'HANDLE CreateFileW(LPCWSTR,DWORD,DWORD,LPSECURITY_ATTRIBUTES,DWORD,DWORD,HANDLE)': cannot convert argument 1 from 'const char [23]' to 'LPCWSTR'
4>      C:\Users\ShadowEvil\source\repos2\New folder\HelbreathServer\Sources\Client\Game.cpp(3441,28):
4>      Types pointed to are unrelated; conversion requires reinterpret_cast, C-style cast or parenthesized function-style cast
4>      C:\Program Files (x86)\Windows Kits\10\Include\10.0.26100.0\um\fileapi.h(93,1):
4>      see declaration of 'CreateFileW'
4>      C:\Users\ShadowEvil\source\repos2\New folder\HelbreathServer\Sources\Client\Game.cpp(3441,17):
4>      while trying to match the argument list '(const char [23], unsigned long, int, int, int, int, int)'
4>C:\Users\ShadowEvil\source\repos2\New folder\HelbreathServer\Sources\Client\Game.cpp(3443,69): error C2665: 'CSprite::CSprite': no overloaded function could convert all the argument types
4>      C:\Users\ShadowEvil\source\repos2\New folder\HelbreathServer\Sources\Client\Sprite.h(43,2):
4>      could be 'CSprite::CSprite(HANDLE,DXC_ddraw *,char *,short,bool)'
4>          C:\Users\ShadowEvil\source\repos2\New folder\HelbreathServer\Sources\Client\Game.cpp(3443,69):
4>          'CSprite::CSprite(HANDLE,DXC_ddraw *,char *,short,bool)': cannot convert argument 3 from 'const char [11]' to 'char *'
4>              C:\Users\ShadowEvil\source\repos2\New folder\HelbreathServer\Sources\Client\Game.cpp(3443,92):
4>              Conversion from string literal loses const qualifier (see /Zc:strictStrings)
4>      C:\Users\ShadowEvil\source\repos2\New folder\HelbreathServer\Sources\Client\Game.cpp(3443,69):
4>      while trying to match the argument list '(HANDLE, DXC_ddraw *, const char [11], int, bool)'
4>C:\Users\ShadowEvil\source\repos2\New folder\HelbreathServer\Sources\Client\Game.cpp(3444,69): error C2665: 'CSprite::CSprite': no overloaded function could convert all the argument types
4>      C:\Users\ShadowEvil\source\repos2\New folder\HelbreathServer\Sources\Client\Sprite.h(43,2):
4>      could be 'CSprite::CSprite(HANDLE,DXC_ddraw *,char *,short,bool)'
4>          C:\Users\ShadowEvil\source\repos2\New folder\HelbreathServer\Sources\Client\Game.cpp(3444,69):
4>          'CSprite::CSprite(HANDLE,DXC_ddraw *,char *,short,bool)': cannot convert argument 3 from 'const char [11]' to 'char *'
4>              C:\Users\ShadowEvil\source\repos2\New folder\HelbreathServer\Sources\Client\Game.cpp(3444,92):
4>              Conversion from string literal loses const qualifier (see /Zc:strictStrings)
4>      C:\Users\ShadowEvil\source\repos2\New folder\HelbreathServer\Sources\Client\Game.cpp(3444,69):
4>      while trying to match the argument list '(HANDLE, DXC_ddraw *, const char [11], int, bool)'
4>C:\Users\ShadowEvil\source\repos2\New folder\HelbreathServer\Sources\Client\Game.cpp(3445,69): error C2665: 'CSprite::CSprite': no overloaded function could convert all the argument types
4>      C:\Users\ShadowEvil\source\repos2\New folder\HelbreathServer\Sources\Client\Sprite.h(43,2):
4>      could be 'CSprite::CSprite(HANDLE,DXC_ddraw *,char *,short,bool)'
4>          C:\Users\ShadowEvil\source\repos2\New folder\HelbreathServer\Sources\Client\Game.cpp(3445,69):
4>          'CSprite::CSprite(HANDLE,DXC_ddraw *,char *,short,bool)': cannot convert argument 3 from 'const char [11]' to 'char *'
4>              C:\Users\ShadowEvil\source\repos2\New folder\HelbreathServer\Sources\Client\Game.cpp(3445,92):
4>              Conversion from string literal loses const qualifier (see /Zc:strictStrings)
4>      C:\Users\ShadowEvil\source\repos2\New folder\HelbreathServer\Sources\Client\Game.cpp(3445,69):
4>      while trying to match the argument list '(HANDLE, DXC_ddraw *, const char [11], int, bool)'
4>C:\Users\ShadowEvil\source\repos2\New folder\HelbreathServer\Sources\Client\Game.cpp(3446,69): error C2665: 'CSprite::CSprite': no overloaded function could convert all the argument types
4>      C:\Users\ShadowEvil\source\repos2\New folder\HelbreathServer\Sources\Client\Sprite.h(43,2):
4>      could be 'CSprite::CSprite(HANDLE,DXC_ddraw *,char *,short,bool)'
4>          C:\Users\ShadowEvil\source\repos2\New folder\HelbreathServer\Sources\Client\Game.cpp(3446,69):
4>          'CSprite::CSprite(HANDLE,DXC_ddraw *,char *,short,bool)': cannot convert argument 3 from 'const char [11]' to 'char *'
4>              C:\Users\ShadowEvil\source\repos2\New folder\HelbreathServer\Sources\Client\Game.cpp(3446,92):
4>              Conversion from string literal loses const qualifier (see /Zc:strictStrings)
4>      C:\Users\ShadowEvil\source\repos2\New folder\HelbreathServer\Sources\Client\Game.cpp(3446,69):
4>      while trying to match the argument list '(HANDLE, DXC_ddraw *, const char [11], int, bool)'
4>C:\Users\ShadowEvil\source\repos2\New folder\HelbreathServer\Sources\Client\Game.cpp(3447,69): error C2665: 'CSprite::CSprite': no overloaded function could convert all the argument types
4>      C:\Users\ShadowEvil\source\repos2\New folder\HelbreathServer\Sources\Client\Sprite.h(43,2):
4>      could be 'CSprite::CSprite(HANDLE,DXC_ddraw *,char *,short,bool)'
4>          C:\Users\ShadowEvil\source\repos2\New folder\HelbreathServer\Sources\Client\Game.cpp(3447,69):
4>          'CSprite::CSprite(HANDLE,DXC_ddraw *,char *,short,bool)': cannot convert argument 3 from 'const char [11]' to 'char *'
4>              C:\Users\ShadowEvil\source\repos2\New folder\HelbreathServer\Sources\Client\Game.cpp(3447,92):
4>              Conversion from string literal loses const qualifier (see /Zc:strictStrings)
4>      C:\Users\ShadowEvil\source\repos2\New folder\HelbreathServer\Sources\Client\Game.cpp(3447,69):
4>      while trying to match the argument list '(HANDLE, DXC_ddraw *, const char [11], int, bool)'
4>C:\Users\ShadowEvil\source\repos2\New folder\HelbreathServer\Sources\Client\Game.cpp(3449,69): error C2665: 'CSprite::CSprite': no overloaded function could convert all the argument types
4>      C:\Users\ShadowEvil\source\repos2\New folder\HelbreathServer\Sources\Client\Sprite.h(43,2):
4>      could be 'CSprite::CSprite(HANDLE,DXC_ddraw *,char *,short,bool)'
4>          C:\Users\ShadowEvil\source\repos2\New folder\HelbreathServer\Sources\Client\Game.cpp(3449,69):
4>          'CSprite::CSprite(HANDLE,DXC_ddraw *,char *,short,bool)': cannot convert argument 3 from 'const char [11]' to 'char *'
4>              C:\Users\ShadowEvil\source\repos2\New folder\HelbreathServer\Sources\Client\Game.cpp(3449,92):
4>              Conversion from string literal loses const qualifier (see /Zc:strictStrings)
4>      C:\Users\ShadowEvil\source\repos2\New folder\HelbreathServer\Sources\Client\Game.cpp(3449,69):
4>      while trying to match the argument list '(HANDLE, DXC_ddraw *, const char [11], int, bool)'
4>C:\Users\ShadowEvil\source\repos2\New folder\HelbreathServer\Sources\Client\Game.cpp(3450,69): error C2665: 'CSprite::CSprite': no overloaded function could convert all the argument types
4>      C:\Users\ShadowEvil\source\repos2\New folder\HelbreathServer\Sources\Client\Sprite.h(43,2):
4>      could be 'CSprite::CSprite(HANDLE,DXC_ddraw *,char *,short,bool)'
4>          C:\Users\ShadowEvil\source\repos2\New folder\HelbreathServer\Sources\Client\Game.cpp(3450,69):
4>          'CSprite::CSprite(HANDLE,DXC_ddraw *,char *,short,bool)': cannot convert argument 3 from 'const char [11]' to 'char *'
4>              C:\Users\ShadowEvil\source\repos2\New folder\HelbreathServer\Sources\Client\Game.cpp(3450,92):
4>              Conversion from string literal loses const qualifier (see /Zc:strictStrings)
4>      C:\Users\ShadowEvil\source\repos2\New folder\HelbreathServer\Sources\Client\Game.cpp(3450,69):
4>      while trying to match the argument list '(HANDLE, DXC_ddraw *, const char [11], int, bool)'
4>C:\Users\ShadowEvil\source\repos2\New folder\HelbreathServer\Sources\Client\Game.cpp(3451,69): error C2665: 'CSprite::CSprite': no overloaded function could convert all the argument types
4>      C:\Users\ShadowEvil\source\repos2\New folder\HelbreathServer\Sources\Client\Sprite.h(43,2):
4>      could be 'CSprite::CSprite(HANDLE,DXC_ddraw *,char *,short,bool)'
4>          C:\Users\ShadowEvil\source\repos2\New folder\HelbreathServer\Sources\Client\Game.cpp(3451,69):
4>          'CSprite::CSprite(HANDLE,DXC_ddraw *,char *,short,bool)': cannot convert argument 3 from 'const char [11]' to 'char *'
4>              C:\Users\ShadowEvil\source\repos2\New folder\HelbreathServer\Sources\Client\Game.cpp(3451,92):
4>              Conversion from string literal loses const qualifier (see /Zc:strictStrings)
4>      C:\Users\ShadowEvil\source\repos2\New folder\HelbreathServer\Sources\Client\Game.cpp(3451,69):
4>      while trying to match the argument list '(HANDLE, DXC_ddraw *, const char [11], int, bool)'
4>C:\Users\ShadowEvil\source\repos2\New folder\HelbreathServer\Sources\Client\Game.cpp(3452,69): error C2665: 'CSprite::CSprite': no overloaded function could convert all the argument types
4>      C:\Users\ShadowEvil\source\repos2\New folder\HelbreathServer\Sources\Client\Sprite.h(43,2):
4>      could be 'CSprite::CSprite(HANDLE,DXC_ddraw *,char *,short,bool)'
4>          C:\Users\ShadowEvil\source\repos2\New folder\HelbreathServer\Sources\Client\Game.cpp(3452,69):
4>          'CSprite::CSprite(HANDLE,DXC_ddraw *,char *,short,bool)': cannot convert argument 3 from 'const char [11]' to 'char *'
4>              C:\Users\ShadowEvil\source\repos2\New folder\HelbreathServer\Sources\Client\Game.cpp(3452,92):
4>              Conversion from string literal loses const qualifier (see /Zc:strictStrings)
4>      C:\Users\ShadowEvil\source\repos2\New folder\HelbreathServer\Sources\Client\Game.cpp(3452,69):
4>      while trying to match the argument list '(HANDLE, DXC_ddraw *, const char [11], int, bool)'
4>C:\Users\ShadowEvil\source\repos2\New folder\HelbreathServer\Sources\Client\Game.cpp(3453,70): error C2665: 'CSprite::CSprite': no overloaded function could convert all the argument types
4>      C:\Users\ShadowEvil\source\repos2\New folder\HelbreathServer\Sources\Client\Sprite.h(43,2):
4>      could be 'CSprite::CSprite(HANDLE,DXC_ddraw *,char *,short,bool)'
4>          C:\Users\ShadowEvil\source\repos2\New folder\HelbreathServer\Sources\Client\Game.cpp(3453,70):
4>          'CSprite::CSprite(HANDLE,DXC_ddraw *,char *,short,bool)': cannot convert argument 3 from 'const char [11]' to 'char *'
4>              C:\Users\ShadowEvil\source\repos2\New folder\HelbreathServer\Sources\Client\Game.cpp(3453,93):
4>              Conversion from string literal loses const qualifier (see /Zc:strictStrings)
4>      C:\Users\ShadowEvil\source\repos2\New folder\HelbreathServer\Sources\Client\Game.cpp(3453,70):
4>      while trying to match the argument list '(HANDLE, DXC_ddraw *, const char [11], int, bool)'
4>C:\Users\ShadowEvil\source\repos2\New folder\HelbreathServer\Sources\Client\Game.cpp(3457,17): error C2664: 'HANDLE CreateFileW(LPCWSTR,DWORD,DWORD,LPSECURITY_ATTRIBUTES,DWORD,DWORD,HANDLE)': cannot convert argument 1 from 'const char [24]' to 'LPCWSTR'
4>      C:\Users\ShadowEvil\source\repos2\New folder\HelbreathServer\Sources\Client\Game.cpp(3457,28):
4>      Types pointed to are unrelated; conversion requires reinterpret_cast, C-style cast or parenthesized function-style cast
4>      C:\Program Files (x86)\Windows Kits\10\Include\10.0.26100.0\um\fileapi.h(93,1):
4>      see declaration of 'CreateFileW'
4>      C:\Users\ShadowEvil\source\repos2\New folder\HelbreathServer\Sources\Client\Game.cpp(3457,17):
4>      while trying to match the argument list '(const char [24], unsigned long, int, int, int, int, int)'
4>C:\Users\ShadowEvil\source\repos2\New folder\HelbreathServer\Sources\Client\Game.cpp(3459,70): error C2665: 'CSprite::CSprite': no overloaded function could convert all the argument types
4>      C:\Users\ShadowEvil\source\repos2\New folder\HelbreathServer\Sources\Client\Sprite.h(43,2):
4>      could be 'CSprite::CSprite(HANDLE,DXC_ddraw *,char *,short,bool)'
4>          C:\Users\ShadowEvil\source\repos2\New folder\HelbreathServer\Sources\Client\Game.cpp(3459,70):
4>          'CSprite::CSprite(HANDLE,DXC_ddraw *,char *,short,bool)': cannot convert argument 3 from 'const char [12]' to 'char *'
4>              C:\Users\ShadowEvil\source\repos2\New folder\HelbreathServer\Sources\Client\Game.cpp(3459,93):
4>              Conversion from string literal loses const qualifier (see /Zc:strictStrings)
4>      C:\Users\ShadowEvil\source\repos2\New folder\HelbreathServer\Sources\Client\Game.cpp(3459,70):
4>      while trying to match the argument list '(HANDLE, DXC_ddraw *, const char [12], int, bool)'
4>C:\Users\ShadowEvil\source\repos2\New folder\HelbreathServer\Sources\Client\Game.cpp(3463,17): error C2664: 'HANDLE CreateFileW(LPCWSTR,DWORD,DWORD,LPSECURITY_ATTRIBUTES,DWORD,DWORD,HANDLE)': cannot convert argument 1 from 'const char [24]' to 'LPCWSTR'
4>      C:\Users\ShadowEvil\source\repos2\New folder\HelbreathServer\Sources\Client\Game.cpp(3463,28):
4>      Types pointed to are unrelated; conversion requires reinterpret_cast, C-style cast or parenthesized function-style cast
4>      C:\Program Files (x86)\Windows Kits\10\Include\10.0.26100.0\um\fileapi.h(93,1):
4>      see declaration of 'CreateFileW'
4>      C:\Users\ShadowEvil\source\repos2\New folder\HelbreathServer\Sources\Client\Game.cpp(3463,17):
4>      while trying to match the argument list '(const char [24], unsigned long, int, int, int, int, int)'
4>C:\Users\ShadowEvil\source\repos2\New folder\HelbreathServer\Sources\Client\Game.cpp(3465,70): error C2665: 'CSprite::CSprite': no overloaded function could convert all the argument types
4>      C:\Users\ShadowEvil\source\repos2\New folder\HelbreathServer\Sources\Client\Sprite.h(43,2):
4>      could be 'CSprite::CSprite(HANDLE,DXC_ddraw *,char *,short,bool)'
4>          C:\Users\ShadowEvil\source\repos2\New folder\HelbreathServer\Sources\Client\Game.cpp(3465,70):
4>          'CSprite::CSprite(HANDLE,DXC_ddraw *,char *,short,bool)': cannot convert argument 3 from 'const char [12]' to 'char *'
4>              C:\Users\ShadowEvil\source\repos2\New folder\HelbreathServer\Sources\Client\Game.cpp(3465,93):
4>              Conversion from string literal loses const qualifier (see /Zc:strictStrings)
4>      C:\Users\ShadowEvil\source\repos2\New folder\HelbreathServer\Sources\Client\Game.cpp(3465,70):
4>      while trying to match the argument list '(HANDLE, DXC_ddraw *, const char [12], int, bool)'
4>C:\Users\ShadowEvil\source\repos2\New folder\HelbreathServer\Sources\Client\Game.cpp(3469,17): error C2664: 'HANDLE CreateFileW(LPCWSTR,DWORD,DWORD,LPSECURITY_ATTRIBUTES,DWORD,DWORD,HANDLE)': cannot convert argument 1 from 'const char [23]' to 'LPCWSTR'
4>      C:\Users\ShadowEvil\source\repos2\New folder\HelbreathServer\Sources\Client\Game.cpp(3469,28):
4>      Types pointed to are unrelated; conversion requires reinterpret_cast, C-style cast or parenthesized function-style cast
4>      C:\Program Files (x86)\Windows Kits\10\Include\10.0.26100.0\um\fileapi.h(93,1):
4>      see declaration of 'CreateFileW'
4>      C:\Users\ShadowEvil\source\repos2\New folder\HelbreathServer\Sources\Client\Game.cpp(3469,17):
4>      while trying to match the argument list '(const char [23], unsigned long, int, int, int, int, int)'
4>C:\Users\ShadowEvil\source\repos2\New folder\HelbreathServer\Sources\Client\Game.cpp(3471,63): error C2665: 'CSprite::CSprite': no overloaded function could convert all the argument types
4>      C:\Users\ShadowEvil\source\repos2\New folder\HelbreathServer\Sources\Client\Sprite.h(43,2):
4>      could be 'CSprite::CSprite(HANDLE,DXC_ddraw *,char *,short,bool)'
4>          C:\Users\ShadowEvil\source\repos2\New folder\HelbreathServer\Sources\Client\Game.cpp(3471,63):
4>          'CSprite::CSprite(HANDLE,DXC_ddraw *,char *,short,bool)': cannot convert argument 3 from 'const char [11]' to 'char *'
4>              C:\Users\ShadowEvil\source\repos2\New folder\HelbreathServer\Sources\Client\Game.cpp(3471,86):
4>              Conversion from string literal loses const qualifier (see /Zc:strictStrings)
4>      C:\Users\ShadowEvil\source\repos2\New folder\HelbreathServer\Sources\Client\Game.cpp(3471,63):
4>      while trying to match the argument list '(HANDLE, DXC_ddraw *, const char [11], int, bool)'
4>C:\Users\ShadowEvil\source\repos2\New folder\HelbreathServer\Sources\Client\Game.cpp(3472,65): error C2665: 'CSprite::CSprite': no overloaded function could convert all the argument types
4>      C:\Users\ShadowEvil\source\repos2\New folder\HelbreathServer\Sources\Client\Sprite.h(43,2):
4>      could be 'CSprite::CSprite(HANDLE,DXC_ddraw *,char *,short,bool)'
4>          C:\Users\ShadowEvil\source\repos2\New folder\HelbreathServer\Sources\Client\Game.cpp(3472,65):
4>          'CSprite::CSprite(HANDLE,DXC_ddraw *,char *,short,bool)': cannot convert argument 3 from 'const char [11]' to 'char *'
4>              C:\Users\ShadowEvil\source\repos2\New folder\HelbreathServer\Sources\Client\Game.cpp(3472,88):
4>              Conversion from string literal loses const qualifier (see /Zc:strictStrings)
4>      C:\Users\ShadowEvil\source\repos2\New folder\HelbreathServer\Sources\Client\Game.cpp(3472,65):
4>      while trying to match the argument list '(HANDLE, DXC_ddraw *, const char [11], int, bool)'
4>C:\Users\ShadowEvil\source\repos2\New folder\HelbreathServer\Sources\Client\Game.cpp(3475,4): error C2664: 'void CGame::MakeSprite(char *,short,short,bool)': cannot convert argument 1 from 'const char [10]' to 'char *'
4>      C:\Users\ShadowEvil\source\repos2\New folder\HelbreathServer\Sources\Client\Game.cpp(3475,16):
4>      Conversion from string literal loses const qualifier (see /Zc:strictStrings)
4>      C:\Users\ShadowEvil\source\repos2\New folder\HelbreathServer\Sources\Client\Game.cpp(3345,13):
4>      see declaration of 'CGame::MakeSprite'
4>      C:\Users\ShadowEvil\source\repos2\New folder\HelbreathServer\Sources\Client\Game.cpp(3475,4):
4>      while trying to match the argument list '(const char [10], int, int, bool)'
4>C:\Users\ShadowEvil\source\repos2\New folder\HelbreathServer\Sources\Client\Game.cpp(3476,4): error C2664: 'void CGame::MakeSprite(char *,short,short,bool)': cannot convert argument 1 from 'const char [11]' to 'char *'
4>      C:\Users\ShadowEvil\source\repos2\New folder\HelbreathServer\Sources\Client\Game.cpp(3476,16):
4>      Conversion from string literal loses const qualifier (see /Zc:strictStrings)
4>      C:\Users\ShadowEvil\source\repos2\New folder\HelbreathServer\Sources\Client\Game.cpp(3345,13):
4>      see declaration of 'CGame::MakeSprite'
4>      C:\Users\ShadowEvil\source\repos2\New folder\HelbreathServer\Sources\Client\Game.cpp(3476,4):
4>      while trying to match the argument list '(const char [11], int, int, bool)'
4>C:\Users\ShadowEvil\source\repos2\New folder\HelbreathServer\Sources\Client\Game.cpp(3477,4): error C2664: 'void CGame::MakeSprite(char *,short,short,bool)': cannot convert argument 1 from 'const char [8]' to 'char *'
4>      C:\Users\ShadowEvil\source\repos2\New folder\HelbreathServer\Sources\Client\Game.cpp(3477,16):
4>      Conversion from string literal loses const qualifier (see /Zc:strictStrings)
4>      C:\Users\ShadowEvil\source\repos2\New folder\HelbreathServer\Sources\Client\Game.cpp(3345,13):
4>      see declaration of 'CGame::MakeSprite'
4>      C:\Users\ShadowEvil\source\repos2\New folder\HelbreathServer\Sources\Client\Game.cpp(3477,4):
4>      while trying to match the argument list '(const char [8], int, int, bool)'
4>C:\Users\ShadowEvil\source\repos2\New folder\HelbreathServer\Sources\Client\Game.cpp(3482,5): error C2664: 'void CGame::MakeTileSpr(char *,short,short,bool)': cannot convert argument 1 from 'const char [10]' to 'char *'
4>      C:\Users\ShadowEvil\source\repos2\New folder\HelbreathServer\Sources\Client\Game.cpp(3482,18):
4>      Conversion from string literal loses const qualifier (see /Zc:strictStrings)
4>      C:\Users\ShadowEvil\source\repos2\New folder\HelbreathServer\Sources\Client\Game.cpp(3360,13):
4>      see declaration of 'CGame::MakeTileSpr'
4>      C:\Users\ShadowEvil\source\repos2\New folder\HelbreathServer\Sources\Client\Game.cpp(3482,5):
4>      while trying to match the argument list '(const char [10], int, int, bool)'
4>C:\Users\ShadowEvil\source\repos2\New folder\HelbreathServer\Sources\Client\Game.cpp(3483,17): error C2664: 'HANDLE CreateFileW(LPCWSTR,DWORD,DWORD,LPSECURITY_ATTRIBUTES,DWORD,DWORD,HANDLE)': cannot convert argument 1 from 'const char [24]' to 'LPCWSTR'
4>      C:\Users\ShadowEvil\source\repos2\New folder\HelbreathServer\Sources\Client\Game.cpp(3483,28):
4>      Types pointed to are unrelated; conversion requires reinterpret_cast, C-style cast or parenthesized function-style cast
4>      C:\Program Files (x86)\Windows Kits\10\Include\10.0.26100.0\um\fileapi.h(93,1):
4>      see declaration of 'CreateFileW'
4>      C:\Users\ShadowEvil\source\repos2\New folder\HelbreathServer\Sources\Client\Game.cpp(3483,17):
4>      while trying to match the argument list '(const char [24], unsigned long, int, int, int, int, int)'
4>C:\Users\ShadowEvil\source\repos2\New folder\HelbreathServer\Sources\Client\Game.cpp(3485,43): error C2665: 'CSprite::CSprite': no overloaded function could convert all the argument types
4>      C:\Users\ShadowEvil\source\repos2\New folder\HelbreathServer\Sources\Client\Sprite.h(43,2):
4>      could be 'CSprite::CSprite(HANDLE,DXC_ddraw *,char *,short,bool)'
4>          C:\Users\ShadowEvil\source\repos2\New folder\HelbreathServer\Sources\Client\Game.cpp(3485,43):
4>          'CSprite::CSprite(HANDLE,DXC_ddraw *,char *,short,bool)': cannot convert argument 3 from 'const char [12]' to 'char *'
4>              C:\Users\ShadowEvil\source\repos2\New folder\HelbreathServer\Sources\Client\Game.cpp(3485,66):
4>              Conversion from string literal loses const qualifier (see /Zc:strictStrings)
4>      C:\Users\ShadowEvil\source\repos2\New folder\HelbreathServer\Sources\Client\Game.cpp(3485,43):
4>      while trying to match the argument list '(HANDLE, DXC_ddraw *, const char [12], int, bool)'
4>C:\Users\ShadowEvil\source\repos2\New folder\HelbreathServer\Sources\Client\Game.cpp(3486,43): error C2665: 'CSprite::CSprite': no overloaded function could convert all the argument types
4>      C:\Users\ShadowEvil\source\repos2\New folder\HelbreathServer\Sources\Client\Sprite.h(43,2):
4>      could be 'CSprite::CSprite(HANDLE,DXC_ddraw *,char *,short,bool)'
4>          C:\Users\ShadowEvil\source\repos2\New folder\HelbreathServer\Sources\Client\Game.cpp(3486,43):
4>          'CSprite::CSprite(HANDLE,DXC_ddraw *,char *,short,bool)': cannot convert argument 3 from 'const char [12]' to 'char *'
4>              C:\Users\ShadowEvil\source\repos2\New folder\HelbreathServer\Sources\Client\Game.cpp(3486,66):
4>              Conversion from string literal loses const qualifier (see /Zc:strictStrings)
4>      C:\Users\ShadowEvil\source\repos2\New folder\HelbreathServer\Sources\Client\Game.cpp(3486,43):
4>      while trying to match the argument list '(HANDLE, DXC_ddraw *, const char [12], int, bool)'
4>C:\Users\ShadowEvil\source\repos2\New folder\HelbreathServer\Sources\Client\Game.cpp(3489,4): error C2664: 'void CGame::MakeTileSpr(char *,short,short,bool)': cannot convert argument 1 from 'const char [9]' to 'char *'
4>      C:\Users\ShadowEvil\source\repos2\New folder\HelbreathServer\Sources\Client\Game.cpp(3489,17):
4>      Conversion from string literal loses const qualifier (see /Zc:strictStrings)
4>      C:\Users\ShadowEvil\source\repos2\New folder\HelbreathServer\Sources\Client\Game.cpp(3360,13):
4>      see declaration of 'CGame::MakeTileSpr'
4>      C:\Users\ShadowEvil\source\repos2\New folder\HelbreathServer\Sources\Client\Game.cpp(3489,4):
4>      while trying to match the argument list '(const char [9], int, int, bool)'
4>C:\Users\ShadowEvil\source\repos2\New folder\HelbreathServer\Sources\Client\Game.cpp(3490,4): error C2664: 'void CGame::MakeTileSpr(char *,short,short,bool)': cannot convert argument 1 from 'const char [7]' to 'char *'
4>      C:\Users\ShadowEvil\source\repos2\New folder\HelbreathServer\Sources\Client\Game.cpp(3490,17):
4>      Conversion from string literal loses const qualifier (see /Zc:strictStrings)
4>      C:\Users\ShadowEvil\source\repos2\New folder\HelbreathServer\Sources\Client\Game.cpp(3360,13):
4>      see declaration of 'CGame::MakeTileSpr'
4>      C:\Users\ShadowEvil\source\repos2\New folder\HelbreathServer\Sources\Client\Game.cpp(3490,4):
4>      while trying to match the argument list '(const char [7], int, int, bool)'
4>C:\Users\ShadowEvil\source\repos2\New folder\HelbreathServer\Sources\Client\Game.cpp(3491,4): error C2664: 'void CGame::MakeTileSpr(char *,short,short,bool)': cannot convert argument 1 from 'const char [12]' to 'char *'
4>      C:\Users\ShadowEvil\source\repos2\New folder\HelbreathServer\Sources\Client\Game.cpp(3491,17):
4>      Conversion from string literal loses const qualifier (see /Zc:strictStrings)
4>      C:\Users\ShadowEvil\source\repos2\New folder\HelbreathServer\Sources\Client\Game.cpp(3360,13):
4>      see declaration of 'CGame::MakeTileSpr'
4>      C:\Users\ShadowEvil\source\repos2\New folder\HelbreathServer\Sources\Client\Game.cpp(3491,4):
4>      while trying to match the argument list '(const char [12], int, int, bool)'
4>C:\Users\ShadowEvil\source\repos2\New folder\HelbreathServer\Sources\Client\Game.cpp(3492,4): error C2664: 'void CGame::MakeTileSpr(char *,short,short,bool)': cannot convert argument 1 from 'const char [9]' to 'char *'
4>      C:\Users\ShadowEvil\source\repos2\New folder\HelbreathServer\Sources\Client\Game.cpp(3492,17):
4>      Conversion from string literal loses const qualifier (see /Zc:strictStrings)
4>      C:\Users\ShadowEvil\source\repos2\New folder\HelbreathServer\Sources\Client\Game.cpp(3360,13):
4>      see declaration of 'CGame::MakeTileSpr'
4>      C:\Users\ShadowEvil\source\repos2\New folder\HelbreathServer\Sources\Client\Game.cpp(3492,4):
4>      while trying to match the argument list '(const char [9], int, int, bool)'
4>C:\Users\ShadowEvil\source\repos2\New folder\HelbreathServer\Sources\Client\Game.cpp(3493,4): error C2664: 'void CGame::MakeTileSpr(char *,short,short,bool)': cannot convert argument 1 from 'const char [9]' to 'char *'
4>      C:\Users\ShadowEvil\source\repos2\New folder\HelbreathServer\Sources\Client\Game.cpp(3493,17):
4>      Conversion from string literal loses const qualifier (see /Zc:strictStrings)
4>      C:\Users\ShadowEvil\source\repos2\New folder\HelbreathServer\Sources\Client\Game.cpp(3360,13):
4>      see declaration of 'CGame::MakeTileSpr'
4>      C:\Users\ShadowEvil\source\repos2\New folder\HelbreathServer\Sources\Client\Game.cpp(3493,4):
4>      while trying to match the argument list '(const char [9], int, int, bool)'
4>C:\Users\ShadowEvil\source\repos2\New folder\HelbreathServer\Sources\Client\Game.cpp(3494,4): error C2664: 'void CGame::MakeTileSpr(char *,short,short,bool)': cannot convert argument 1 from 'const char [9]' to 'char *'
4>      C:\Users\ShadowEvil\source\repos2\New folder\HelbreathServer\Sources\Client\Game.cpp(3494,17):
4>      Conversion from string literal loses const qualifier (see /Zc:strictStrings)
4>      C:\Users\ShadowEvil\source\repos2\New folder\HelbreathServer\Sources\Client\Game.cpp(3360,13):
4>      see declaration of 'CGame::MakeTileSpr'
4>      C:\Users\ShadowEvil\source\repos2\New folder\HelbreathServer\Sources\Client\Game.cpp(3494,4):
4>      while trying to match the argument list '(const char [9], int, int, bool)'
4>C:\Users\ShadowEvil\source\repos2\New folder\HelbreathServer\Sources\Client\Game.cpp(3495,4): error C2664: 'void CGame::MakeTileSpr(char *,short,short,bool)': cannot convert argument 1 from 'const char [9]' to 'char *'
4>      C:\Users\ShadowEvil\source\repos2\New folder\HelbreathServer\Sources\Client\Game.cpp(3495,17):
4>      Conversion from string literal loses const qualifier (see /Zc:strictStrings)
4>      C:\Users\ShadowEvil\source\repos2\New folder\HelbreathServer\Sources\Client\Game.cpp(3360,13):
4>      see declaration of 'CGame::MakeTileSpr'
4>      C:\Users\ShadowEvil\source\repos2\New folder\HelbreathServer\Sources\Client\Game.cpp(3495,4):
4>      while trying to match the argument list '(const char [9], int, int, bool)'
4>C:\Users\ShadowEvil\source\repos2\New folder\HelbreathServer\Sources\Client\Game.cpp(3495,4): error C1003: error count exceeds 100; stopping compilation
3>C:\Users\ShadowEvil\source\repos2\New folder\HelbreathServer\Sources\Server\LoginServer.cpp(499,2): error C2664: 'int wsprintfW(LPWSTR,LPCWSTR,...)': cannot convert argument 1 from 'char [112]' to 'LPWSTR'
3>      C:\Users\ShadowEvil\source\repos2\New folder\HelbreathServer\Sources\Server\LoginServer.cpp(499,11):
3>      Types pointed to are unrelated; conversion requires reinterpret_cast, C-style cast or parenthesized function-style cast
3>      C:\Program Files (x86)\Windows Kits\10\Include\10.0.26100.0\um\winuser.h(333,1):
3>      see declaration of 'wsprintfW'
3>      C:\Users\ShadowEvil\source\repos2\New folder\HelbreathServer\Sources\Server\LoginServer.cpp(499,2):
3>      while trying to match the argument list '(char [112], const char [19], int)'
3>C:\Users\ShadowEvil\source\repos2\New folder\HelbreathServer\Sources\Server\LoginServer.cpp(504,2): error C2664: 'int wsprintfW(LPWSTR,LPCWSTR,...)': cannot convert argument 1 from 'char [112]' to 'LPWSTR'
3>      C:\Users\ShadowEvil\source\repos2\New folder\HelbreathServer\Sources\Server\LoginServer.cpp(504,11):
3>      Types pointed to are unrelated; conversion requires reinterpret_cast, C-style cast or parenthesized function-style cast
3>      C:\Program Files (x86)\Windows Kits\10\Include\10.0.26100.0\um\winuser.h(333,1):
3>      see declaration of 'wsprintfW'
3>      C:\Users\ShadowEvil\source\repos2\New folder\HelbreathServer\Sources\Server\LoginServer.cpp(504,2):
3>      while trying to match the argument list '(char [112], const char [19], int)'
3>C:\Users\ShadowEvil\source\repos2\New folder\HelbreathServer\Sources\Server\LoginServer.cpp(509,2): error C2664: 'int wsprintfW(LPWSTR,LPCWSTR,...)': cannot convert argument 1 from 'char [112]' to 'LPWSTR'
3>      C:\Users\ShadowEvil\source\repos2\New folder\HelbreathServer\Sources\Server\LoginServer.cpp(509,11):
3>      Types pointed to are unrelated; conversion requires reinterpret_cast, C-style cast or parenthesized function-style cast
3>      C:\Program Files (x86)\Windows Kits\10\Include\10.0.26100.0\um\winuser.h(333,1):
3>      see declaration of 'wsprintfW'
3>      C:\Users\ShadowEvil\source\repos2\New folder\HelbreathServer\Sources\Server\LoginServer.cpp(509,2):
3>      while trying to match the argument list '(char [112], const char [29], int)'
3>C:\Users\ShadowEvil\source\repos2\New folder\HelbreathServer\Sources\Server\LoginServer.cpp(513,2): error C2664: 'int wsprintfW(LPWSTR,LPCWSTR,...)': cannot convert argument 1 from 'char [112]' to 'LPWSTR'
3>      C:\Users\ShadowEvil\source\repos2\New folder\HelbreathServer\Sources\Server\LoginServer.cpp(513,11):
3>      Types pointed to are unrelated; conversion requires reinterpret_cast, C-style cast or parenthesized function-style cast
3>      C:\Program Files (x86)\Windows Kits\10\Include\10.0.26100.0\um\winuser.h(333,1):
3>      see declaration of 'wsprintfW'
3>      C:\Users\ShadowEvil\source\repos2\New folder\HelbreathServer\Sources\Server\LoginServer.cpp(513,2):
3>      while trying to match the argument list '(char [112], const char [21])'
3>C:\Users\ShadowEvil\source\repos2\New folder\HelbreathServer\Sources\Server\LoginServer.cpp(517,2): error C2664: 'int wsprintfW(LPWSTR,LPCWSTR,...)': cannot convert argument 1 from 'char [112]' to 'LPWSTR'
3>      C:\Users\ShadowEvil\source\repos2\New folder\HelbreathServer\Sources\Server\LoginServer.cpp(517,11):
3>      Types pointed to are unrelated; conversion requires reinterpret_cast, C-style cast or parenthesized function-style cast
3>      C:\Program Files (x86)\Windows Kits\10\Include\10.0.26100.0\um\winuser.h(333,1):
3>      see declaration of 'wsprintfW'
3>      C:\Users\ShadowEvil\source\repos2\New folder\HelbreathServer\Sources\Server\LoginServer.cpp(517,2):
3>      while trying to match the argument list '(char [112], const char [20], char)'
3>C:\Users\ShadowEvil\source\repos2\New folder\HelbreathServer\Sources\Server\LoginServer.cpp(521,2): error C2664: 'int wsprintfW(LPWSTR,LPCWSTR,...)': cannot convert argument 1 from 'char [112]' to 'LPWSTR'
3>      C:\Users\ShadowEvil\source\repos2\New folder\HelbreathServer\Sources\Server\LoginServer.cpp(521,11):
3>      Types pointed to are unrelated; conversion requires reinterpret_cast, C-style cast or parenthesized function-style cast
3>      C:\Program Files (x86)\Windows Kits\10\Include\10.0.26100.0\um\winuser.h(333,1):
3>      see declaration of 'wsprintfW'
3>      C:\Users\ShadowEvil\source\repos2\New folder\HelbreathServer\Sources\Server\LoginServer.cpp(521,2):
3>      while trying to match the argument list '(char [112], const char [20], char)'
3>C:\Users\ShadowEvil\source\repos2\New folder\HelbreathServer\Sources\Server\LoginServer.cpp(525,2): error C2664: 'int wsprintfW(LPWSTR,LPCWSTR,...)': cannot convert argument 1 from 'char [112]' to 'LPWSTR'
3>      C:\Users\ShadowEvil\source\repos2\New folder\HelbreathServer\Sources\Server\LoginServer.cpp(525,11):
3>      Types pointed to are unrelated; conversion requires reinterpret_cast, C-style cast or parenthesized function-style cast
3>      C:\Program Files (x86)\Windows Kits\10\Include\10.0.26100.0\um\winuser.h(333,1):
3>      see declaration of 'wsprintfW'
3>      C:\Users\ShadowEvil\source\repos2\New folder\HelbreathServer\Sources\Server\LoginServer.cpp(525,2):
3>      while trying to match the argument list '(char [112], const char [20], char)'
3>C:\Users\ShadowEvil\source\repos2\New folder\HelbreathServer\Sources\Server\LoginServer.cpp(529,2): error C2664: 'int wsprintfW(LPWSTR,LPCWSTR,...)': cannot convert argument 1 from 'char [112]' to 'LPWSTR'
3>      C:\Users\ShadowEvil\source\repos2\New folder\HelbreathServer\Sources\Server\LoginServer.cpp(529,11):
3>      Types pointed to are unrelated; conversion requires reinterpret_cast, C-style cast or parenthesized function-style cast
3>      C:\Program Files (x86)\Windows Kits\10\Include\10.0.26100.0\um\winuser.h(333,1):
3>      see declaration of 'wsprintfW'
3>      C:\Users\ShadowEvil\source\repos2\New folder\HelbreathServer\Sources\Server\LoginServer.cpp(529,2):
3>      while trying to match the argument list '(char [112], const char [20], char)'
3>C:\Users\ShadowEvil\source\repos2\New folder\HelbreathServer\Sources\Server\LoginServer.cpp(533,2): error C2664: 'int wsprintfW(LPWSTR,LPCWSTR,...)': cannot convert argument 1 from 'char [112]' to 'LPWSTR'
3>      C:\Users\ShadowEvil\source\repos2\New folder\HelbreathServer\Sources\Server\LoginServer.cpp(533,11):
3>      Types pointed to are unrelated; conversion requires reinterpret_cast, C-style cast or parenthesized function-style cast
3>      C:\Program Files (x86)\Windows Kits\10\Include\10.0.26100.0\um\winuser.h(333,1):
3>      see declaration of 'wsprintfW'
3>      C:\Users\ShadowEvil\source\repos2\New folder\HelbreathServer\Sources\Server\LoginServer.cpp(533,2):
3>      while trying to match the argument list '(char [112], const char [20], char)'
3>C:\Users\ShadowEvil\source\repos2\New folder\HelbreathServer\Sources\Server\LoginServer.cpp(537,2): error C2664: 'int wsprintfW(LPWSTR,LPCWSTR,...)': cannot convert argument 1 from 'char [112]' to 'LPWSTR'
3>      C:\Users\ShadowEvil\source\repos2\New folder\HelbreathServer\Sources\Server\LoginServer.cpp(537,11):
3>      Types pointed to are unrelated; conversion requires reinterpret_cast, C-style cast or parenthesized function-style cast
3>      C:\Program Files (x86)\Windows Kits\10\Include\10.0.26100.0\um\winuser.h(333,1):
3>      see declaration of 'wsprintfW'
3>      C:\Users\ShadowEvil\source\repos2\New folder\HelbreathServer\Sources\Server\LoginServer.cpp(537,2):
3>      while trying to match the argument list '(char [112], const char [25], char)'
3>C:\Users\ShadowEvil\source\repos2\New folder\HelbreathServer\Sources\Server\LoginServer.cpp(541,2): error C2664: 'int wsprintfW(LPWSTR,LPCWSTR,...)': cannot convert argument 1 from 'char [112]' to 'LPWSTR'
3>      C:\Users\ShadowEvil\source\repos2\New folder\HelbreathServer\Sources\Server\LoginServer.cpp(541,11):
3>      Types pointed to are unrelated; conversion requires reinterpret_cast, C-style cast or parenthesized function-style cast
3>      C:\Program Files (x86)\Windows Kits\10\Include\10.0.26100.0\um\winuser.h(333,1):
3>      see declaration of 'wsprintfW'
3>      C:\Users\ShadowEvil\source\repos2\New folder\HelbreathServer\Sources\Server\LoginServer.cpp(541,2):
3>      while trying to match the argument list '(char [112], const char [21], int)'
3>C:\Users\ShadowEvil\source\repos2\New folder\HelbreathServer\Sources\Server\LoginServer.cpp(545,2): error C2664: 'int wsprintfW(LPWSTR,LPCWSTR,...)': cannot convert argument 1 from 'char [112]' to 'LPWSTR'
3>      C:\Users\ShadowEvil\source\repos2\New folder\HelbreathServer\Sources\Server\LoginServer.cpp(545,11):
3>      Types pointed to are unrelated; conversion requires reinterpret_cast, C-style cast or parenthesized function-style cast
3>      C:\Program Files (x86)\Windows Kits\10\Include\10.0.26100.0\um\winuser.h(333,1):
3>      see declaration of 'wsprintfW'
3>      C:\Users\ShadowEvil\source\repos2\New folder\HelbreathServer\Sources\Server\LoginServer.cpp(545,2):
3>      while trying to match the argument list '(char [112], const char [20], int)'
3>C:\Users\ShadowEvil\source\repos2\New folder\HelbreathServer\Sources\Server\LoginServer.cpp(549,2): error C2664: 'int wsprintfW(LPWSTR,LPCWSTR,...)': cannot convert argument 1 from 'char [112]' to 'LPWSTR'
3>      C:\Users\ShadowEvil\source\repos2\New folder\HelbreathServer\Sources\Server\LoginServer.cpp(549,11):
3>      Types pointed to are unrelated; conversion requires reinterpret_cast, C-style cast or parenthesized function-style cast
3>      C:\Program Files (x86)\Windows Kits\10\Include\10.0.26100.0\um\winuser.h(333,1):
3>      see declaration of 'wsprintfW'
3>      C:\Users\ShadowEvil\source\repos2\New folder\HelbreathServer\Sources\Server\LoginServer.cpp(549,2):
3>      while trying to match the argument list '(char [112], const char [24], int)'
3>C:\Users\ShadowEvil\source\repos2\New folder\HelbreathServer\Sources\Server\LoginServer.cpp(553,2): error C2664: 'int wsprintfW(LPWSTR,LPCWSTR,...)': cannot convert argument 1 from 'char [112]' to 'LPWSTR'
3>      C:\Users\ShadowEvil\source\repos2\New folder\HelbreathServer\Sources\Server\LoginServer.cpp(553,11):
3>      Types pointed to are unrelated; conversion requires reinterpret_cast, C-style cast or parenthesized function-style cast
3>      C:\Program Files (x86)\Windows Kits\10\Include\10.0.26100.0\um\winuser.h(333,1):
3>      see declaration of 'wsprintfW'
3>      C:\Users\ShadowEvil\source\repos2\New folder\HelbreathServer\Sources\Server\LoginServer.cpp(553,2):
3>      while trying to match the argument list '(char [112], const char [25], int)'
3>C:\Users\ShadowEvil\source\repos2\New folder\HelbreathServer\Sources\Server\LoginServer.cpp(557,2): error C2664: 'int wsprintfW(LPWSTR,LPCWSTR,...)': cannot convert argument 1 from 'char [112]' to 'LPWSTR'
3>      C:\Users\ShadowEvil\source\repos2\New folder\HelbreathServer\Sources\Server\LoginServer.cpp(557,11):
3>      Types pointed to are unrelated; conversion requires reinterpret_cast, C-style cast or parenthesized function-style cast
3>      C:\Program Files (x86)\Windows Kits\10\Include\10.0.26100.0\um\winuser.h(333,1):
3>      see declaration of 'wsprintfW'
3>      C:\Users\ShadowEvil\source\repos2\New folder\HelbreathServer\Sources\Server\LoginServer.cpp(557,2):
3>      while trying to match the argument list '(char [112], const char [25], int)'
3>C:\Users\ShadowEvil\source\repos2\New folder\HelbreathServer\Sources\Server\LoginServer.cpp(561,2): error C2664: 'int wsprintfW(LPWSTR,LPCWSTR,...)': cannot convert argument 1 from 'char [112]' to 'LPWSTR'
3>      C:\Users\ShadowEvil\source\repos2\New folder\HelbreathServer\Sources\Server\LoginServer.cpp(561,11):
3>      Types pointed to are unrelated; conversion requires reinterpret_cast, C-style cast or parenthesized function-style cast
3>      C:\Program Files (x86)\Windows Kits\10\Include\10.0.26100.0\um\winuser.h(333,1):
3>      see declaration of 'wsprintfW'
3>      C:\Users\ShadowEvil\source\repos2\New folder\HelbreathServer\Sources\Server\LoginServer.cpp(561,2):
3>      while trying to match the argument list '(char [112], const char [17], char)'
3>C:\Users\ShadowEvil\source\repos2\New folder\HelbreathServer\Sources\Server\LoginServer.cpp(565,2): error C2664: 'int wsprintfW(LPWSTR,LPCWSTR,...)': cannot convert argument 1 from 'char [112]' to 'LPWSTR'
3>      C:\Users\ShadowEvil\source\repos2\New folder\HelbreathServer\Sources\Server\LoginServer.cpp(565,11):
3>      Types pointed to are unrelated; conversion requires reinterpret_cast, C-style cast or parenthesized function-style cast
3>      C:\Program Files (x86)\Windows Kits\10\Include\10.0.26100.0\um\winuser.h(333,1):
3>      see declaration of 'wsprintfW'
3>      C:\Users\ShadowEvil\source\repos2\New folder\HelbreathServer\Sources\Server\LoginServer.cpp(565,2):
3>      while trying to match the argument list '(char [112], const char [18], char)'
3>C:\Users\ShadowEvil\source\repos2\New folder\HelbreathServer\Sources\Server\LoginServer.cpp(569,2): error C2664: 'int wsprintfW(LPWSTR,LPCWSTR,...)': cannot convert argument 1 from 'char [112]' to 'LPWSTR'
3>      C:\Users\ShadowEvil\source\repos2\New folder\HelbreathServer\Sources\Server\LoginServer.cpp(569,11):
3>      Types pointed to are unrelated; conversion requires reinterpret_cast, C-style cast or parenthesized function-style cast
3>      C:\Program Files (x86)\Windows Kits\10\Include\10.0.26100.0\um\winuser.h(333,1):
3>      see declaration of 'wsprintfW'
3>      C:\Users\ShadowEvil\source\repos2\New folder\HelbreathServer\Sources\Server\LoginServer.cpp(569,2):
3>      while trying to match the argument list '(char [112], const char [23], char)'
3>C:\Users\ShadowEvil\source\repos2\New folder\HelbreathServer\Sources\Server\LoginServer.cpp(573,2): error C2664: 'int wsprintfW(LPWSTR,LPCWSTR,...)': cannot convert argument 1 from 'char [112]' to 'LPWSTR'
3>      C:\Users\ShadowEvil\source\repos2\New folder\HelbreathServer\Sources\Server\LoginServer.cpp(573,11):
3>      Types pointed to are unrelated; conversion requires reinterpret_cast, C-style cast or parenthesized function-style cast
3>      C:\Program Files (x86)\Windows Kits\10\Include\10.0.26100.0\um\winuser.h(333,1):
3>      see declaration of 'wsprintfW'
3>      C:\Users\ShadowEvil\source\repos2\New folder\HelbreathServer\Sources\Server\LoginServer.cpp(573,2):
3>      while trying to match the argument list '(char [112], const char [23], char)'
3>C:\Users\ShadowEvil\source\repos2\New folder\HelbreathServer\Sources\Server\LoginServer.cpp(577,2): error C2664: 'int wsprintfW(LPWSTR,LPCWSTR,...)': cannot convert argument 1 from 'char [112]' to 'LPWSTR'
3>      C:\Users\ShadowEvil\source\repos2\New folder\HelbreathServer\Sources\Server\LoginServer.cpp(577,11):
3>      Types pointed to are unrelated; conversion requires reinterpret_cast, C-style cast or parenthesized function-style cast
3>      C:\Program Files (x86)\Windows Kits\10\Include\10.0.26100.0\um\winuser.h(333,1):
3>      see declaration of 'wsprintfW'
3>      C:\Users\ShadowEvil\source\repos2\New folder\HelbreathServer\Sources\Server\LoginServer.cpp(577,2):
3>      while trying to match the argument list '(char [112], const char [23], char)'
3>C:\Users\ShadowEvil\source\repos2\New folder\HelbreathServer\Sources\Server\LoginServer.cpp(581,2): error C2664: 'int wsprintfW(LPWSTR,LPCWSTR,...)': cannot convert argument 1 from 'char [112]' to 'LPWSTR'
3>      C:\Users\ShadowEvil\source\repos2\New folder\HelbreathServer\Sources\Server\LoginServer.cpp(581,11):
3>      Types pointed to are unrelated; conversion requires reinterpret_cast, C-style cast or parenthesized function-style cast
3>      C:\Program Files (x86)\Windows Kits\10\Include\10.0.26100.0\um\winuser.h(333,1):
3>      see declaration of 'wsprintfW'
3>      C:\Users\ShadowEvil\source\repos2\New folder\HelbreathServer\Sources\Server\LoginServer.cpp(581,2):
3>      while trying to match the argument list '(char [112], const char [12], int)'
3>C:\Users\ShadowEvil\source\repos2\New folder\HelbreathServer\Sources\Server\LoginServer.cpp(585,2): error C2664: 'int wsprintfW(LPWSTR,LPCWSTR,...)': cannot convert argument 1 from 'char [112]' to 'LPWSTR'
3>      C:\Users\ShadowEvil\source\repos2\New folder\HelbreathServer\Sources\Server\LoginServer.cpp(585,11):
3>      Types pointed to are unrelated; conversion requires reinterpret_cast, C-style cast or parenthesized function-style cast
3>      C:\Program Files (x86)\Windows Kits\10\Include\10.0.26100.0\um\winuser.h(333,1):
3>      see declaration of 'wsprintfW'
3>      C:\Users\ShadowEvil\source\repos2\New folder\HelbreathServer\Sources\Server\LoginServer.cpp(585,2):
3>      while trying to match the argument list '(char [112], const char [12], int)'
3>C:\Users\ShadowEvil\source\repos2\New folder\HelbreathServer\Sources\Server\LoginServer.cpp(589,2): error C2664: 'int wsprintfW(LPWSTR,LPCWSTR,...)': cannot convert argument 1 from 'char [112]' to 'LPWSTR'
3>      C:\Users\ShadowEvil\source\repos2\New folder\HelbreathServer\Sources\Server\LoginServer.cpp(589,11):
3>      Types pointed to are unrelated; conversion requires reinterpret_cast, C-style cast or parenthesized function-style cast
3>      C:\Program Files (x86)\Windows Kits\10\Include\10.0.26100.0\um\winuser.h(333,1):
3>      see declaration of 'wsprintfW'
3>      C:\Users\ShadowEvil\source\repos2\New folder\HelbreathServer\Sources\Server\LoginServer.cpp(589,2):
3>      while trying to match the argument list '(char [112], const char [12], int)'
3>C:\Users\ShadowEvil\source\repos2\New folder\HelbreathServer\Sources\Server\LoginServer.cpp(593,2): error C2664: 'int wsprintfW(LPWSTR,LPCWSTR,...)': cannot convert argument 1 from 'char [112]' to 'LPWSTR'
3>      C:\Users\ShadowEvil\source\repos2\New folder\HelbreathServer\Sources\Server\LoginServer.cpp(593,11):
3>      Types pointed to are unrelated; conversion requires reinterpret_cast, C-style cast or parenthesized function-style cast
3>      C:\Program Files (x86)\Windows Kits\10\Include\10.0.26100.0\um\winuser.h(333,1):
3>      see declaration of 'wsprintfW'
3>      C:\Users\ShadowEvil\source\repos2\New folder\HelbreathServer\Sources\Server\LoginServer.cpp(593,2):
3>      while trying to match the argument list '(char [112], const char [12], int)'
3>C:\Users\ShadowEvil\source\repos2\New folder\HelbreathServer\Sources\Server\LoginServer.cpp(620,4): error C2664: 'int wsprintfW(LPWSTR,LPCWSTR,...)': cannot convert argument 1 from 'char [120]' to 'LPWSTR'
3>      C:\Users\ShadowEvil\source\repos2\New folder\HelbreathServer\Sources\Server\LoginServer.cpp(620,13):
3>      Types pointed to are unrelated; conversion requires reinterpret_cast, C-style cast or parenthesized function-style cast
3>      C:\Program Files (x86)\Windows Kits\10\Include\10.0.26100.0\um\winuser.h(333,1):
3>      see declaration of 'wsprintfW'
3>      C:\Users\ShadowEvil\source\repos2\New folder\HelbreathServer\Sources\Server\LoginServer.cpp(620,4):
3>      while trying to match the argument list '(char [120], const char [63], int)'
3>C:\Users\ShadowEvil\source\repos2\New folder\HelbreathServer\Sources\Server\LoginServer.cpp(623,4): error C2664: 'int wsprintfW(LPWSTR,LPCWSTR,...)': cannot convert argument 1 from 'char [120]' to 'LPWSTR'
3>      C:\Users\ShadowEvil\source\repos2\New folder\HelbreathServer\Sources\Server\LoginServer.cpp(623,13):
3>      Types pointed to are unrelated; conversion requires reinterpret_cast, C-style cast or parenthesized function-style cast
3>      C:\Program Files (x86)\Windows Kits\10\Include\10.0.26100.0\um\winuser.h(333,1):
3>      see declaration of 'wsprintfW'
3>      C:\Users\ShadowEvil\source\repos2\New folder\HelbreathServer\Sources\Server\LoginServer.cpp(623,4):
3>      while trying to match the argument list '(char [120], const char [63], int)'
3>C:\Users\ShadowEvil\source\repos2\New folder\HelbreathServer\Sources\Server\LoginServer.cpp(685,2): error C2664: 'int wsprintfW(LPWSTR,LPCWSTR,...)': cannot convert argument 1 from 'char [512]' to 'LPWSTR'
3>      C:\Users\ShadowEvil\source\repos2\New folder\HelbreathServer\Sources\Server\LoginServer.cpp(685,11):
3>      Types pointed to are unrelated; conversion requires reinterpret_cast, C-style cast or parenthesized function-style cast
3>      C:\Program Files (x86)\Windows Kits\10\Include\10.0.26100.0\um\winuser.h(333,1):
3>      see declaration of 'wsprintfW'
3>      C:\Users\ShadowEvil\source\repos2\New folder\HelbreathServer\Sources\Server\LoginServer.cpp(685,2):
3>      while trying to match the argument list '(char [512], const char [33], char [11])'
3>C:\Users\ShadowEvil\source\repos2\New folder\HelbreathServer\Sources\Server\LoginServer.cpp(702,2): error C2664: 'int wsprintfW(LPWSTR,LPCWSTR,...)': cannot convert argument 1 from 'char [112]' to 'LPWSTR'
3>      C:\Users\ShadowEvil\source\repos2\New folder\HelbreathServer\Sources\Server\LoginServer.cpp(702,11):
3>      Types pointed to are unrelated; conversion requires reinterpret_cast, C-style cast or parenthesized function-style cast
3>      C:\Program Files (x86)\Windows Kits\10\Include\10.0.26100.0\um\winuser.h(333,1):
3>      see declaration of 'wsprintfW'
3>      C:\Users\ShadowEvil\source\repos2\New folder\HelbreathServer\Sources\Server\LoginServer.cpp(702,2):
3>      while trying to match the argument list '(char [112], const char [8], char)'
3>C:\Users\ShadowEvil\source\repos2\New folder\HelbreathServer\Sources\Server\LoginServer.cpp(710,2): error C2664: 'BOOL DeleteFileW(LPCWSTR)': cannot convert argument 1 from 'char [112]' to 'LPCWSTR'
3>      C:\Users\ShadowEvil\source\repos2\New folder\HelbreathServer\Sources\Server\LoginServer.cpp(710,13):
3>      Types pointed to are unrelated; conversion requires reinterpret_cast, C-style cast or parenthesized function-style cast
3>      C:\Program Files (x86)\Windows Kits\10\Include\10.0.26100.0\um\fileapi.h(144,1):
3>      see declaration of 'DeleteFileW'
3>      C:\Users\ShadowEvil\source\repos2\New folder\HelbreathServer\Sources\Server\LoginServer.cpp(710,2):
3>      while trying to match the argument list '(char [112])'
3>C:\Users\ShadowEvil\source\repos2\New folder\HelbreathServer\Sources\Server\LoginServer.cpp(717,2): error C2664: 'int wsprintfW(LPWSTR,LPCWSTR,...)': cannot convert argument 1 from 'char [112]' to 'LPWSTR'
3>      C:\Users\ShadowEvil\source\repos2\New folder\HelbreathServer\Sources\Server\LoginServer.cpp(717,11):
3>      Types pointed to are unrelated; conversion requires reinterpret_cast, C-style cast or parenthesized function-style cast
3>      C:\Program Files (x86)\Windows Kits\10\Include\10.0.26100.0\um\winuser.h(333,1):
3>      see declaration of 'wsprintfW'
3>      C:\Users\ShadowEvil\source\repos2\New folder\HelbreathServer\Sources\Server\LoginServer.cpp(717,2):
3>      while trying to match the argument list '(char [112], const char [8], char)'
3>C:\Users\ShadowEvil\source\repos2\New folder\HelbreathServer\Sources\Server\LoginServer.cpp(726,3): error C2664: 'void PutLogList(char *)': cannot convert argument 1 from 'const char [19]' to 'char *'
3>      C:\Users\ShadowEvil\source\repos2\New folder\HelbreathServer\Sources\Server\LoginServer.cpp(726,14):
3>      Conversion from string literal loses const qualifier (see /Zc:strictStrings)
3>      C:\Users\ShadowEvil\source\repos2\New folder\HelbreathServer\Sources\Server\winmain.h(11,6):
3>      see declaration of 'PutLogList'
3>      C:\Users\ShadowEvil\source\repos2\New folder\HelbreathServer\Sources\Server\LoginServer.cpp(726,3):
3>      while trying to match the argument list '(const char [19])'
3>C:\Users\ShadowEvil\source\repos2\New folder\HelbreathServer\Sources\Server\LoginServer.cpp(804,2): error C2664: 'int wsprintfW(LPWSTR,LPCWSTR,...)': cannot convert argument 1 from 'char [512]' to 'LPWSTR'
3>      C:\Users\ShadowEvil\source\repos2\New folder\HelbreathServer\Sources\Server\LoginServer.cpp(804,11):
3>      Types pointed to are unrelated; conversion requires reinterpret_cast, C-style cast or parenthesized function-style cast
3>      C:\Program Files (x86)\Windows Kits\10\Include\10.0.26100.0\um\winuser.h(333,1):
3>      see declaration of 'wsprintfW'
3>      C:\Users\ShadowEvil\source\repos2\New folder\HelbreathServer\Sources\Server\LoginServer.cpp(804,2):
3>      while trying to match the argument list '(char [512], const char [32], char [11])'
3>C:\Users\ShadowEvil\source\repos2\New folder\HelbreathServer\Sources\Server\LoginServer.cpp(825,2): error C2664: 'int wsprintfW(LPWSTR,LPCWSTR,...)': cannot convert argument 1 from 'char [1024]' to 'LPWSTR'
3>      C:\Users\ShadowEvil\source\repos2\New folder\HelbreathServer\Sources\Server\LoginServer.cpp(825,11):
3>      Types pointed to are unrelated; conversion requires reinterpret_cast, C-style cast or parenthesized function-style cast
3>      C:\Program Files (x86)\Windows Kits\10\Include\10.0.26100.0\um\winuser.h(333,1):
3>      see declaration of 'wsprintfW'
3>      C:\Users\ShadowEvil\source\repos2\New folder\HelbreathServer\Sources\Server\LoginServer.cpp(825,2):
3>      while trying to match the argument list '(char [1024], const char [24], char, char [11])'
3>C:\Users\ShadowEvil\source\repos2\New folder\HelbreathServer\Sources\Server\LoginServer.cpp(826,18): error C2664: 'HANDLE CreateFileW(LPCWSTR,DWORD,DWORD,LPSECURITY_ATTRIBUTES,DWORD,DWORD,HANDLE)': cannot convert argument 1 from 'char [1024]' to 'LPCWSTR'
3>      C:\Users\ShadowEvil\source\repos2\New folder\HelbreathServer\Sources\Server\LoginServer.cpp(826,29):
3>      Types pointed to are unrelated; conversion requires reinterpret_cast, C-style cast or parenthesized function-style cast
3>      C:\Program Files (x86)\Windows Kits\10\Include\10.0.26100.0\um\fileapi.h(93,1):
3>      see declaration of 'CreateFileW'
3>      C:\Users\ShadowEvil\source\repos2\New folder\HelbreathServer\Sources\Server\LoginServer.cpp(826,18):
3>      while trying to match the argument list '(char [1024], unsigned long, int, int, int, int, int)'
3>C:\Users\ShadowEvil\source\repos2\New folder\HelbreathServer\Sources\Server\LoginServer.cpp(842,2): error C2664: 'int wsprintfW(LPWSTR,LPCWSTR,...)': cannot convert argument 1 from 'char [112]' to 'LPWSTR'
3>      C:\Users\ShadowEvil\source\repos2\New folder\HelbreathServer\Sources\Server\LoginServer.cpp(842,11):
3>      Types pointed to are unrelated; conversion requires reinterpret_cast, C-style cast or parenthesized function-style cast
3>      C:\Program Files (x86)\Windows Kits\10\Include\10.0.26100.0\um\winuser.h(333,1):
3>      see declaration of 'wsprintfW'
3>      C:\Users\ShadowEvil\source\repos2\New folder\HelbreathServer\Sources\Server\LoginServer.cpp(842,2):
3>      while trying to match the argument list '(char [112], const char [8], char)'
3>C:\Users\ShadowEvil\source\repos2\New folder\HelbreathServer\Sources\Server\LoginServer.cpp(851,3): error C2664: 'void PutLogList(char *)': cannot convert argument 1 from 'const char [19]' to 'char *'
3>      C:\Users\ShadowEvil\source\repos2\New folder\HelbreathServer\Sources\Server\LoginServer.cpp(851,14):
3>      Conversion from string literal loses const qualifier (see /Zc:strictStrings)
3>      C:\Users\ShadowEvil\source\repos2\New folder\HelbreathServer\Sources\Server\winmain.h(11,6):
3>      see declaration of 'PutLogList'
3>      C:\Users\ShadowEvil\source\repos2\New folder\HelbreathServer\Sources\Server\LoginServer.cpp(851,3):
3>      while trying to match the argument list '(const char [19])'
3>C:\Users\ShadowEvil\source\repos2\New folder\HelbreathServer\Sources\Server\LoginServer.cpp(956,2): error C2664: 'int wsprintfW(LPWSTR,LPCWSTR,...)': cannot convert argument 1 from 'char [512]' to 'LPWSTR'
3>      C:\Users\ShadowEvil\source\repos2\New folder\HelbreathServer\Sources\Server\LoginServer.cpp(956,11):
3>      Types pointed to are unrelated; conversion requires reinterpret_cast, C-style cast or parenthesized function-style cast
3>      C:\Program Files (x86)\Windows Kits\10\Include\10.0.26100.0\um\winuser.h(333,1):
3>      see declaration of 'wsprintfW'
3>      C:\Users\ShadowEvil\source\repos2\New folder\HelbreathServer\Sources\Server\LoginServer.cpp(956,2):
3>      while trying to match the argument list '(char [512], const char [35], char [12])'
3>C:\Users\ShadowEvil\source\repos2\New folder\HelbreathServer\Sources\Server\LoginServer.cpp(963,2): error C2664: 'int wsprintfW(LPWSTR,LPCWSTR,...)': cannot convert argument 1 from 'char [1024]' to 'LPWSTR'
3>      C:\Users\ShadowEvil\source\repos2\New folder\HelbreathServer\Sources\Server\LoginServer.cpp(963,11):
3>      Types pointed to are unrelated; conversion requires reinterpret_cast, C-style cast or parenthesized function-style cast
3>      C:\Program Files (x86)\Windows Kits\10\Include\10.0.26100.0\um\winuser.h(333,1):
3>      see declaration of 'wsprintfW'
3>      C:\Users\ShadowEvil\source\repos2\New folder\HelbreathServer\Sources\Server\LoginServer.cpp(963,2):
3>      while trying to match the argument list '(char [1024], const char [24], char, char [12])'
3>C:\Users\ShadowEvil\source\repos2\New folder\HelbreathServer\Sources\Server\LoginServer.cpp(964,10): error C2664: 'HANDLE CreateFileW(LPCWSTR,DWORD,DWORD,LPSECURITY_ATTRIBUTES,DWORD,DWORD,HANDLE)': cannot convert argument 1 from 'char [1024]' to 'LPCWSTR'
3>      C:\Users\ShadowEvil\source\repos2\New folder\HelbreathServer\Sources\Server\LoginServer.cpp(964,21):
3>      Types pointed to are unrelated; conversion requires reinterpret_cast, C-style cast or parenthesized function-style cast
3>      C:\Program Files (x86)\Windows Kits\10\Include\10.0.26100.0\um\fileapi.h(93,1):
3>      see declaration of 'CreateFileW'
3>      C:\Users\ShadowEvil\source\repos2\New folder\HelbreathServer\Sources\Server\LoginServer.cpp(964,10):
3>      while trying to match the argument list '(char [1024], unsigned long, int, int, int, int, int)'
3>C:\Users\ShadowEvil\source\repos2\New folder\HelbreathServer\Sources\Server\LoginServer.cpp(982,2): error C2664: 'int wsprintfW(LPWSTR,LPCWSTR,...)': cannot convert argument 1 from 'char [1024]' to 'LPWSTR'
3>      C:\Users\ShadowEvil\source\repos2\New folder\HelbreathServer\Sources\Server\LoginServer.cpp(982,11):
3>      Types pointed to are unrelated; conversion requires reinterpret_cast, C-style cast or parenthesized function-style cast
3>      C:\Program Files (x86)\Windows Kits\10\Include\10.0.26100.0\um\winuser.h(333,1):
3>      see declaration of 'wsprintfW'
3>      C:\Users\ShadowEvil\source\repos2\New folder\HelbreathServer\Sources\Server\LoginServer.cpp(982,2):
3>      while trying to match the argument list '(char [1024], const char [17], char)'
3>C:\Users\ShadowEvil\source\repos2\New folder\HelbreathServer\Sources\Server\LoginServer.cpp(986,2): error C2664: 'int wsprintfW(LPWSTR,LPCWSTR,...)': cannot convert argument 1 from 'char [1024]' to 'LPWSTR'
3>      C:\Users\ShadowEvil\source\repos2\New folder\HelbreathServer\Sources\Server\LoginServer.cpp(986,11):
3>      Types pointed to are unrelated; conversion requires reinterpret_cast, C-style cast or parenthesized function-style cast
3>      C:\Program Files (x86)\Windows Kits\10\Include\10.0.26100.0\um\winuser.h(333,1):
3>      see declaration of 'wsprintfW'
3>      C:\Users\ShadowEvil\source\repos2\New folder\HelbreathServer\Sources\Server\LoginServer.cpp(986,2):
3>      while trying to match the argument list '(char [1024], const char [24], char, char [12])'
3>C:\Users\ShadowEvil\source\repos2\New folder\HelbreathServer\Sources\Server\LoginServer.cpp(999,2): error C2664: 'int wsprintfW(LPWSTR,LPCWSTR,...)': cannot convert argument 1 from 'char [1024]' to 'LPWSTR'
3>      C:\Users\ShadowEvil\source\repos2\New folder\HelbreathServer\Sources\Server\LoginServer.cpp(999,11):
3>      Types pointed to are unrelated; conversion requires reinterpret_cast, C-style cast or parenthesized function-style cast
3>      C:\Program Files (x86)\Windows Kits\10\Include\10.0.26100.0\um\winuser.h(333,1):
3>      see declaration of 'wsprintfW'
3>      C:\Users\ShadowEvil\source\repos2\New folder\HelbreathServer\Sources\Server\LoginServer.cpp(999,2):
3>      while trying to match the argument list '(char [1024], const char [28], WORD, WORD, WORD, WORD, WORD, char [21])'
3>C:\Users\ShadowEvil\source\repos2\New folder\HelbreathServer\Sources\Server\LoginServer.cpp(1020,2): error C2664: 'int wsprintfW(LPWSTR,LPCWSTR,...)': cannot convert argument 1 from 'char [1024]' to 'LPWSTR'
3>      C:\Users\ShadowEvil\source\repos2\New folder\HelbreathServer\Sources\Server\LoginServer.cpp(1020,11):
3>      Types pointed to are unrelated; conversion requires reinterpret_cast, C-style cast or parenthesized function-style cast
3>      C:\Program Files (x86)\Windows Kits\10\Include\10.0.26100.0\um\winuser.h(333,1):
3>      see declaration of 'wsprintfW'
3>      C:\Users\ShadowEvil\source\repos2\New folder\HelbreathServer\Sources\Server\LoginServer.cpp(1020,2):
3>      while trying to match the argument list '(char [1024], const char [3], char [52])'
3>C:\Users\ShadowEvil\source\repos2\New folder\HelbreathServer\Sources\Server\LoginServer.cpp(1026,2): error C2664: 'int wsprintfW(LPWSTR,LPCWSTR,...)': cannot convert argument 1 from 'char [1024]' to 'LPWSTR'
3>      C:\Users\ShadowEvil\source\repos2\New folder\HelbreathServer\Sources\Server\LoginServer.cpp(1026,11):
3>      Types pointed to are unrelated; conversion requires reinterpret_cast, C-style cast or parenthesized function-style cast
3>      C:\Program Files (x86)\Windows Kits\10\Include\10.0.26100.0\um\winuser.h(333,1):
3>      see declaration of 'wsprintfW'
3>      C:\Users\ShadowEvil\source\repos2\New folder\HelbreathServer\Sources\Server\LoginServer.cpp(1026,2):
3>      while trying to match the argument list '(char [1024], const char [3], char [47])'
3>C:\Users\ShadowEvil\source\repos2\New folder\HelbreathServer\Sources\Server\LoginServer.cpp(1032,2): error C2664: 'int wsprintfW(LPWSTR,LPCWSTR,...)': cannot convert argument 1 from 'char [1024]' to 'LPWSTR'
3>      C:\Users\ShadowEvil\source\repos2\New folder\HelbreathServer\Sources\Server\LoginServer.cpp(1032,11):
3>      Types pointed to are unrelated; conversion requires reinterpret_cast, C-style cast or parenthesized function-style cast
3>      C:\Program Files (x86)\Windows Kits\10\Include\10.0.26100.0\um\winuser.h(333,1):
3>      see declaration of 'wsprintfW'
3>      C:\Users\ShadowEvil\source\repos2\New folder\HelbreathServer\Sources\Server\LoginServer.cpp(1032,2):
3>      while trying to match the argument list '(char [1024], const char [3], char [27])'
3>C:\Users\ShadowEvil\source\repos2\New folder\HelbreathServer\Sources\Server\LoginServer.cpp(1038,2): error C2664: 'int wsprintfW(LPWSTR,LPCWSTR,...)': cannot convert argument 1 from 'char [1024]' to 'LPWSTR'
3>      C:\Users\ShadowEvil\source\repos2\New folder\HelbreathServer\Sources\Server\LoginServer.cpp(1038,11):
3>      Types pointed to are unrelated; conversion requires reinterpret_cast, C-style cast or parenthesized function-style cast
3>      C:\Program Files (x86)\Windows Kits\10\Include\10.0.26100.0\um\winuser.h(333,1):
3>      see declaration of 'wsprintfW'
3>      C:\Users\ShadowEvil\source\repos2\New folder\HelbreathServer\Sources\Server\LoginServer.cpp(1038,2):
3>      while trying to match the argument list '(char [1024], const char [9], WORD, WORD, WORD)'
3>C:\Users\ShadowEvil\source\repos2\New folder\HelbreathServer\Sources\Server\LoginServer.cpp(978,2): warning C4996: 'mkdir': The POSIX name for this item is deprecated. Instead, use the ISO C and C++ conformant name: _mkdir. See online help for details.
3>C:\Users\ShadowEvil\source\repos2\New folder\HelbreathServer\Sources\Server\LoginServer.cpp(1083,2): error C2664: 'int wsprintfW(LPWSTR,LPCWSTR,...)': cannot convert argument 1 from 'char [63]' to 'LPWSTR'
3>      C:\Users\ShadowEvil\source\repos2\New folder\HelbreathServer\Sources\Server\LoginServer.cpp(1083,11):
3>      Types pointed to are unrelated; conversion requires reinterpret_cast, C-style cast or parenthesized function-style cast
3>      C:\Program Files (x86)\Windows Kits\10\Include\10.0.26100.0\um\winuser.h(333,1):
3>      see declaration of 'wsprintfW'
3>      C:\Users\ShadowEvil\source\repos2\New folder\HelbreathServer\Sources\Server\LoginServer.cpp(1083,2):
3>      while trying to match the argument list '(char [63], const char [8], char)'
3>C:\Users\ShadowEvil\source\repos2\New folder\HelbreathServer\Sources\Server\LoginServer.cpp(1090,10): error C2664: 'HANDLE CreateFileW(LPCWSTR,DWORD,DWORD,LPSECURITY_ATTRIBUTES,DWORD,DWORD,HANDLE)': cannot convert argument 1 from 'char [255]' to 'LPCWSTR'
3>      C:\Users\ShadowEvil\source\repos2\New folder\HelbreathServer\Sources\Server\LoginServer.cpp(1090,21):
3>      Types pointed to are unrelated; conversion requires reinterpret_cast, C-style cast or parenthesized function-style cast
3>      C:\Program Files (x86)\Windows Kits\10\Include\10.0.26100.0\um\fileapi.h(93,1):
3>      see declaration of 'CreateFileW'
3>      C:\Users\ShadowEvil\source\repos2\New folder\HelbreathServer\Sources\Server\LoginServer.cpp(1090,10):
3>      while trying to match the argument list '(char [255], unsigned long, int, int, int, int, int)'
3>C:\Users\ShadowEvil\source\repos2\New folder\HelbreathServer\Sources\Server\LoginServer.cpp(1100,4): error C2664: 'int wsprintfW(LPWSTR,LPCWSTR,...)': cannot convert argument 1 from 'char *' to 'LPWSTR'
3>      C:\Users\ShadowEvil\source\repos2\New folder\HelbreathServer\Sources\Server\LoginServer.cpp(1100,13):
3>      Types pointed to are unrelated; conversion requires reinterpret_cast, C-style cast or parenthesized function-style cast
3>      C:\Program Files (x86)\Windows Kits\10\Include\10.0.26100.0\um\winuser.h(333,1):
3>      see declaration of 'wsprintfW'
3>      C:\Users\ShadowEvil\source\repos2\New folder\HelbreathServer\Sources\Server\LoginServer.cpp(1100,4):
3>      while trying to match the argument list '(char *, const char [33], char *)'
3>C:\Users\ShadowEvil\source\repos2\New folder\HelbreathServer\Sources\Server\LoginServer.cpp(1104,3): error C2664: 'int wsprintfW(LPWSTR,LPCWSTR,...)': cannot convert argument 1 from 'char [50]' to 'LPWSTR'
3>      C:\Users\ShadowEvil\source\repos2\New folder\HelbreathServer\Sources\Server\LoginServer.cpp(1104,12):
3>      Types pointed to are unrelated; conversion requires reinterpret_cast, C-style cast or parenthesized function-style cast
3>      C:\Program Files (x86)\Windows Kits\10\Include\10.0.26100.0\um\winuser.h(333,1):
3>      see declaration of 'wsprintfW'
3>      C:\Users\ShadowEvil\source\repos2\New folder\HelbreathServer\Sources\Server\LoginServer.cpp(1104,3):
3>      while trying to match the argument list '(char [50], const char [24], char *)'
3>C:\Users\ShadowEvil\source\repos2\New folder\HelbreathServer\Sources\Server\LoginServer.cpp(1110,3): error C2664: 'int wsprintfW(LPWSTR,LPCWSTR,...)': cannot convert argument 1 from 'char *' to 'LPWSTR'
3>      C:\Users\ShadowEvil\source\repos2\New folder\HelbreathServer\Sources\Server\LoginServer.cpp(1110,12):
3>      Types pointed to are unrelated; conversion requires reinterpret_cast, C-style cast or parenthesized function-style cast
3>      C:\Program Files (x86)\Windows Kits\10\Include\10.0.26100.0\um\winuser.h(333,1):
3>      see declaration of 'wsprintfW'
3>      C:\Users\ShadowEvil\source\repos2\New folder\HelbreathServer\Sources\Server\LoginServer.cpp(1110,3):
3>      while trying to match the argument list '(char *, const char [23], char *)'
3>C:\Users\ShadowEvil\source\repos2\New folder\HelbreathServer\Sources\Server\LoginServer.cpp(1112,3): error C2664: 'int wsprintfW(LPWSTR,LPCWSTR,...)': cannot convert argument 1 from 'char [50]' to 'LPWSTR'
3>      C:\Users\ShadowEvil\source\repos2\New folder\HelbreathServer\Sources\Server\LoginServer.cpp(1112,12):
3>      Types pointed to are unrelated; conversion requires reinterpret_cast, C-style cast or parenthesized function-style cast
3>      C:\Program Files (x86)\Windows Kits\10\Include\10.0.26100.0\um\winuser.h(333,1):
3>      see declaration of 'wsprintfW'
3>      C:\Users\ShadowEvil\source\repos2\New folder\HelbreathServer\Sources\Server\LoginServer.cpp(1112,3):
3>      while trying to match the argument list '(char [50], const char [22], char *)'
3>C:\Users\ShadowEvil\source\repos2\New folder\HelbreathServer\Sources\Server\LoginServer.cpp(1147,3): error C2664: 'int wsprintfW(LPWSTR,LPCWSTR,...)': cannot convert argument 1 from 'char *' to 'LPWSTR'
3>      C:\Users\ShadowEvil\source\repos2\New folder\HelbreathServer\Sources\Server\LoginServer.cpp(1147,12):
3>      Types pointed to are unrelated; conversion requires reinterpret_cast, C-style cast or parenthesized function-style cast
3>      C:\Program Files (x86)\Windows Kits\10\Include\10.0.26100.0\um\winuser.h(333,1):
3>      see declaration of 'wsprintfW'
3>      C:\Users\ShadowEvil\source\repos2\New folder\HelbreathServer\Sources\Server\LoginServer.cpp(1147,3):
3>      while trying to match the argument list '(char *, const char [25], char *)'
3>C:\Users\ShadowEvil\source\repos2\New folder\HelbreathServer\Sources\Server\LoginServer.cpp(1149,3): error C2664: 'int wsprintfW(LPWSTR,LPCWSTR,...)': cannot convert argument 1 from 'char [50]' to 'LPWSTR'
3>      C:\Users\ShadowEvil\source\repos2\New folder\HelbreathServer\Sources\Server\LoginServer.cpp(1149,12):
3>      Types pointed to are unrelated; conversion requires reinterpret_cast, C-style cast or parenthesized function-style cast
3>      C:\Program Files (x86)\Windows Kits\10\Include\10.0.26100.0\um\winuser.h(333,1):
3>      see declaration of 'wsprintfW'
3>      C:\Users\ShadowEvil\source\repos2\New folder\HelbreathServer\Sources\Server\LoginServer.cpp(1149,3):
3>      while trying to match the argument list '(char [50], const char [23], char *)'
3>C:\Users\ShadowEvil\source\repos2\New folder\HelbreathServer\Sources\Server\LoginServer.cpp(1239,4): error C2664: 'int wsprintfW(LPWSTR,LPCWSTR,...)': cannot convert argument 1 from 'char [512]' to 'LPWSTR'
3>      C:\Users\ShadowEvil\source\repos2\New folder\HelbreathServer\Sources\Server\LoginServer.cpp(1239,13):
3>      Types pointed to are unrelated; conversion requires reinterpret_cast, C-style cast or parenthesized function-style cast
3>      C:\Program Files (x86)\Windows Kits\10\Include\10.0.26100.0\um\winuser.h(333,1):
3>      see declaration of 'wsprintfW'
3>      C:\Users\ShadowEvil\source\repos2\New folder\HelbreathServer\Sources\Server\LoginServer.cpp(1239,4):
3>      while trying to match the argument list '(char [512], const char [39], int)'
3>C:\Users\ShadowEvil\source\repos2\New folder\HelbreathServer\Sources\Server\LoginServer.cpp(1231,3): warning C4065: switch statement contains 'default' but no 'case' labels
3>C:\Users\ShadowEvil\source\repos2\New folder\HelbreathServer\Sources\Server\LoginServer.cpp(1277,2): error C2664: 'int wsprintfW(LPWSTR,LPCWSTR,...)': cannot convert argument 1 from 'char [512]' to 'LPWSTR'
3>      C:\Users\ShadowEvil\source\repos2\New folder\HelbreathServer\Sources\Server\LoginServer.cpp(1277,11):
3>      Types pointed to are unrelated; conversion requires reinterpret_cast, C-style cast or parenthesized function-style cast
3>      C:\Program Files (x86)\Windows Kits\10\Include\10.0.26100.0\um\winuser.h(333,1):
3>      see declaration of 'wsprintfW'
3>      C:\Users\ShadowEvil\source\repos2\New folder\HelbreathServer\Sources\Server\LoginServer.cpp(1277,2):
3>      while trying to match the argument list '(char [512], const char [27], char [11])'
3>C:\Users\ShadowEvil\source\repos2\New folder\HelbreathServer\Sources\Server\LoginServer.cpp(1307,2): error C2664: 'int wsprintfW(LPWSTR,LPCWSTR,...)': cannot convert argument 1 from 'char [21]' to 'LPWSTR'
3>      C:\Users\ShadowEvil\source\repos2\New folder\HelbreathServer\Sources\Server\LoginServer.cpp(1307,11):
3>      Types pointed to are unrelated; conversion requires reinterpret_cast, C-style cast or parenthesized function-style cast
3>      C:\Program Files (x86)\Windows Kits\10\Include\10.0.26100.0\um\winuser.h(333,1):
3>      see declaration of 'wsprintfW'
3>      C:\Users\ShadowEvil\source\repos2\New folder\HelbreathServer\Sources\Server\LoginServer.cpp(1307,2):
3>      while trying to match the argument list '(char [21], const char [3], const char [4])'
3>C:\Users\ShadowEvil\source\repos2\New folder\HelbreathServer\Sources\Server\LoginServer.cpp(1311,2): error C2664: 'void PutLogList(char *)': cannot convert argument 1 from 'const char [34]' to 'char *'
3>      C:\Users\ShadowEvil\source\repos2\New folder\HelbreathServer\Sources\Server\LoginServer.cpp(1311,13):
3>      Conversion from string literal loses const qualifier (see /Zc:strictStrings)
3>      C:\Users\ShadowEvil\source\repos2\New folder\HelbreathServer\Sources\Server\winmain.h(11,6):
3>      see declaration of 'PutLogList'
3>      C:\Users\ShadowEvil\source\repos2\New folder\HelbreathServer\Sources\Server\LoginServer.cpp(1311,2):
3>      while trying to match the argument list '(const char [34])'
3>C:\Users\ShadowEvil\source\repos2\New folder\HelbreathServer\Sources\Server\LoginServer.cpp(1334,2): error C2664: 'int wsprintfW(LPWSTR,LPCWSTR,...)': cannot convert argument 1 from 'char [256]' to 'LPWSTR'
3>      C:\Users\ShadowEvil\source\repos2\New folder\HelbreathServer\Sources\Server\LoginServer.cpp(1334,11):
3>      Types pointed to are unrelated; conversion requires reinterpret_cast, C-style cast or parenthesized function-style cast
3>      C:\Program Files (x86)\Windows Kits\10\Include\10.0.26100.0\um\winuser.h(333,1):
3>      see declaration of 'wsprintfW'
3>      C:\Users\ShadowEvil\source\repos2\New folder\HelbreathServer\Sources\Server\LoginServer.cpp(1334,2):
3>      while trying to match the argument list '(char [256], const char [11])'
3>C:\Users\ShadowEvil\source\repos2\New folder\HelbreathServer\Sources\Server\LoginServer.cpp(1340,2): error C2664: 'int wsprintfW(LPWSTR,LPCWSTR,...)': cannot convert argument 1 from 'char [256]' to 'LPWSTR'
3>      C:\Users\ShadowEvil\source\repos2\New folder\HelbreathServer\Sources\Server\LoginServer.cpp(1340,11):
3>      Types pointed to are unrelated; conversion requires reinterpret_cast, C-style cast or parenthesized function-style cast
3>      C:\Program Files (x86)\Windows Kits\10\Include\10.0.26100.0\um\winuser.h(333,1):
3>      see declaration of 'wsprintfW'
3>      C:\Users\ShadowEvil\source\repos2\New folder\HelbreathServer\Sources\Server\LoginServer.cpp(1340,2):
3>      while trying to match the argument list '(char [256], const char [8], unsigned char)'
3>C:\Users\ShadowEvil\source\repos2\New folder\HelbreathServer\Sources\Server\XSocket.cpp(436,15): warning C4244: '=': conversion from 'DWORD' to 'WORD', possible loss of data
3>C:\Users\ShadowEvil\source\repos2\New folder\HelbreathServer\Sources\Server\XSocket.cpp(441,17): warning C4018: '<': signed/unsigned mismatch
3>C:\Users\ShadowEvil\source\repos2\New folder\HelbreathServer\Sources\Server\XSocket.cpp(443,43): warning C4244: '=': conversion from 'DWORD' to 'char', possible loss of data
3>C:\Users\ShadowEvil\source\repos2\New folder\HelbreathServer\Sources\Server\XSocket.cpp(565,17): warning C4018: '<': signed/unsigned mismatch
3>C:\Users\ShadowEvil\source\repos2\New folder\HelbreathServer\Sources\Server\XSocket.cpp(566,43): warning C4244: '=': conversion from 'DWORD' to 'char', possible loss of data
4>C:\Users\ShadowEvil\source\repos2\New folder\HelbreathServer\Sources\Client\Wmain.cpp(118,6): error C2664: 'int MessageBoxW(HWND,LPCWSTR,LPCWSTR,UINT)': cannot convert argument 2 from 'const char [46]' to 'LPCWSTR'
4>      C:\Users\ShadowEvil\source\repos2\New folder\HelbreathServer\Sources\Client\Wmain.cpp(118,34):
4>      Types pointed to are unrelated; conversion requires reinterpret_cast, C-style cast or parenthesized function-style cast
4>      C:\Program Files (x86)\Windows Kits\10\Include\10.0.26100.0\um\winuser.h(9238,1):
4>      see declaration of 'MessageBoxW'
4>      C:\Users\ShadowEvil\source\repos2\New folder\HelbreathServer\Sources\Client\Wmain.cpp(118,6):
4>      while trying to match the argument list '(HWND, const char [46], const char [7], long)'
4>C:\Users\ShadowEvil\source\repos2\New folder\HelbreathServer\Sources\Client\Wmain.cpp(122,8): error C2664: 'int __FindHackingDll__(char *)': cannot convert argument 1 from 'const char [9]' to 'char *'
4>      C:\Users\ShadowEvil\source\repos2\New folder\HelbreathServer\Sources\Client\Wmain.cpp(122,27):
4>      Conversion from string literal loses const qualifier (see /Zc:strictStrings)
4>      C:\Users\ShadowEvil\source\repos2\New folder\HelbreathServer\Sources\Client\Wmain.cpp(22,39):
4>      see declaration of '__FindHackingDll__'
4>      C:\Users\ShadowEvil\source\repos2\New folder\HelbreathServer\Sources\Client\Wmain.cpp(122,8):
4>      while trying to match the argument list '(const char [9])'
3>C:\Users\ShadowEvil\source\repos2\New folder\HelbreathServer\Sources\Server\Game.h(220,14): error C2039: 'any_of': is not a member of 'std'
3>  (compiling source file 'CrusadeCore.cpp')
3>      C:\Program Files\Microsoft Visual Studio\18\Community\VC\Tools\MSVC\14.44.35207\include\fstream(20,1):
3>      see declaration of 'std'
3>C:\Users\ShadowEvil\source\repos2\New folder\HelbreathServer\Sources\Server\CrusadeCore.cpp(12,1): error C2512: 'CGame': no appropriate default constructor available
3>      C:\Users\ShadowEvil\source\repos2\New folder\HelbreathServer\Sources\Server\Game.h(294,7):
3>      see declaration of 'CGame'
3>C:\Users\ShadowEvil\source\repos2\New folder\HelbreathServer\Sources\Server\Game.h(220,14): error C2039: 'any_of': is not a member of 'std'
3>  (compiling source file 'wmain.cpp')
3>      C:\Program Files\Microsoft Visual Studio\18\Community\VC\Tools\MSVC\14.44.35207\include\fstream(20,1):
3>      see declaration of 'std'
3>C:\Users\ShadowEvil\source\repos2\New folder\HelbreathServer\Sources\Server\wmain.cpp(445,23): warning C4477: 'sprintf' : format string '%d' requires an argument of type 'int', but variadic argument 1 has type 'HINSTANCE'
3>C:\Users\ShadowEvil\source\repos2\New folder\HelbreathServer\Sources\Server\wmain.cpp(469,21): error C2440: '=': cannot convert from 'char [32]' to 'LPCWSTR'
3>      C:\Users\ShadowEvil\source\repos2\New folder\HelbreathServer\Sources\Server\wmain.cpp(469,21):
3>      Types pointed to are unrelated; conversion requires reinterpret_cast, C-style cast or parenthesized function-style cast
3>C:\Users\ShadowEvil\source\repos2\New folder\HelbreathServer\Sources\Server\wmain.cpp(489,2): error C2664: 'int wsprintfW(LPWSTR,LPCWSTR,...)': cannot convert argument 1 from 'char [100]' to 'LPWSTR'
3>      C:\Users\ShadowEvil\source\repos2\New folder\HelbreathServer\Sources\Server\wmain.cpp(489,11):
3>      Types pointed to are unrelated; conversion requires reinterpret_cast, C-style cast or parenthesized function-style cast
3>      C:\Program Files (x86)\Windows Kits\10\Include\10.0.26100.0\um\winuser.h(333,1):
3>      see declaration of 'wsprintfW'
3>      C:\Users\ShadowEvil\source\repos2\New folder\HelbreathServer\Sources\Server\wmain.cpp(489,2):
3>      while trying to match the argument list '(char [100], const char [55], const char [2], const char [4], int, WORD, WORD, WORD)'
3>C:\Users\ShadowEvil\source\repos2\New folder\HelbreathServer\Sources\Server\wmain.cpp(491,11): error C2664: 'HWND CreateWindowExW(DWORD,LPCWSTR,LPCWSTR,DWORD,int,int,int,int,HWND,HMENU,HINSTANCE,LPVOID)': cannot convert argument 2 from 'char [32]' to 'LPCWSTR'
3>      C:\Users\ShadowEvil\source\repos2\New folder\HelbreathServer\Sources\Server\wmain.cpp(492,9):
3>      Types pointed to are unrelated; conversion requires reinterpret_cast, C-style cast or parenthesized function-style cast
3>      C:\Program Files (x86)\Windows Kits\10\Include\10.0.26100.0\um\winuser.h(4442,1):
3>      see declaration of 'CreateWindowExW'
3>      C:\Users\ShadowEvil\source\repos2\New folder\HelbreathServer\Sources\Server\wmain.cpp(491,11):
3>      while trying to match the argument list '(int, char [32], char [100], unsigned long, int, int, int, int, int, int, HINSTANCE, int)'
3>C:\Users\ShadowEvil\source\repos2\New folder\HelbreathServer\Sources\Server\wmain.cpp(542,3): error C2664: 'int MessageBoxW(HWND,LPCWSTR,LPCWSTR,UINT)': cannot convert argument 2 from 'const char [46]' to 'LPCWSTR'
3>      C:\Users\ShadowEvil\source\repos2\New folder\HelbreathServer\Sources\Server\wmain.cpp(542,22):
3>      Types pointed to are unrelated; conversion requires reinterpret_cast, C-style cast or parenthesized function-style cast
3>      C:\Program Files (x86)\Windows Kits\10\Include\10.0.26100.0\um\winuser.h(9238,1):
3>      see declaration of 'MessageBoxW'
3>      C:\Users\ShadowEvil\source\repos2\New folder\HelbreathServer\Sources\Server\wmain.cpp(542,3):
3>      while trying to match the argument list '(HWND, const char [46], const char [6], long)'
3>C:\Users\ShadowEvil\source\repos2\New folder\HelbreathServer\Sources\Server\wmain.cpp(549,3): error C2664: 'void PutLogList(char *)': cannot convert argument 1 from 'const char [15]' to 'char *'
3>      C:\Users\ShadowEvil\source\repos2\New folder\HelbreathServer\Sources\Server\wmain.cpp(549,14):
3>      Conversion from string literal loses const qualifier (see /Zc:strictStrings)
3>      C:\Users\ShadowEvil\source\repos2\New folder\HelbreathServer\Sources\Server\winmain.h(11,6):
3>      see declaration of 'PutLogList'
3>      C:\Users\ShadowEvil\source\repos2\New folder\HelbreathServer\Sources\Server\wmain.cpp(549,3):
3>      while trying to match the argument list '(const char [15])'
3>C:\Users\ShadowEvil\source\repos2\New folder\HelbreathServer\Sources\Server\wmain.cpp(579,3): warning C4150: deletion of pointer to incomplete type 'LoginServer'; no destructor called
3>      C:\Users\ShadowEvil\source\repos2\New folder\HelbreathServer\Sources\Server\wmain.cpp(50,7):
3>      see declaration of 'LoginServer'
3>C:\Users\ShadowEvil\source\repos2\New folder\HelbreathServer\Sources\Server\wmain.cpp(644,3): error C2664: 'BOOL TextOutW(HDC,int,int,LPCWSTR,int)': cannot convert argument 4 from 'char *' to 'LPCWSTR'
3>      C:\Users\ShadowEvil\source\repos2\New folder\HelbreathServer\Sources\Server\wmain.cpp(644,35):
3>      Types pointed to are unrelated; conversion requires reinterpret_cast, C-style cast or parenthesized function-style cast
3>      C:\Program Files (x86)\Windows Kits\10\Include\10.0.26100.0\um\wingdi.h(5225,25):
3>      see declaration of 'TextOutW'
3>      C:\Users\ShadowEvil\source\repos2\New folder\HelbreathServer\Sources\Server\wmain.cpp(644,3):
3>      while trying to match the argument list '(HDC, int, int, char *, size_t)'
3>C:\Users\ShadowEvil\source\repos2\New folder\HelbreathServer\Sources\Server\wmain.cpp(716,2): error C2664: 'int wsprintfW(LPWSTR,LPCWSTR,...)': cannot convert argument 1 from 'char [512]' to 'LPWSTR'
3>      C:\Users\ShadowEvil\source\repos2\New folder\HelbreathServer\Sources\Server\wmain.cpp(716,11):
3>      Types pointed to are unrelated; conversion requires reinterpret_cast, C-style cast or parenthesized function-style cast
3>      C:\Program Files (x86)\Windows Kits\10\Include\10.0.26100.0\um\winuser.h(333,1):
3>      see declaration of 'wsprintfW'
3>      C:\Users\ShadowEvil\source\repos2\New folder\HelbreathServer\Sources\Server\wmain.cpp(716,2):
3>      while trying to match the argument list '(char [512], const char [25], WORD, WORD, WORD, WORD, WORD)'
3>C:\Users\ShadowEvil\source\repos2\New folder\HelbreathServer\Sources\Server\wmain.cpp(735,2): error C2664: 'int wsprintfW(LPWSTR,LPCWSTR,...)': cannot convert argument 1 from 'char [512]' to 'LPWSTR'
3>      C:\Users\ShadowEvil\source\repos2\New folder\HelbreathServer\Sources\Server\wmain.cpp(735,11):
3>      Types pointed to are unrelated; conversion requires reinterpret_cast, C-style cast or parenthesized function-style cast
3>      C:\Program Files (x86)\Windows Kits\10\Include\10.0.26100.0\um\winuser.h(333,1):
3>      see declaration of 'wsprintfW'
3>      C:\Users\ShadowEvil\source\repos2\New folder\HelbreathServer\Sources\Server\wmain.cpp(735,2):
3>      while trying to match the argument list '(char [512], const char [25], WORD, WORD, WORD, WORD, WORD)'
3>C:\Users\ShadowEvil\source\repos2\New folder\HelbreathServer\Sources\Server\wmain.cpp(755,2): error C2664: 'int wsprintfW(LPWSTR,LPCWSTR,...)': cannot convert argument 1 from 'char [512]' to 'LPWSTR'
3>      C:\Users\ShadowEvil\source\repos2\New folder\HelbreathServer\Sources\Server\wmain.cpp(755,11):
3>      Types pointed to are unrelated; conversion requires reinterpret_cast, C-style cast or parenthesized function-style cast
3>      C:\Program Files (x86)\Windows Kits\10\Include\10.0.26100.0\um\winuser.h(333,1):
3>      see declaration of 'wsprintfW'
3>      C:\Users\ShadowEvil\source\repos2\New folder\HelbreathServer\Sources\Server\wmain.cpp(755,2):
3>      while trying to match the argument list '(char [512], const char [25], WORD, WORD, WORD, WORD, WORD)'
3>C:\Users\ShadowEvil\source\repos2\New folder\HelbreathServer\Sources\Server\wmain.cpp(775,2): error C2664: 'int wsprintfW(LPWSTR,LPCWSTR,...)': cannot convert argument 1 from 'char [512]' to 'LPWSTR'
3>      C:\Users\ShadowEvil\source\repos2\New folder\HelbreathServer\Sources\Server\wmain.cpp(775,11):
3>      Types pointed to are unrelated; conversion requires reinterpret_cast, C-style cast or parenthesized function-style cast
3>      C:\Program Files (x86)\Windows Kits\10\Include\10.0.26100.0\um\winuser.h(333,1):
3>      see declaration of 'wsprintfW'
3>      C:\Users\ShadowEvil\source\repos2\New folder\HelbreathServer\Sources\Server\wmain.cpp(775,2):
3>      while trying to match the argument list '(char [512], const char [25], WORD, WORD, WORD, WORD, WORD)'
3>C:\Users\ShadowEvil\source\repos2\New folder\HelbreathServer\Sources\Server\wmain.cpp(795,2): error C2664: 'int wsprintfW(LPWSTR,LPCWSTR,...)': cannot convert argument 1 from 'char [512]' to 'LPWSTR'
3>      C:\Users\ShadowEvil\source\repos2\New folder\HelbreathServer\Sources\Server\wmain.cpp(795,11):
3>      Types pointed to are unrelated; conversion requires reinterpret_cast, C-style cast or parenthesized function-style cast
3>      C:\Program Files (x86)\Windows Kits\10\Include\10.0.26100.0\um\winuser.h(333,1):
3>      see declaration of 'wsprintfW'
3>      C:\Users\ShadowEvil\source\repos2\New folder\HelbreathServer\Sources\Server\wmain.cpp(795,2):
3>      while trying to match the argument list '(char [512], const char [25], WORD, WORD, WORD, WORD, WORD)'
3>C:\Users\ShadowEvil\source\repos2\New folder\HelbreathServer\Sources\Server\wmain.cpp(815,2): error C2664: 'int wsprintfW(LPWSTR,LPCWSTR,...)': cannot convert argument 1 from 'char [512]' to 'LPWSTR'
3>      C:\Users\ShadowEvil\source\repos2\New folder\HelbreathServer\Sources\Server\wmain.cpp(815,11):
3>      Types pointed to are unrelated; conversion requires reinterpret_cast, C-style cast or parenthesized function-style cast
3>      C:\Program Files (x86)\Windows Kits\10\Include\10.0.26100.0\um\winuser.h(333,1):
3>      see declaration of 'wsprintfW'
3>      C:\Users\ShadowEvil\source\repos2\New folder\HelbreathServer\Sources\Server\wmain.cpp(815,2):
3>      while trying to match the argument list '(char [512], const char [25], WORD, WORD, WORD, WORD, WORD)'
3>C:\Users\ShadowEvil\source\repos2\New folder\HelbreathServer\Sources\Server\wmain.cpp(835,2): error C2664: 'int wsprintfW(LPWSTR,LPCWSTR,...)': cannot convert argument 1 from 'char [512]' to 'LPWSTR'
3>      C:\Users\ShadowEvil\source\repos2\New folder\HelbreathServer\Sources\Server\wmain.cpp(835,11):
3>      Types pointed to are unrelated; conversion requires reinterpret_cast, C-style cast or parenthesized function-style cast
3>      C:\Program Files (x86)\Windows Kits\10\Include\10.0.26100.0\um\winuser.h(333,1):
3>      see declaration of 'wsprintfW'
3>      C:\Users\ShadowEvil\source\repos2\New folder\HelbreathServer\Sources\Server\wmain.cpp(835,2):
3>      while trying to match the argument list '(char [512], const char [25], WORD, WORD, WORD, WORD, WORD)'
4>C:\Users\ShadowEvil\source\repos2\New folder\HelbreathServer\Sources\Client\Wmain.cpp(165,9): error C2664: 'HMODULE LoadLibraryW(LPCWSTR)': cannot convert argument 1 from 'char [12]' to 'LPCWSTR'
4>      C:\Users\ShadowEvil\source\repos2\New folder\HelbreathServer\Sources\Client\Wmain.cpp(165,21):
4>      Types pointed to are unrelated; conversion requires reinterpret_cast, C-style cast or parenthesized function-style cast
4>      C:\Program Files (x86)\Windows Kits\10\Include\10.0.26100.0\um\libloaderapi.h(609,1):
4>      see declaration of 'LoadLibraryW'
4>      C:\Users\ShadowEvil\source\repos2\New folder\HelbreathServer\Sources\Client\Wmain.cpp(165,9):
4>      while trying to match the argument list '(char [12])'
4>C:\Users\ShadowEvil\source\repos2\New folder\HelbreathServer\Sources\Client\Wmain.cpp(167,4): error C2664: 'int MessageBoxW(HWND,LPCWSTR,LPCWSTR,UINT)': cannot convert argument 2 from 'const char [22]' to 'LPCWSTR'
4>      C:\Users\ShadowEvil\source\repos2\New folder\HelbreathServer\Sources\Client\Wmain.cpp(167,18):
4>      Types pointed to are unrelated; conversion requires reinterpret_cast, C-style cast or parenthesized function-style cast
4>      C:\Program Files (x86)\Windows Kits\10\Include\10.0.26100.0\um\winuser.h(9238,1):
4>      see declaration of 'MessageBoxW'
4>      C:\Users\ShadowEvil\source\repos2\New folder\HelbreathServer\Sources\Client\Wmain.cpp(167,4):
4>      while trying to match the argument list '(int, const char [22], const char [7], long)'
4>C:\Users\ShadowEvil\source\repos2\New folder\HelbreathServer\Sources\Client\Wmain.cpp(180,4): error C2664: 'int MessageBoxW(HWND,LPCWSTR,LPCWSTR,UINT)': cannot convert argument 2 from 'const char [22]' to 'LPCWSTR'
4>      C:\Users\ShadowEvil\source\repos2\New folder\HelbreathServer\Sources\Client\Wmain.cpp(180,18):
4>      Types pointed to are unrelated; conversion requires reinterpret_cast, C-style cast or parenthesized function-style cast
4>      C:\Program Files (x86)\Windows Kits\10\Include\10.0.26100.0\um\winuser.h(9238,1):
4>      see declaration of 'MessageBoxW'
4>      C:\Users\ShadowEvil\source\repos2\New folder\HelbreathServer\Sources\Client\Wmain.cpp(180,4):
4>      while trying to match the argument list '(int, const char [22], const char [7], long)'
4>C:\Users\ShadowEvil\source\repos2\New folder\HelbreathServer\Sources\Client\Wmain.cpp(182,25): error C2664: 'WinMain::MYPROC': cannot convert argument 1 from 'const char [9]' to 'char *'
4>      C:\Users\ShadowEvil\source\repos2\New folder\HelbreathServer\Sources\Client\Wmain.cpp(182,25):
4>      Conversion from string literal loses const qualifier (see /Zc:strictStrings)
4>C:\Users\ShadowEvil\source\repos2\New folder\HelbreathServer\Sources\Client\Wmain.cpp(186,23): warning C4477: 'sprintf' : format string '%d' requires an argument of type 'int', but variadic argument 1 has type 'HINSTANCE'
4>C:\Users\ShadowEvil\source\repos2\New folder\HelbreathServer\Sources\Client\Wmain.cpp(228,21): error C2440: '=': cannot convert from 'char [32]' to 'LPCWSTR'
4>      C:\Users\ShadowEvil\source\repos2\New folder\HelbreathServer\Sources\Client\Wmain.cpp(228,21):
4>      Types pointed to are unrelated; conversion requires reinterpret_cast, C-style cast or parenthesized function-style cast
4>C:\Users\ShadowEvil\source\repos2\New folder\HelbreathServer\Sources\Client\Wmain.cpp(236,11): error C2664: 'HWND CreateWindowExW(DWORD,LPCWSTR,LPCWSTR,DWORD,int,int,int,int,HWND,HMENU,HINSTANCE,LPVOID)': cannot convert argument 2 from 'char [32]' to 'LPCWSTR'
4>      C:\Users\ShadowEvil\source\repos2\New folder\HelbreathServer\Sources\Client\Wmain.cpp(236,29):
4>      Types pointed to are unrelated; conversion requires reinterpret_cast, C-style cast or parenthesized function-style cast
4>      C:\Program Files (x86)\Windows Kits\10\Include\10.0.26100.0\um\winuser.h(4442,1):
4>      see declaration of 'CreateWindowExW'
4>      C:\Users\ShadowEvil\source\repos2\New folder\HelbreathServer\Sources\Client\Wmain.cpp(236,11):
4>      while trying to match the argument list '(int, char [32], const char [10], unsigned long, int, int, int, int, int, int, HINSTANCE, int)'
4>C:\Users\ShadowEvil\source\repos2\New folder\HelbreathServer\Sources\Client\Wmain.cpp(300,4): error C2664: 'int MessageBoxW(HWND,LPCWSTR,LPCWSTR,UINT)': cannot convert argument 2 from 'const char [48]' to 'LPCWSTR'
4>      C:\Users\ShadowEvil\source\repos2\New folder\HelbreathServer\Sources\Client\Wmain.cpp(300,23):
4>      Types pointed to are unrelated; conversion requires reinterpret_cast, C-style cast or parenthesized function-style cast
4>      C:\Program Files (x86)\Windows Kits\10\Include\10.0.26100.0\um\winuser.h(9238,1):
4>      see declaration of 'MessageBoxW'
4>      C:\Users\ShadowEvil\source\repos2\New folder\HelbreathServer\Sources\Client\Wmain.cpp(300,4):
4>      while trying to match the argument list '(HWND, const char [48], const char [6], long)'
4>C:\Users\ShadowEvil\source\repos2\New folder\HelbreathServer\Sources\Client\Wmain.cpp(342,15): error C2440: 'initializing': cannot convert from 'const char [26]' to 'LPCTSTR'
4>      C:\Users\ShadowEvil\source\repos2\New folder\HelbreathServer\Sources\Client\Wmain.cpp(342,15):
4>      Types pointed to are unrelated; conversion requires reinterpret_cast, C-style cast or parenthesized function-style cast
4>C:\Users\ShadowEvil\source\repos2\New folder\HelbreathServer\Sources\Client\Wmain.cpp(351,24): error C2664: 'HINSTANCE ShellExecuteW(HWND,LPCWSTR,LPCWSTR,LPCWSTR,LPCWSTR,INT)': cannot convert argument 2 from 'const char [5]' to 'LPCWSTR'
4>      C:\Users\ShadowEvil\source\repos2\New folder\HelbreathServer\Sources\Client\Wmain.cpp(351,40):
4>      Types pointed to are unrelated; conversion requires reinterpret_cast, C-style cast or parenthesized function-style cast
4>      C:\Program Files (x86)\Windows Kits\10\Include\10.0.26100.0\um\shellapi.h(96,22):
4>      see declaration of 'ShellExecuteW'
4>      C:\Users\ShadowEvil\source\repos2\New folder\HelbreathServer\Sources\Client\Wmain.cpp(351,24):
4>      while trying to match the argument list '(int, const char [5], LPCTSTR, int, int, int)'
4>C:\Users\ShadowEvil\source\repos2\New folder\HelbreathServer\Sources\Client\Wmain.cpp(355,9): error C2664: 'LONG GetRegKey(HKEY,LPCTSTR,LPTSTR)': cannot convert argument 2 from 'const char [5]' to 'LPCTSTR'
4>      C:\Users\ShadowEvil\source\repos2\New folder\HelbreathServer\Sources\Client\Wmain.cpp(355,38):
4>      Types pointed to are unrelated; conversion requires reinterpret_cast, C-style cast or parenthesized function-style cast
4>      C:\Users\ShadowEvil\source\repos2\New folder\HelbreathServer\Sources\Client\Wmain.cpp(328,6):
4>      see declaration of 'GetRegKey'
4>      C:\Users\ShadowEvil\source\repos2\New folder\HelbreathServer\Sources\Client\Wmain.cpp(355,9):
4>      while trying to match the argument list '(HKEY, const char [5], char [520])'
4>C:\Users\ShadowEvil\source\repos2\New folder\HelbreathServer\Sources\Client\Wmain.cpp(356,6): error C2664: 'LPWSTR lstrcatW(LPWSTR,LPCWSTR)': cannot convert argument 1 from 'char [520]' to 'LPWSTR'
4>      C:\Users\ShadowEvil\source\repos2\New folder\HelbreathServer\Sources\Client\Wmain.cpp(356,14):
4>      Types pointed to are unrelated; conversion requires reinterpret_cast, C-style cast or parenthesized function-style cast
4>      C:\Program Files (x86)\Windows Kits\10\Include\10.0.26100.0\um\winbase.h(2889,1):
4>      see declaration of 'lstrcatW'
4>      C:\Users\ShadowEvil\source\repos2\New folder\HelbreathServer\Sources\Client\Wmain.cpp(356,6):
4>      while trying to match the argument list '(char [520], const char [20])'
4>C:\Users\ShadowEvil\source\repos2\New folder\HelbreathServer\Sources\Client\Wmain.cpp(357,17): error C2664: 'LONG GetRegKey(HKEY,LPCTSTR,LPTSTR)': cannot convert argument 2 from 'char [520]' to 'LPCTSTR'
4>      C:\Users\ShadowEvil\source\repos2\New folder\HelbreathServer\Sources\Client\Wmain.cpp(357,45):
4>      Types pointed to are unrelated; conversion requires reinterpret_cast, C-style cast or parenthesized function-style cast
4>      C:\Users\ShadowEvil\source\repos2\New folder\HelbreathServer\Sources\Client\Wmain.cpp(328,6):
4>      see declaration of 'GetRegKey'
4>      C:\Users\ShadowEvil\source\repos2\New folder\HelbreathServer\Sources\Client\Wmain.cpp(357,17):
4>      while trying to match the argument list '(HKEY, char [520], char [520])'
4>C:\Users\ShadowEvil\source\repos2\New folder\HelbreathServer\Sources\Client\Wmain.cpp(363,37): error C2664: 'int lstrlenW(LPCWSTR)': cannot convert argument 1 from 'char [520]' to 'LPCWSTR'
4>      C:\Users\ShadowEvil\source\repos2\New folder\HelbreathServer\Sources\Client\Wmain.cpp(363,45):
4>      Types pointed to are unrelated; conversion requires reinterpret_cast, C-style cast or parenthesized function-style cast
4>      C:\Program Files (x86)\Windows Kits\10\Include\10.0.26100.0\um\winbase.h(2918,1):
4>      see declaration of 'lstrlenW'
4>      C:\Users\ShadowEvil\source\repos2\New folder\HelbreathServer\Sources\Client\Wmain.cpp(363,37):
4>      while trying to match the argument list '(char [520])'
4>C:\Users\ShadowEvil\source\repos2\New folder\HelbreathServer\Sources\Client\Wmain.cpp(366,17): error C2664: 'LPWSTR lstrcatW(LPWSTR,LPCWSTR)': cannot convert argument 1 from 'char *' to 'LPWSTR'
4>      C:\Users\ShadowEvil\source\repos2\New folder\HelbreathServer\Sources\Client\Wmain.cpp(366,25):
4>      Types pointed to are unrelated; conversion requires reinterpret_cast, C-style cast or parenthesized function-style cast
4>      C:\Program Files (x86)\Windows Kits\10\Include\10.0.26100.0\um\winbase.h(2889,1):
4>      see declaration of 'lstrcatW'
4>      C:\Users\ShadowEvil\source\repos2\New folder\HelbreathServer\Sources\Client\Wmain.cpp(366,17):
4>      while trying to match the argument list '(char *, const char [2])'
4>C:\Users\ShadowEvil\source\repos2\New folder\HelbreathServer\Sources\Client\Wmain.cpp(367,17): error C2664: 'LPWSTR lstrcatW(LPWSTR,LPCWSTR)': cannot convert argument 1 from 'char *' to 'LPWSTR'
4>      C:\Users\ShadowEvil\source\repos2\New folder\HelbreathServer\Sources\Client\Wmain.cpp(367,25):
4>      Types pointed to are unrelated; conversion requires reinterpret_cast, C-style cast or parenthesized function-style cast
4>      C:\Program Files (x86)\Windows Kits\10\Include\10.0.26100.0\um\winbase.h(2889,1):
4>      see declaration of 'lstrcatW'
4>      C:\Users\ShadowEvil\source\repos2\New folder\HelbreathServer\Sources\Client\Wmain.cpp(367,17):
4>      while trying to match the argument list '(char *, LPCTSTR)'
========== Build: 0 succeeded, 4 failed, 0 up-to-date, 0 skipped ==========
========== Build completed at 12:15 PM and took 04.023 seconds ==========
