  BuildItem.cpp
  CharInfo.cpp
  Curse.cpp
  DXC_ddraw.cpp
  DXC_dinput.cpp
  DXC_dsound.cpp
  Effect.cpp
  Game.cpp
  GameMonitor.cpp
  Item.cpp
  ItemName.cpp
  Magic.cpp
  MapData.cpp
  Misc.cpp
  MobCounter.cpp
  MouseInterface.cpp
  Msg.cpp
  Mydib.cpp
  Skill.cpp
  SoundBuffer.cpp
  Sprite.cpp
  StrTok.cpp
  Tile.cpp
  TileSpr.cpp
  Wmain.cpp
  XSocket.cpp
  YWSound.cpp
C:\Users\ShadowEvil\source\repos2\New folder\HelbreathServer\Sources\Client\StrTok.cpp(27,2): warning C5033: 'register' is no longer a supported storage class
C:\Users\ShadowEvil\source\repos2\New folder\HelbreathServer\Sources\Client\Sprite.cpp(110,11): warning C4244: '=': conversion from 'LONG' to 'short', possible loss of data
C:\Users\ShadowEvil\source\repos2\New folder\HelbreathServer\Sources\Client\Sprite.cpp(111,13): warning C4244: '=': conversion from 'LONG' to 'short', possible loss of data
C:\Users\ShadowEvil\source\repos2\New folder\HelbreathServer\Sources\Client\Sprite.cpp(129,11): warning C4244: '=': conversion from 'LONG' to 'short', possible loss of data
C:\Users\ShadowEvil\source\repos2\New folder\HelbreathServer\Sources\Client\Sprite.cpp(130,13): warning C4244: '=': conversion from 'LONG' to 'short', possible loss of data
C:\Users\ShadowEvil\source\repos2\New folder\HelbreathServer\Sources\Client\Sprite.cpp(201,11): warning C4244: '=': conversion from 'LONG' to 'short', possible loss of data
C:\Users\ShadowEvil\source\repos2\New folder\HelbreathServer\Sources\Client\Sprite.cpp(202,13): warning C4244: '=': conversion from 'LONG' to 'short', possible loss of data
C:\Users\ShadowEvil\source\repos2\New folder\HelbreathServer\Sources\Client\Sprite.cpp(220,11): warning C4244: '=': conversion from 'LONG' to 'short', possible loss of data
C:\Users\ShadowEvil\source\repos2\New folder\HelbreathServer\Sources\Client\Sprite.cpp(221,13): warning C4244: '=': conversion from 'LONG' to 'short', possible loss of data
C:\Users\ShadowEvil\source\repos2\New folder\HelbreathServer\Sources\Client\Sprite.cpp(282,12): warning C4244: '=': conversion from 'LONG' to 'short', possible loss of data
C:\Users\ShadowEvil\source\repos2\New folder\HelbreathServer\Sources\Client\Sprite.cpp(283,13): warning C4244: '=': conversion from 'LONG' to 'short', possible loss of data
C:\Users\ShadowEvil\source\repos2\New folder\HelbreathServer\Sources\Client\Sprite.cpp(297,12): warning C4244: '=': conversion from 'LONG' to 'short', possible loss of data
C:\Users\ShadowEvil\source\repos2\New folder\HelbreathServer\Sources\Client\Sprite.cpp(298,13): warning C4244: '=': conversion from 'LONG' to 'short', possible loss of data
C:\Users\ShadowEvil\source\repos2\New folder\HelbreathServer\Sources\Client\Sprite.cpp(363,11): warning C4244: '=': conversion from 'LONG' to 'short', possible loss of data
C:\Users\ShadowEvil\source\repos2\New folder\HelbreathServer\Sources\Client\Sprite.cpp(364,13): warning C4244: '=': conversion from 'LONG' to 'short', possible loss of data
C:\Users\ShadowEvil\source\repos2\New folder\HelbreathServer\Sources\Client\Sprite.cpp(382,11): warning C4244: '=': conversion from 'LONG' to 'short', possible loss of data
C:\Users\ShadowEvil\source\repos2\New folder\HelbreathServer\Sources\Client\Sprite.cpp(383,13): warning C4244: '=': conversion from 'LONG' to 'short', possible loss of data
C:\Users\ShadowEvil\source\repos2\New folder\HelbreathServer\Sources\Client\Sprite.cpp(449,11): warning C4244: '=': conversion from 'LONG' to 'short', possible loss of data
C:\Users\ShadowEvil\source\repos2\New folder\HelbreathServer\Sources\Client\Sprite.cpp(450,13): warning C4244: '=': conversion from 'LONG' to 'short', possible loss of data
C:\Users\ShadowEvil\source\repos2\New folder\HelbreathServer\Sources\Client\Sprite.cpp(468,11): warning C4244: '=': conversion from 'LONG' to 'short', possible loss of data
C:\Users\ShadowEvil\source\repos2\New folder\HelbreathServer\Sources\Client\Sprite.cpp(469,13): warning C4244: '=': conversion from 'LONG' to 'short', possible loss of data
C:\Users\ShadowEvil\source\repos2\New folder\HelbreathServer\Sources\Client\Sprite.cpp(552,11): warning C4244: '=': conversion from 'LONG' to 'short', possible loss of data
C:\Users\ShadowEvil\source\repos2\New folder\HelbreathServer\Sources\Client\Sprite.cpp(553,13): warning C4244: '=': conversion from 'LONG' to 'short', possible loss of data
C:\Users\ShadowEvil\source\repos2\New folder\HelbreathServer\Sources\Client\Sprite.cpp(571,11): warning C4244: '=': conversion from 'LONG' to 'short', possible loss of data
C:\Users\ShadowEvil\source\repos2\New folder\HelbreathServer\Sources\Client\Sprite.cpp(572,13): warning C4244: '=': conversion from 'LONG' to 'short', possible loss of data
C:\Users\ShadowEvil\source\repos2\New folder\HelbreathServer\Sources\Client\Sprite.cpp(737,11): warning C4244: '=': conversion from 'LONG' to 'short', possible loss of data
C:\Users\ShadowEvil\source\repos2\New folder\HelbreathServer\Sources\Client\Sprite.cpp(738,13): warning C4244: '=': conversion from 'LONG' to 'short', possible loss of data
C:\Users\ShadowEvil\source\repos2\New folder\HelbreathServer\Sources\Client\Sprite.cpp(756,11): warning C4244: '=': conversion from 'LONG' to 'short', possible loss of data
C:\Users\ShadowEvil\source\repos2\New folder\HelbreathServer\Sources\Client\Sprite.cpp(757,13): warning C4244: '=': conversion from 'LONG' to 'short', possible loss of data
C:\Users\ShadowEvil\source\repos2\New folder\HelbreathServer\Sources\Client\Sprite.cpp(836,11): warning C4244: '=': conversion from 'LONG' to 'short', possible loss of data
C:\Users\ShadowEvil\source\repos2\New folder\HelbreathServer\Sources\Client\Sprite.cpp(837,13): warning C4244: '=': conversion from 'LONG' to 'short', possible loss of data
C:\Users\ShadowEvil\source\repos2\New folder\HelbreathServer\Sources\Client\Sprite.cpp(855,11): warning C4244: '=': conversion from 'LONG' to 'short', possible loss of data
C:\Users\ShadowEvil\source\repos2\New folder\HelbreathServer\Sources\Client\Sprite.cpp(856,13): warning C4244: '=': conversion from 'LONG' to 'short', possible loss of data
C:\Users\ShadowEvil\source\repos2\New folder\HelbreathServer\Sources\Client\Sprite.cpp(962,11): warning C4244: '=': conversion from 'LONG' to 'short', possible loss of data
C:\Users\ShadowEvil\source\repos2\New folder\HelbreathServer\Sources\Client\Sprite.cpp(963,13): warning C4244: '=': conversion from 'LONG' to 'short', possible loss of data
C:\Users\ShadowEvil\source\repos2\New folder\HelbreathServer\Sources\Client\Sprite.cpp(981,11): warning C4244: '=': conversion from 'LONG' to 'short', possible loss of data
C:\Users\ShadowEvil\source\repos2\New folder\HelbreathServer\Sources\Client\Sprite.cpp(982,13): warning C4244: '=': conversion from 'LONG' to 'short', possible loss of data
C:\Users\ShadowEvil\source\repos2\New folder\HelbreathServer\Sources\Client\Sprite.cpp(1083,11): warning C4244: '=': conversion from 'LONG' to 'short', possible loss of data
C:\Users\ShadowEvil\source\repos2\New folder\HelbreathServer\Sources\Client\Sprite.cpp(1084,13): warning C4244: '=': conversion from 'LONG' to 'short', possible loss of data
C:\Users\ShadowEvil\source\repos2\New folder\HelbreathServer\Sources\Client\Sprite.cpp(1102,11): warning C4244: '=': conversion from 'LONG' to 'short', possible loss of data
C:\Users\ShadowEvil\source\repos2\New folder\HelbreathServer\Sources\Client\Sprite.cpp(1103,13): warning C4244: '=': conversion from 'LONG' to 'short', possible loss of data
C:\Users\ShadowEvil\source\repos2\New folder\HelbreathServer\Sources\Client\Sprite.cpp(1211,11): warning C4244: '=': conversion from 'LONG' to 'short', possible loss of data
C:\Users\ShadowEvil\source\repos2\New folder\HelbreathServer\Sources\Client\Sprite.cpp(1212,13): warning C4244: '=': conversion from 'LONG' to 'short', possible loss of data
C:\Users\ShadowEvil\source\repos2\New folder\HelbreathServer\Sources\Client\Sprite.cpp(1230,11): warning C4244: '=': conversion from 'LONG' to 'short', possible loss of data
C:\Users\ShadowEvil\source\repos2\New folder\HelbreathServer\Sources\Client\Sprite.cpp(1231,13): warning C4244: '=': conversion from 'LONG' to 'short', possible loss of data
C:\Users\ShadowEvil\source\repos2\New folder\HelbreathServer\Sources\Client\Sprite.cpp(1332,11): warning C4244: '=': conversion from 'LONG' to 'short', possible loss of data
C:\Users\ShadowEvil\source\repos2\New folder\HelbreathServer\Sources\Client\Sprite.cpp(1333,13): warning C4244: '=': conversion from 'LONG' to 'short', possible loss of data
C:\Users\ShadowEvil\source\repos2\New folder\HelbreathServer\Sources\Client\Sprite.cpp(1351,11): warning C4244: '=': conversion from 'LONG' to 'short', possible loss of data
C:\Users\ShadowEvil\source\repos2\New folder\HelbreathServer\Sources\Client\Sprite.cpp(1352,13): warning C4244: '=': conversion from 'LONG' to 'short', possible loss of data
C:\Users\ShadowEvil\source\repos2\New folder\HelbreathServer\Sources\Client\Sprite.cpp(1460,11): warning C4244: '=': conversion from 'LONG' to 'short', possible loss of data
C:\Users\ShadowEvil\source\repos2\New folder\HelbreathServer\Sources\Client\Sprite.cpp(1461,13): warning C4244: '=': conversion from 'LONG' to 'short', possible loss of data
C:\Users\ShadowEvil\source\repos2\New folder\HelbreathServer\Sources\Client\Sprite.cpp(1479,11): warning C4244: '=': conversion from 'LONG' to 'short', possible loss of data
C:\Users\ShadowEvil\source\repos2\New folder\HelbreathServer\Sources\Client\Sprite.cpp(1480,13): warning C4244: '=': conversion from 'LONG' to 'short', possible loss of data
C:\Users\ShadowEvil\source\repos2\New folder\HelbreathServer\Sources\Client\Sprite.cpp(1580,11): warning C4244: '=': conversion from 'LONG' to 'short', possible loss of data
C:\Users\ShadowEvil\source\repos2\New folder\HelbreathServer\Sources\Client\Sprite.cpp(1581,13): warning C4244: '=': conversion from 'LONG' to 'short', possible loss of data
C:\Users\ShadowEvil\source\repos2\New folder\HelbreathServer\Sources\Client\Sprite.cpp(1599,11): warning C4244: '=': conversion from 'LONG' to 'short', possible loss of data
C:\Users\ShadowEvil\source\repos2\New folder\HelbreathServer\Sources\Client\Sprite.cpp(1600,13): warning C4244: '=': conversion from 'LONG' to 'short', possible loss of data
C:\Users\ShadowEvil\source\repos2\New folder\HelbreathServer\Sources\Client\Sprite.cpp(1708,11): warning C4244: '=': conversion from 'LONG' to 'short', possible loss of data
C:\Users\ShadowEvil\source\repos2\New folder\HelbreathServer\Sources\Client\Sprite.cpp(1709,13): warning C4244: '=': conversion from 'LONG' to 'short', possible loss of data
C:\Users\ShadowEvil\source\repos2\New folder\HelbreathServer\Sources\Client\Sprite.cpp(1727,11): warning C4244: '=': conversion from 'LONG' to 'short', possible loss of data
C:\Users\ShadowEvil\source\repos2\New folder\HelbreathServer\Sources\Client\Sprite.cpp(1728,13): warning C4244: '=': conversion from 'LONG' to 'short', possible loss of data
C:\Users\ShadowEvil\source\repos2\New folder\HelbreathServer\Sources\Client\Sprite.cpp(1829,11): warning C4244: '=': conversion from 'LONG' to 'short', possible loss of data
C:\Users\ShadowEvil\source\repos2\New folder\HelbreathServer\Sources\Client\Sprite.cpp(1830,13): warning C4244: '=': conversion from 'LONG' to 'short', possible loss of data
C:\Users\ShadowEvil\source\repos2\New folder\HelbreathServer\Sources\Client\Sprite.cpp(1848,11): warning C4244: '=': conversion from 'LONG' to 'short', possible loss of data
C:\Users\ShadowEvil\source\repos2\New folder\HelbreathServer\Sources\Client\Sprite.cpp(1849,13): warning C4244: '=': conversion from 'LONG' to 'short', possible loss of data
C:\Users\ShadowEvil\source\repos2\New folder\HelbreathServer\Sources\Client\Sprite.cpp(1948,11): warning C4244: '=': conversion from 'LONG' to 'short', possible loss of data
C:\Users\ShadowEvil\source\repos2\New folder\HelbreathServer\Sources\Client\Sprite.cpp(1949,13): warning C4244: '=': conversion from 'LONG' to 'short', possible loss of data
C:\Users\ShadowEvil\source\repos2\New folder\HelbreathServer\Sources\Client\Sprite.cpp(1967,11): warning C4244: '=': conversion from 'LONG' to 'short', possible loss of data
C:\Users\ShadowEvil\source\repos2\New folder\HelbreathServer\Sources\Client\Sprite.cpp(1968,13): warning C4244: '=': conversion from 'LONG' to 'short', possible loss of data
C:\Users\ShadowEvil\source\repos2\New folder\HelbreathServer\Sources\Client\Sprite.cpp(2066,11): warning C4244: '=': conversion from 'LONG' to 'short', possible loss of data
C:\Users\ShadowEvil\source\repos2\New folder\HelbreathServer\Sources\Client\Sprite.cpp(2067,13): warning C4244: '=': conversion from 'LONG' to 'short', possible loss of data
C:\Users\ShadowEvil\source\repos2\New folder\HelbreathServer\Sources\Client\Sprite.cpp(2085,11): warning C4244: '=': conversion from 'LONG' to 'short', possible loss of data
C:\Users\ShadowEvil\source\repos2\New folder\HelbreathServer\Sources\Client\Sprite.cpp(2086,13): warning C4244: '=': conversion from 'LONG' to 'short', possible loss of data
C:\Users\ShadowEvil\source\repos2\New folder\HelbreathServer\Sources\Client\Sprite.cpp(2178,11): warning C4244: '=': conversion from 'LONG' to 'short', possible loss of data
C:\Users\ShadowEvil\source\repos2\New folder\HelbreathServer\Sources\Client\Sprite.cpp(2179,13): warning C4244: '=': conversion from 'LONG' to 'short', possible loss of data
C:\Users\ShadowEvil\source\repos2\New folder\HelbreathServer\Sources\Client\Sprite.cpp(2197,11): warning C4244: '=': conversion from 'LONG' to 'short', possible loss of data
C:\Users\ShadowEvil\source\repos2\New folder\HelbreathServer\Sources\Client\Sprite.cpp(2198,13): warning C4244: '=': conversion from 'LONG' to 'short', possible loss of data
C:\Users\ShadowEvil\source\repos2\New folder\HelbreathServer\Sources\Client\Sprite.cpp(2319,11): warning C4244: '=': conversion from 'LONG' to 'short', possible loss of data
C:\Users\ShadowEvil\source\repos2\New folder\HelbreathServer\Sources\Client\Sprite.cpp(2320,13): warning C4244: '=': conversion from 'LONG' to 'short', possible loss of data
C:\Users\ShadowEvil\source\repos2\New folder\HelbreathServer\Sources\Client\Sprite.cpp(2338,11): warning C4244: '=': conversion from 'LONG' to 'short', possible loss of data
C:\Users\ShadowEvil\source\repos2\New folder\HelbreathServer\Sources\Client\Sprite.cpp(2339,13): warning C4244: '=': conversion from 'LONG' to 'short', possible loss of data
C:\Users\ShadowEvil\source\repos2\New folder\HelbreathServer\Sources\Client\Sprite.cpp(2449,11): warning C4244: '=': conversion from 'LONG' to 'short', possible loss of data
C:\Users\ShadowEvil\source\repos2\New folder\HelbreathServer\Sources\Client\Sprite.cpp(2450,13): warning C4244: '=': conversion from 'LONG' to 'short', possible loss of data
C:\Users\ShadowEvil\source\repos2\New folder\HelbreathServer\Sources\Client\Sprite.cpp(2468,11): warning C4244: '=': conversion from 'LONG' to 'short', possible loss of data
C:\Users\ShadowEvil\source\repos2\New folder\HelbreathServer\Sources\Client\Sprite.cpp(2469,13): warning C4244: '=': conversion from 'LONG' to 'short', possible loss of data
C:\Users\ShadowEvil\source\repos2\New folder\HelbreathServer\Sources\Client\Sprite.cpp(2580,11): warning C4244: '=': conversion from 'LONG' to 'short', possible loss of data
C:\Users\ShadowEvil\source\repos2\New folder\HelbreathServer\Sources\Client\Sprite.cpp(2581,13): warning C4244: '=': conversion from 'LONG' to 'short', possible loss of data
C:\Users\ShadowEvil\source\repos2\New folder\HelbreathServer\Sources\Client\Sprite.cpp(2599,11): warning C4244: '=': conversion from 'LONG' to 'short', possible loss of data
C:\Users\ShadowEvil\source\repos2\New folder\HelbreathServer\Sources\Client\Sprite.cpp(2600,13): warning C4244: '=': conversion from 'LONG' to 'short', possible loss of data
C:\Users\ShadowEvil\source\repos2\New folder\HelbreathServer\Sources\Client\Sprite.cpp(2706,11): warning C4244: '=': conversion from 'LONG' to 'short', possible loss of data
C:\Users\ShadowEvil\source\repos2\New folder\HelbreathServer\Sources\Client\Sprite.cpp(2707,13): warning C4244: '=': conversion from 'LONG' to 'short', possible loss of data
C:\Users\ShadowEvil\source\repos2\New folder\HelbreathServer\Sources\Client\Sprite.cpp(2725,11): warning C4244: '=': conversion from 'LONG' to 'short', possible loss of data
C:\Users\ShadowEvil\source\repos2\New folder\HelbreathServer\Sources\Client\Sprite.cpp(2726,13): warning C4244: '=': conversion from 'LONG' to 'short', possible loss of data
C:\Users\ShadowEvil\source\repos2\New folder\HelbreathServer\Sources\Client\Sprite.cpp(2869,11): warning C4244: '=': conversion from 'LONG' to 'short', possible loss of data
C:\Users\ShadowEvil\source\repos2\New folder\HelbreathServer\Sources\Client\Sprite.cpp(2870,13): warning C4244: '=': conversion from 'LONG' to 'short', possible loss of data
C:\Users\ShadowEvil\source\repos2\New folder\HelbreathServer\Sources\Client\Sprite.cpp(2888,11): warning C4244: '=': conversion from 'LONG' to 'short', possible loss of data
C:\Users\ShadowEvil\source\repos2\New folder\HelbreathServer\Sources\Client\Sprite.cpp(2889,13): warning C4244: '=': conversion from 'LONG' to 'short', possible loss of data
C:\Users\ShadowEvil\source\repos2\New folder\HelbreathServer\Sources\Client\Sprite.cpp(2955,11): warning C4244: '=': conversion from 'LONG' to 'short', possible loss of data
C:\Users\ShadowEvil\source\repos2\New folder\HelbreathServer\Sources\Client\Sprite.cpp(2956,13): warning C4244: '=': conversion from 'LONG' to 'short', possible loss of data
C:\Users\ShadowEvil\source\repos2\New folder\HelbreathServer\Sources\Client\Sprite.cpp(2974,11): warning C4244: '=': conversion from 'LONG' to 'short', possible loss of data
C:\Users\ShadowEvil\source\repos2\New folder\HelbreathServer\Sources\Client\Sprite.cpp(2975,13): warning C4244: '=': conversion from 'LONG' to 'short', possible loss of data
C:\Users\ShadowEvil\source\repos2\New folder\HelbreathServer\Sources\Client\XSocket.cpp(13,2): warning C5033: 'register' is no longer a supported storage class
C:\Users\ShadowEvil\source\repos2\New folder\HelbreathServer\Sources\Client\XSocket.cpp(43,2): warning C5033: 'register' is no longer a supported storage class
C:\Users\ShadowEvil\source\repos2\New folder\HelbreathServer\Sources\Client\XSocket.cpp(486,2): warning C5033: 'register' is no longer a supported storage class
C:\Users\ShadowEvil\source\repos2\New folder\HelbreathServer\Sources\Client\XSocket.cpp(533,2): warning C5033: 'register' is no longer a supported storage class
C:\Users\ShadowEvil\source\repos2\New folder\HelbreathServer\Sources\Client\Game.cpp(625,5): error C2664: 'bool CGame::bReadLoginConfigFile(char *)': cannot convert argument 1 from 'const char [19]' to 'char *'
      C:\Users\ShadowEvil\source\repos2\New folder\HelbreathServer\Sources\Client\Game.cpp(625,26):
      Conversion from string literal loses const qualifier (see /Zc:strictStrings)
      C:\Users\ShadowEvil\source\repos2\New folder\HelbreathServer\Sources\Client\Game.h(698,7):
      see declaration of 'CGame::bReadLoginConfigFile'
      C:\Users\ShadowEvil\source\repos2\New folder\HelbreathServer\Sources\Client\Game.cpp(625,5):
      while trying to match the argument list '(const char [19])'
  
C:\Users\ShadowEvil\source\repos2\New folder\HelbreathServer\Sources\Client\Game.cpp(659,63): error C2665: 'CSprite::CSprite': no overloaded function could convert all the argument types
      C:\Users\ShadowEvil\source\repos2\New folder\HelbreathServer\Sources\Client\Sprite.h(43,2):
      could be 'CSprite::CSprite(HANDLE,DXC_ddraw *,char *,short,bool)'
          C:\Users\ShadowEvil\source\repos2\New folder\HelbreathServer\Sources\Client\Game.cpp(659,63):
          'CSprite::CSprite(HANDLE,DXC_ddraw *,char *,short,bool)': cannot convert argument 3 from 'const char [11]' to 'char *'
              C:\Users\ShadowEvil\source\repos2\New folder\HelbreathServer\Sources\Client\Game.cpp(659,86):
              Conversion from string literal loses const qualifier (see /Zc:strictStrings)
      C:\Users\ShadowEvil\source\repos2\New folder\HelbreathServer\Sources\Client\Game.cpp(659,63):
      while trying to match the argument list '(HANDLE, DXC_ddraw *, const char [11], int, bool)'
  
C:\Users\ShadowEvil\source\repos2\New folder\HelbreathServer\Sources\Client\Game.cpp(663,65): error C2665: 'CSprite::CSprite': no overloaded function could convert all the argument types
      C:\Users\ShadowEvil\source\repos2\New folder\HelbreathServer\Sources\Client\Sprite.h(43,2):
      could be 'CSprite::CSprite(HANDLE,DXC_ddraw *,char *,short,bool)'
          C:\Users\ShadowEvil\source\repos2\New folder\HelbreathServer\Sources\Client\Game.cpp(663,65):
          'CSprite::CSprite(HANDLE,DXC_ddraw *,char *,short,bool)': cannot convert argument 3 from 'const char [11]' to 'char *'
              C:\Users\ShadowEvil\source\repos2\New folder\HelbreathServer\Sources\Client\Game.cpp(663,88):
              Conversion from string literal loses const qualifier (see /Zc:strictStrings)
      C:\Users\ShadowEvil\source\repos2\New folder\HelbreathServer\Sources\Client\Game.cpp(663,65):
      while trying to match the argument list '(HANDLE, DXC_ddraw *, const char [11], int, bool)'
  
C:\Users\ShadowEvil\source\repos2\New folder\HelbreathServer\Sources\Client\Game.cpp(664,61): error C2665: 'CSprite::CSprite': no overloaded function could convert all the argument types
      C:\Users\ShadowEvil\source\repos2\New folder\HelbreathServer\Sources\Client\Sprite.h(43,2):
      could be 'CSprite::CSprite(HANDLE,DXC_ddraw *,char *,short,bool)'
          C:\Users\ShadowEvil\source\repos2\New folder\HelbreathServer\Sources\Client\Game.cpp(664,61):
          'CSprite::CSprite(HANDLE,DXC_ddraw *,char *,short,bool)': cannot convert argument 3 from 'const char [11]' to 'char *'
              C:\Users\ShadowEvil\source\repos2\New folder\HelbreathServer\Sources\Client\Game.cpp(664,84):
              Conversion from string literal loses const qualifier (see /Zc:strictStrings)
      C:\Users\ShadowEvil\source\repos2\New folder\HelbreathServer\Sources\Client\Game.cpp(664,61):
      while trying to match the argument list '(HANDLE, DXC_ddraw *, const char [11], int, bool)'
  
C:\Users\ShadowEvil\source\repos2\New folder\HelbreathServer\Sources\Client\MapData.cpp(27,50): warning C4244: '=': conversion from 'double' to 'short', possible loss of data
C:\Users\ShadowEvil\source\repos2\New folder\HelbreathServer\Sources\Client\Game.cpp(670,64): error C2665: 'CSprite::CSprite': no overloaded function could convert all the argument types
      C:\Users\ShadowEvil\source\repos2\New folder\HelbreathServer\Sources\Client\Sprite.h(43,2):
      could be 'CSprite::CSprite(HANDLE,DXC_ddraw *,char *,short,bool)'
          C:\Users\ShadowEvil\source\repos2\New folder\HelbreathServer\Sources\Client\Game.cpp(670,64):
          'CSprite::CSprite(HANDLE,DXC_ddraw *,char *,short,bool)': cannot convert argument 3 from 'const char [11]' to 'char *'
              C:\Users\ShadowEvil\source\repos2\New folder\HelbreathServer\Sources\Client\Game.cpp(670,87):
              Conversion from string literal loses const qualifier (see /Zc:strictStrings)
      C:\Users\ShadowEvil\source\repos2\New folder\HelbreathServer\Sources\Client\Game.cpp(670,64):
      while trying to match the argument list '(HANDLE, DXC_ddraw *, const char [11], int, bool)'
  
C:\Users\ShadowEvil\source\repos2\New folder\HelbreathServer\Sources\Client\MapData.cpp(31,49): warning C4244: '=': conversion from 'double' to 'short', possible loss of data
C:\Users\ShadowEvil\source\repos2\New folder\HelbreathServer\Sources\Client\MapData.cpp(33,52): warning C4244: '=': conversion from 'double' to 'short', possible loss of data
C:\Users\ShadowEvil\source\repos2\New folder\HelbreathServer\Sources\Client\Game.cpp(671,67): error C2665: 'CSprite::CSprite': no overloaded function could convert all the argument types
      C:\Users\ShadowEvil\source\repos2\New folder\HelbreathServer\Sources\Client\Sprite.h(43,2):
      could be 'CSprite::CSprite(HANDLE,DXC_ddraw *,char *,short,bool)'
          C:\Users\ShadowEvil\source\repos2\New folder\HelbreathServer\Sources\Client\Game.cpp(671,67):
          'CSprite::CSprite(HANDLE,DXC_ddraw *,char *,short,bool)': cannot convert argument 3 from 'const char [11]' to 'char *'
              C:\Users\ShadowEvil\source\repos2\New folder\HelbreathServer\Sources\Client\Game.cpp(671,90):
              Conversion from string literal loses const qualifier (see /Zc:strictStrings)
      C:\Users\ShadowEvil\source\repos2\New folder\HelbreathServer\Sources\Client\Game.cpp(671,67):
      while trying to match the argument list '(HANDLE, DXC_ddraw *, const char [11], int, bool)'
  
C:\Users\ShadowEvil\source\repos2\New folder\HelbreathServer\Sources\Client\MapData.cpp(50,69): warning C4244: '=': conversion from 'double' to 'short', possible loss of data
C:\Users\ShadowEvil\source\repos2\New folder\HelbreathServer\Sources\Client\Game.cpp(677,60): error C2665: 'CSprite::CSprite': no overloaded function could convert all the argument types
      C:\Users\ShadowEvil\source\repos2\New folder\HelbreathServer\Sources\Client\Sprite.h(43,2):
      could be 'CSprite::CSprite(HANDLE,DXC_ddraw *,char *,short,bool)'
          C:\Users\ShadowEvil\source\repos2\New folder\HelbreathServer\Sources\Client\Game.cpp(677,60):
          'CSprite::CSprite(HANDLE,DXC_ddraw *,char *,short,bool)': cannot convert argument 3 from 'const char [9]' to 'char *'
              C:\Users\ShadowEvil\source\repos2\New folder\HelbreathServer\Sources\Client\Game.cpp(677,83):
              Conversion from string literal loses const qualifier (see /Zc:strictStrings)
      C:\Users\ShadowEvil\source\repos2\New folder\HelbreathServer\Sources\Client\Game.cpp(677,60):
      while trying to match the argument list '(HANDLE, DXC_ddraw *, const char [9], int, bool)'
  
C:\Users\ShadowEvil\source\repos2\New folder\HelbreathServer\Sources\Client\Game.cpp(678,59): error C2665: 'CSprite::CSprite': no overloaded function could convert all the argument types
      C:\Users\ShadowEvil\source\repos2\New folder\HelbreathServer\Sources\Client\Sprite.h(43,2):
      could be 'CSprite::CSprite(HANDLE,DXC_ddraw *,char *,short,bool)'
          C:\Users\ShadowEvil\source\repos2\New folder\HelbreathServer\Sources\Client\Game.cpp(678,59):
          'CSprite::CSprite(HANDLE,DXC_ddraw *,char *,short,bool)': cannot convert argument 3 from 'const char [9]' to 'char *'
              C:\Users\ShadowEvil\source\repos2\New folder\HelbreathServer\Sources\Client\Game.cpp(678,82):
              Conversion from string literal loses const qualifier (see /Zc:strictStrings)
      C:\Users\ShadowEvil\source\repos2\New folder\HelbreathServer\Sources\Client\Game.cpp(678,59):
      while trying to match the argument list '(HANDLE, DXC_ddraw *, const char [9], int, bool)'
  
C:\Users\ShadowEvil\source\repos2\New folder\HelbreathServer\Sources\Client\MapData.cpp(343,51): warning C4244: '=': conversion from 'double' to 'short', possible loss of data
C:\Users\ShadowEvil\source\repos2\New folder\HelbreathServer\Sources\Client\MapData.cpp(352,51): warning C4244: '=': conversion from 'double' to 'short', possible loss of data
C:\Users\ShadowEvil\source\repos2\New folder\HelbreathServer\Sources\Client\MapData.cpp(361,51): warning C4244: '=': conversion from 'double' to 'short', possible loss of data
C:\Users\ShadowEvil\source\repos2\New folder\HelbreathServer\Sources\Client\MapData.cpp(370,51): warning C4244: '=': conversion from 'double' to 'short', possible loss of data
C:\Users\ShadowEvil\source\repos2\New folder\HelbreathServer\Sources\Client\Game.cpp(1069,7): error C2664: 'void CGame::SetTopMsg(char *,unsigned char)': cannot convert argument 1 from 'const char [89]' to 'char *'
      C:\Users\ShadowEvil\source\repos2\New folder\HelbreathServer\Sources\Client\Game.cpp(1069,18):
      Conversion from string literal loses const qualifier (see /Zc:strictStrings)
      C:\Users\ShadowEvil\source\repos2\New folder\HelbreathServer\Sources\Client\Game.h(335,7):
      see declaration of 'CGame::SetTopMsg'
      C:\Users\ShadowEvil\source\repos2\New folder\HelbreathServer\Sources\Client\Game.cpp(1069,7):
      while trying to match the argument list '(const char [89], int)'
  
C:\Users\ShadowEvil\source\repos2\New folder\HelbreathServer\Sources\Client\Game.cpp(1086,7): error C2664: 'void CGame::SetTopMsg(char *,unsigned char)': cannot convert argument 1 from 'const char [89]' to 'char *'
      C:\Users\ShadowEvil\source\repos2\New folder\HelbreathServer\Sources\Client\Game.cpp(1086,18):
      Conversion from string literal loses const qualifier (see /Zc:strictStrings)
      C:\Users\ShadowEvil\source\repos2\New folder\HelbreathServer\Sources\Client\Game.h(335,7):
      see declaration of 'CGame::SetTopMsg'
      C:\Users\ShadowEvil\source\repos2\New folder\HelbreathServer\Sources\Client\Game.cpp(1086,7):
      while trying to match the argument list '(const char [89], int)'
  
C:\Users\ShadowEvil\source\repos2\New folder\HelbreathServer\Sources\Client\Game.cpp(1585,33): warning C4805: '==': unsafe mix of type 'int' and type 'bool' in operation
C:\Users\ShadowEvil\source\repos2\New folder\HelbreathServer\Sources\Client\Game.cpp(1616,33): warning C4805: '==': unsafe mix of type 'int' and type 'bool' in operation
C:\Users\ShadowEvil\source\repos2\New folder\HelbreathServer\Sources\Client\Game.cpp(1849,33): warning C4805: '==': unsafe mix of type 'int' and type 'bool' in operation
C:\Users\ShadowEvil\source\repos2\New folder\HelbreathServer\Sources\Client\Game.cpp(2557,30): warning C4805: '==': unsafe mix of type 'int' and type 'bool' in operation
C:\Users\ShadowEvil\source\repos2\New folder\HelbreathServer\Sources\Client\Game.cpp(2559,32): warning C4805: '==': unsafe mix of type 'int' and type 'bool' in operation
C:\Users\ShadowEvil\source\repos2\New folder\HelbreathServer\Sources\Client\Game.cpp(2982,2): error C2664: 'void CGame::PutString_SprFont(int,int,char *,short,short,short)': cannot convert argument 3 from 'const char [16]' to 'char *'
      C:\Users\ShadowEvil\source\repos2\New folder\HelbreathServer\Sources\Client\Game.cpp(2982,38):
      Conversion from string literal loses const qualifier (see /Zc:strictStrings)
      C:\Users\ShadowEvil\source\repos2\New folder\HelbreathServer\Sources\Client\Game.h(660,7):
      see declaration of 'CGame::PutString_SprFont'
      C:\Users\ShadowEvil\source\repos2\New folder\HelbreathServer\Sources\Client\Game.cpp(2982,2):
      while trying to match the argument list '(int, int, const char [16], int, int, int)'
  
C:\Users\ShadowEvil\source\repos2\New folder\HelbreathServer\Sources\Client\Game.cpp(2984,2): error C2664: 'void CGame::PutString2(int,int,char *,short,short,short)': cannot convert argument 3 from 'const char [5]' to 'char *'
      C:\Users\ShadowEvil\source\repos2\New folder\HelbreathServer\Sources\Client\Game.cpp(2984,36):
      Conversion from string literal loses const qualifier (see /Zc:strictStrings)
      C:\Users\ShadowEvil\source\repos2\New folder\HelbreathServer\Sources\Client\Game.h(658,7):
      see declaration of 'CGame::PutString2'
      C:\Users\ShadowEvil\source\repos2\New folder\HelbreathServer\Sources\Client\Game.cpp(2984,2):
      while trying to match the argument list '(int, int, const char [5], int, int, int)'
  
C:\Users\ShadowEvil\source\repos2\New folder\HelbreathServer\Sources\Client\Game.cpp(2985,2): error C2664: 'void CGame::PutString2(int,int,char *,short,short,short)': cannot convert argument 3 from 'const char [9]' to 'char *'
      C:\Users\ShadowEvil\source\repos2\New folder\HelbreathServer\Sources\Client\Game.cpp(2985,37):
      Conversion from string literal loses const qualifier (see /Zc:strictStrings)
      C:\Users\ShadowEvil\source\repos2\New folder\HelbreathServer\Sources\Client\Game.h(658,7):
      see declaration of 'CGame::PutString2'
      C:\Users\ShadowEvil\source\repos2\New folder\HelbreathServer\Sources\Client\Game.cpp(2985,2):
      while trying to match the argument list '(int, int, const char [9], int, int, int)'
  
C:\Users\ShadowEvil\source\repos2\New folder\HelbreathServer\Sources\Client\Game.cpp(2986,2): error C2664: 'void CGame::PutString2(int,int,char *,short,short,short)': cannot convert argument 3 from 'const char [6]' to 'char *'
      C:\Users\ShadowEvil\source\repos2\New folder\HelbreathServer\Sources\Client\Game.cpp(2986,47):
      Conversion from string literal loses const qualifier (see /Zc:strictStrings)
      C:\Users\ShadowEvil\source\repos2\New folder\HelbreathServer\Sources\Client\Game.h(658,7):
      see declaration of 'CGame::PutString2'
      C:\Users\ShadowEvil\source\repos2\New folder\HelbreathServer\Sources\Client\Game.cpp(2986,2):
      while trying to match the argument list '(int, int, const char [6], int, int, int)'
  
C:\Users\ShadowEvil\source\repos2\New folder\HelbreathServer\Sources\Client\MapData.cpp(1821,85): warning C4244: '-=': conversion from 'double' to 'int', possible loss of data
C:\Users\ShadowEvil\source\repos2\New folder\HelbreathServer\Sources\Client\Game.cpp(3399,57): error C2665: 'CSprite::CSprite': no overloaded function could convert all the argument types
      C:\Users\ShadowEvil\source\repos2\New folder\HelbreathServer\Sources\Client\Sprite.h(43,2):
      could be 'CSprite::CSprite(HANDLE,DXC_ddraw *,char *,short,bool)'
          C:\Users\ShadowEvil\source\repos2\New folder\HelbreathServer\Sources\Client\Game.cpp(3399,57):
          'CSprite::CSprite(HANDLE,DXC_ddraw *,char *,short,bool)': cannot convert argument 3 from 'const char [10]' to 'char *'
              C:\Users\ShadowEvil\source\repos2\New folder\HelbreathServer\Sources\Client\Game.cpp(3399,80):
              Conversion from string literal loses const qualifier (see /Zc:strictStrings)
      C:\Users\ShadowEvil\source\repos2\New folder\HelbreathServer\Sources\Client\Game.cpp(3399,57):
      while trying to match the argument list '(HANDLE, DXC_ddraw *, const char [10], int, bool)'
  
C:\Users\ShadowEvil\source\repos2\New folder\HelbreathServer\Sources\Client\Game.cpp(3400,64): error C2665: 'CSprite::CSprite': no overloaded function could convert all the argument types
      C:\Users\ShadowEvil\source\repos2\New folder\HelbreathServer\Sources\Client\Sprite.h(43,2):
      could be 'CSprite::CSprite(HANDLE,DXC_ddraw *,char *,short,bool)'
          C:\Users\ShadowEvil\source\repos2\New folder\HelbreathServer\Sources\Client\Game.cpp(3400,64):
          'CSprite::CSprite(HANDLE,DXC_ddraw *,char *,short,bool)': cannot convert argument 3 from 'const char [10]' to 'char *'
              C:\Users\ShadowEvil\source\repos2\New folder\HelbreathServer\Sources\Client\Game.cpp(3400,87):
              Conversion from string literal loses const qualifier (see /Zc:strictStrings)
      C:\Users\ShadowEvil\source\repos2\New folder\HelbreathServer\Sources\Client\Game.cpp(3400,64):
      while trying to match the argument list '(HANDLE, DXC_ddraw *, const char [10], int, bool)'
  
C:\Users\ShadowEvil\source\repos2\New folder\HelbreathServer\Sources\Client\Game.cpp(3406,64): error C2665: 'CSprite::CSprite': no overloaded function could convert all the argument types
      C:\Users\ShadowEvil\source\repos2\New folder\HelbreathServer\Sources\Client\Sprite.h(43,2):
      could be 'CSprite::CSprite(HANDLE,DXC_ddraw *,char *,short,bool)'
          C:\Users\ShadowEvil\source\repos2\New folder\HelbreathServer\Sources\Client\Game.cpp(3406,64):
          'CSprite::CSprite(HANDLE,DXC_ddraw *,char *,short,bool)': cannot convert argument 3 from 'const char [8]' to 'char *'
              C:\Users\ShadowEvil\source\repos2\New folder\HelbreathServer\Sources\Client\Game.cpp(3406,87):
              Conversion from string literal loses const qualifier (see /Zc:strictStrings)
      C:\Users\ShadowEvil\source\repos2\New folder\HelbreathServer\Sources\Client\Game.cpp(3406,64):
      while trying to match the argument list '(HANDLE, DXC_ddraw *, const char [8], int, bool)'
  
C:\Users\ShadowEvil\source\repos2\New folder\HelbreathServer\Sources\Client\Game.cpp(3407,64): error C2665: 'CSprite::CSprite': no overloaded function could convert all the argument types
      C:\Users\ShadowEvil\source\repos2\New folder\HelbreathServer\Sources\Client\Sprite.h(43,2):
      could be 'CSprite::CSprite(HANDLE,DXC_ddraw *,char *,short,bool)'
          C:\Users\ShadowEvil\source\repos2\New folder\HelbreathServer\Sources\Client\Game.cpp(3407,64):
          'CSprite::CSprite(HANDLE,DXC_ddraw *,char *,short,bool)': cannot convert argument 3 from 'const char [8]' to 'char *'
              C:\Users\ShadowEvil\source\repos2\New folder\HelbreathServer\Sources\Client\Game.cpp(3407,87):
              Conversion from string literal loses const qualifier (see /Zc:strictStrings)
      C:\Users\ShadowEvil\source\repos2\New folder\HelbreathServer\Sources\Client\Game.cpp(3407,64):
      while trying to match the argument list '(HANDLE, DXC_ddraw *, const char [8], int, bool)'
  
C:\Users\ShadowEvil\source\repos2\New folder\HelbreathServer\Sources\Client\Game.cpp(3408,64): error C2665: 'CSprite::CSprite': no overloaded function could convert all the argument types
      C:\Users\ShadowEvil\source\repos2\New folder\HelbreathServer\Sources\Client\Sprite.h(43,2):
      could be 'CSprite::CSprite(HANDLE,DXC_ddraw *,char *,short,bool)'
          C:\Users\ShadowEvil\source\repos2\New folder\HelbreathServer\Sources\Client\Game.cpp(3408,64):
          'CSprite::CSprite(HANDLE,DXC_ddraw *,char *,short,bool)': cannot convert argument 3 from 'const char [8]' to 'char *'
              C:\Users\ShadowEvil\source\repos2\New folder\HelbreathServer\Sources\Client\Game.cpp(3408,87):
              Conversion from string literal loses const qualifier (see /Zc:strictStrings)
      C:\Users\ShadowEvil\source\repos2\New folder\HelbreathServer\Sources\Client\Game.cpp(3408,64):
      while trying to match the argument list '(HANDLE, DXC_ddraw *, const char [8], int, bool)'
  
C:\Users\ShadowEvil\source\repos2\New folder\HelbreathServer\Sources\Client\MapData.cpp(2339,103): warning C4244: 'argument': conversion from 'short' to 'char', possible loss of data
C:\Users\ShadowEvil\source\repos2\New folder\HelbreathServer\Sources\Client\Game.cpp(3409,64): error C2665: 'CSprite::CSprite': no overloaded function could convert all the argument types
      C:\Users\ShadowEvil\source\repos2\New folder\HelbreathServer\Sources\Client\Sprite.h(43,2):
      could be 'CSprite::CSprite(HANDLE,DXC_ddraw *,char *,short,bool)'
          C:\Users\ShadowEvil\source\repos2\New folder\HelbreathServer\Sources\Client\Game.cpp(3409,64):
          'CSprite::CSprite(HANDLE,DXC_ddraw *,char *,short,bool)': cannot convert argument 3 from 'const char [8]' to 'char *'
              C:\Users\ShadowEvil\source\repos2\New folder\HelbreathServer\Sources\Client\Game.cpp(3409,87):
              Conversion from string literal loses const qualifier (see /Zc:strictStrings)
      C:\Users\ShadowEvil\source\repos2\New folder\HelbreathServer\Sources\Client\Game.cpp(3409,64):
      while trying to match the argument list '(HANDLE, DXC_ddraw *, const char [8], int, bool)'
  
C:\Users\ShadowEvil\source\repos2\New folder\HelbreathServer\Sources\Client\Game.cpp(3410,64): error C2665: 'CSprite::CSprite': no overloaded function could convert all the argument types
      C:\Users\ShadowEvil\source\repos2\New folder\HelbreathServer\Sources\Client\Sprite.h(43,2):
      could be 'CSprite::CSprite(HANDLE,DXC_ddraw *,char *,short,bool)'
          C:\Users\ShadowEvil\source\repos2\New folder\HelbreathServer\Sources\Client\Game.cpp(3410,64):
          'CSprite::CSprite(HANDLE,DXC_ddraw *,char *,short,bool)': cannot convert argument 3 from 'const char [8]' to 'char *'
              C:\Users\ShadowEvil\source\repos2\New folder\HelbreathServer\Sources\Client\Game.cpp(3410,87):
              Conversion from string literal loses const qualifier (see /Zc:strictStrings)
      C:\Users\ShadowEvil\source\repos2\New folder\HelbreathServer\Sources\Client\Game.cpp(3410,64):
      while trying to match the argument list '(HANDLE, DXC_ddraw *, const char [8], int, bool)'
  
C:\Users\ShadowEvil\source\repos2\New folder\HelbreathServer\Sources\Client\Game.cpp(3416,64): error C2665: 'CSprite::CSprite': no overloaded function could convert all the argument types
      C:\Users\ShadowEvil\source\repos2\New folder\HelbreathServer\Sources\Client\Sprite.h(43,2):
      could be 'CSprite::CSprite(HANDLE,DXC_ddraw *,char *,short,bool)'
          C:\Users\ShadowEvil\source\repos2\New folder\HelbreathServer\Sources\Client\Game.cpp(3416,64):
          'CSprite::CSprite(HANDLE,DXC_ddraw *,char *,short,bool)': cannot convert argument 3 from 'const char [12]' to 'char *'
              C:\Users\ShadowEvil\source\repos2\New folder\HelbreathServer\Sources\Client\Game.cpp(3416,87):
              Conversion from string literal loses const qualifier (see /Zc:strictStrings)
      C:\Users\ShadowEvil\source\repos2\New folder\HelbreathServer\Sources\Client\Game.cpp(3416,64):
      while trying to match the argument list '(HANDLE, DXC_ddraw *, const char [12], int, bool)'
  
C:\Users\ShadowEvil\source\repos2\New folder\HelbreathServer\Sources\Client\Game.cpp(3418,69): error C2665: 'CSprite::CSprite': no overloaded function could convert all the argument types
      C:\Users\ShadowEvil\source\repos2\New folder\HelbreathServer\Sources\Client\Sprite.h(43,2):
      could be 'CSprite::CSprite(HANDLE,DXC_ddraw *,char *,short,bool)'
          C:\Users\ShadowEvil\source\repos2\New folder\HelbreathServer\Sources\Client\Game.cpp(3418,69):
          'CSprite::CSprite(HANDLE,DXC_ddraw *,char *,short,bool)': cannot convert argument 3 from 'const char [12]' to 'char *'
              C:\Users\ShadowEvil\source\repos2\New folder\HelbreathServer\Sources\Client\Game.cpp(3418,92):
              Conversion from string literal loses const qualifier (see /Zc:strictStrings)
      C:\Users\ShadowEvil\source\repos2\New folder\HelbreathServer\Sources\Client\Game.cpp(3418,69):
      while trying to match the argument list '(HANDLE, DXC_ddraw *, const char [12], int, bool)'
  
C:\Users\ShadowEvil\source\repos2\New folder\HelbreathServer\Sources\Client\Game.cpp(3419,68): error C2665: 'CSprite::CSprite': no overloaded function could convert all the argument types
      C:\Users\ShadowEvil\source\repos2\New folder\HelbreathServer\Sources\Client\Sprite.h(43,2):
      could be 'CSprite::CSprite(HANDLE,DXC_ddraw *,char *,short,bool)'
          C:\Users\ShadowEvil\source\repos2\New folder\HelbreathServer\Sources\Client\Game.cpp(3419,68):
          'CSprite::CSprite(HANDLE,DXC_ddraw *,char *,short,bool)': cannot convert argument 3 from 'const char [12]' to 'char *'
              C:\Users\ShadowEvil\source\repos2\New folder\HelbreathServer\Sources\Client\Game.cpp(3419,91):
              Conversion from string literal loses const qualifier (see /Zc:strictStrings)
      C:\Users\ShadowEvil\source\repos2\New folder\HelbreathServer\Sources\Client\Game.cpp(3419,68):
      while trying to match the argument list '(HANDLE, DXC_ddraw *, const char [12], int, bool)'
  
C:\Users\ShadowEvil\source\repos2\New folder\HelbreathServer\Sources\Client\Game.cpp(3426,69): error C2665: 'CSprite::CSprite': no overloaded function could convert all the argument types
      C:\Users\ShadowEvil\source\repos2\New folder\HelbreathServer\Sources\Client\Sprite.h(43,2):
      could be 'CSprite::CSprite(HANDLE,DXC_ddraw *,char *,short,bool)'
          C:\Users\ShadowEvil\source\repos2\New folder\HelbreathServer\Sources\Client\Game.cpp(3426,69):
          'CSprite::CSprite(HANDLE,DXC_ddraw *,char *,short,bool)': cannot convert argument 3 from 'const char [13]' to 'char *'
              C:\Users\ShadowEvil\source\repos2\New folder\HelbreathServer\Sources\Client\Game.cpp(3426,92):
              Conversion from string literal loses const qualifier (see /Zc:strictStrings)
      C:\Users\ShadowEvil\source\repos2\New folder\HelbreathServer\Sources\Client\Game.cpp(3426,69):
      while trying to match the argument list '(HANDLE, DXC_ddraw *, const char [13], int, bool)'
  
C:\Users\ShadowEvil\source\repos2\New folder\HelbreathServer\Sources\Client\Game.cpp(3430,69): error C2665: 'CSprite::CSprite': no overloaded function could convert all the argument types
      C:\Users\ShadowEvil\source\repos2\New folder\HelbreathServer\Sources\Client\Sprite.h(43,2):
      could be 'CSprite::CSprite(HANDLE,DXC_ddraw *,char *,short,bool)'
          C:\Users\ShadowEvil\source\repos2\New folder\HelbreathServer\Sources\Client\Game.cpp(3430,69):
          'CSprite::CSprite(HANDLE,DXC_ddraw *,char *,short,bool)': cannot convert argument 3 from 'const char [11]' to 'char *'
              C:\Users\ShadowEvil\source\repos2\New folder\HelbreathServer\Sources\Client\Game.cpp(3430,92):
              Conversion from string literal loses const qualifier (see /Zc:strictStrings)
      C:\Users\ShadowEvil\source\repos2\New folder\HelbreathServer\Sources\Client\Game.cpp(3430,69):
      while trying to match the argument list '(HANDLE, DXC_ddraw *, const char [11], int, bool)'
  
C:\Users\ShadowEvil\source\repos2\New folder\HelbreathServer\Sources\Client\Game.cpp(3436,67): error C2665: 'CSprite::CSprite': no overloaded function could convert all the argument types
      C:\Users\ShadowEvil\source\repos2\New folder\HelbreathServer\Sources\Client\Sprite.h(43,2):
      could be 'CSprite::CSprite(HANDLE,DXC_ddraw *,char *,short,bool)'
          C:\Users\ShadowEvil\source\repos2\New folder\HelbreathServer\Sources\Client\Game.cpp(3436,67):
          'CSprite::CSprite(HANDLE,DXC_ddraw *,char *,short,bool)': cannot convert argument 3 from 'const char [11]' to 'char *'
              C:\Users\ShadowEvil\source\repos2\New folder\HelbreathServer\Sources\Client\Game.cpp(3436,90):
              Conversion from string literal loses const qualifier (see /Zc:strictStrings)
      C:\Users\ShadowEvil\source\repos2\New folder\HelbreathServer\Sources\Client\Game.cpp(3436,67):
      while trying to match the argument list '(HANDLE, DXC_ddraw *, const char [11], int, bool)'
  
C:\Users\ShadowEvil\source\repos2\New folder\HelbreathServer\Sources\Client\Game.cpp(3437,63): error C2665: 'CSprite::CSprite': no overloaded function could convert all the argument types
      C:\Users\ShadowEvil\source\repos2\New folder\HelbreathServer\Sources\Client\Sprite.h(43,2):
      could be 'CSprite::CSprite(HANDLE,DXC_ddraw *,char *,short,bool)'
          C:\Users\ShadowEvil\source\repos2\New folder\HelbreathServer\Sources\Client\Game.cpp(3437,63):
          'CSprite::CSprite(HANDLE,DXC_ddraw *,char *,short,bool)': cannot convert argument 3 from 'const char [11]' to 'char *'
              C:\Users\ShadowEvil\source\repos2\New folder\HelbreathServer\Sources\Client\Game.cpp(3437,86):
              Conversion from string literal loses const qualifier (see /Zc:strictStrings)
      C:\Users\ShadowEvil\source\repos2\New folder\HelbreathServer\Sources\Client\Game.cpp(3437,63):
      while trying to match the argument list '(HANDLE, DXC_ddraw *, const char [11], int, bool)'
  
C:\Users\ShadowEvil\source\repos2\New folder\HelbreathServer\Sources\Client\Game.cpp(3443,69): error C2665: 'CSprite::CSprite': no overloaded function could convert all the argument types
      C:\Users\ShadowEvil\source\repos2\New folder\HelbreathServer\Sources\Client\Sprite.h(43,2):
      could be 'CSprite::CSprite(HANDLE,DXC_ddraw *,char *,short,bool)'
          C:\Users\ShadowEvil\source\repos2\New folder\HelbreathServer\Sources\Client\Game.cpp(3443,69):
          'CSprite::CSprite(HANDLE,DXC_ddraw *,char *,short,bool)': cannot convert argument 3 from 'const char [11]' to 'char *'
              C:\Users\ShadowEvil\source\repos2\New folder\HelbreathServer\Sources\Client\Game.cpp(3443,92):
              Conversion from string literal loses const qualifier (see /Zc:strictStrings)
      C:\Users\ShadowEvil\source\repos2\New folder\HelbreathServer\Sources\Client\Game.cpp(3443,69):
      while trying to match the argument list '(HANDLE, DXC_ddraw *, const char [11], int, bool)'
  
C:\Users\ShadowEvil\source\repos2\New folder\HelbreathServer\Sources\Client\Game.cpp(3444,69): error C2665: 'CSprite::CSprite': no overloaded function could convert all the argument types
      C:\Users\ShadowEvil\source\repos2\New folder\HelbreathServer\Sources\Client\Sprite.h(43,2):
      could be 'CSprite::CSprite(HANDLE,DXC_ddraw *,char *,short,bool)'
          C:\Users\ShadowEvil\source\repos2\New folder\HelbreathServer\Sources\Client\Game.cpp(3444,69):
          'CSprite::CSprite(HANDLE,DXC_ddraw *,char *,short,bool)': cannot convert argument 3 from 'const char [11]' to 'char *'
              C:\Users\ShadowEvil\source\repos2\New folder\HelbreathServer\Sources\Client\Game.cpp(3444,92):
              Conversion from string literal loses const qualifier (see /Zc:strictStrings)
      C:\Users\ShadowEvil\source\repos2\New folder\HelbreathServer\Sources\Client\Game.cpp(3444,69):
      while trying to match the argument list '(HANDLE, DXC_ddraw *, const char [11], int, bool)'
  
C:\Users\ShadowEvil\source\repos2\New folder\HelbreathServer\Sources\Client\Game.cpp(3445,69): error C2665: 'CSprite::CSprite': no overloaded function could convert all the argument types
      C:\Users\ShadowEvil\source\repos2\New folder\HelbreathServer\Sources\Client\Sprite.h(43,2):
      could be 'CSprite::CSprite(HANDLE,DXC_ddraw *,char *,short,bool)'
          C:\Users\ShadowEvil\source\repos2\New folder\HelbreathServer\Sources\Client\Game.cpp(3445,69):
          'CSprite::CSprite(HANDLE,DXC_ddraw *,char *,short,bool)': cannot convert argument 3 from 'const char [11]' to 'char *'
              C:\Users\ShadowEvil\source\repos2\New folder\HelbreathServer\Sources\Client\Game.cpp(3445,92):
              Conversion from string literal loses const qualifier (see /Zc:strictStrings)
      C:\Users\ShadowEvil\source\repos2\New folder\HelbreathServer\Sources\Client\Game.cpp(3445,69):
      while trying to match the argument list '(HANDLE, DXC_ddraw *, const char [11], int, bool)'
  
C:\Users\ShadowEvil\source\repos2\New folder\HelbreathServer\Sources\Client\Game.cpp(3446,69): error C2665: 'CSprite::CSprite': no overloaded function could convert all the argument types
      C:\Users\ShadowEvil\source\repos2\New folder\HelbreathServer\Sources\Client\Sprite.h(43,2):
      could be 'CSprite::CSprite(HANDLE,DXC_ddraw *,char *,short,bool)'
          C:\Users\ShadowEvil\source\repos2\New folder\HelbreathServer\Sources\Client\Game.cpp(3446,69):
          'CSprite::CSprite(HANDLE,DXC_ddraw *,char *,short,bool)': cannot convert argument 3 from 'const char [11]' to 'char *'
              C:\Users\ShadowEvil\source\repos2\New folder\HelbreathServer\Sources\Client\Game.cpp(3446,92):
              Conversion from string literal loses const qualifier (see /Zc:strictStrings)
      C:\Users\ShadowEvil\source\repos2\New folder\HelbreathServer\Sources\Client\Game.cpp(3446,69):
      while trying to match the argument list '(HANDLE, DXC_ddraw *, const char [11], int, bool)'
  
C:\Users\ShadowEvil\source\repos2\New folder\HelbreathServer\Sources\Client\Game.cpp(3447,69): error C2665: 'CSprite::CSprite': no overloaded function could convert all the argument types
      C:\Users\ShadowEvil\source\repos2\New folder\HelbreathServer\Sources\Client\Sprite.h(43,2):
      could be 'CSprite::CSprite(HANDLE,DXC_ddraw *,char *,short,bool)'
          C:\Users\ShadowEvil\source\repos2\New folder\HelbreathServer\Sources\Client\Game.cpp(3447,69):
          'CSprite::CSprite(HANDLE,DXC_ddraw *,char *,short,bool)': cannot convert argument 3 from 'const char [11]' to 'char *'
              C:\Users\ShadowEvil\source\repos2\New folder\HelbreathServer\Sources\Client\Game.cpp(3447,92):
              Conversion from string literal loses const qualifier (see /Zc:strictStrings)
      C:\Users\ShadowEvil\source\repos2\New folder\HelbreathServer\Sources\Client\Game.cpp(3447,69):
      while trying to match the argument list '(HANDLE, DXC_ddraw *, const char [11], int, bool)'
  
C:\Users\ShadowEvil\source\repos2\New folder\HelbreathServer\Sources\Client\MapData.cpp(3237,102): warning C4244: 'argument': conversion from 'short' to 'char', possible loss of data
C:\Users\ShadowEvil\source\repos2\New folder\HelbreathServer\Sources\Client\Game.cpp(3449,69): error C2665: 'CSprite::CSprite': no overloaded function could convert all the argument types
      C:\Users\ShadowEvil\source\repos2\New folder\HelbreathServer\Sources\Client\Sprite.h(43,2):
      could be 'CSprite::CSprite(HANDLE,DXC_ddraw *,char *,short,bool)'
          C:\Users\ShadowEvil\source\repos2\New folder\HelbreathServer\Sources\Client\Game.cpp(3449,69):
          'CSprite::CSprite(HANDLE,DXC_ddraw *,char *,short,bool)': cannot convert argument 3 from 'const char [11]' to 'char *'
              C:\Users\ShadowEvil\source\repos2\New folder\HelbreathServer\Sources\Client\Game.cpp(3449,92):
              Conversion from string literal loses const qualifier (see /Zc:strictStrings)
      C:\Users\ShadowEvil\source\repos2\New folder\HelbreathServer\Sources\Client\Game.cpp(3449,69):
      while trying to match the argument list '(HANDLE, DXC_ddraw *, const char [11], int, bool)'
  
C:\Users\ShadowEvil\source\repos2\New folder\HelbreathServer\Sources\Client\Game.cpp(3450,69): error C2665: 'CSprite::CSprite': no overloaded function could convert all the argument types
      C:\Users\ShadowEvil\source\repos2\New folder\HelbreathServer\Sources\Client\Sprite.h(43,2):
      could be 'CSprite::CSprite(HANDLE,DXC_ddraw *,char *,short,bool)'
          C:\Users\ShadowEvil\source\repos2\New folder\HelbreathServer\Sources\Client\Game.cpp(3450,69):
          'CSprite::CSprite(HANDLE,DXC_ddraw *,char *,short,bool)': cannot convert argument 3 from 'const char [11]' to 'char *'
              C:\Users\ShadowEvil\source\repos2\New folder\HelbreathServer\Sources\Client\Game.cpp(3450,92):
              Conversion from string literal loses const qualifier (see /Zc:strictStrings)
      C:\Users\ShadowEvil\source\repos2\New folder\HelbreathServer\Sources\Client\Game.cpp(3450,69):
      while trying to match the argument list '(HANDLE, DXC_ddraw *, const char [11], int, bool)'
  
C:\Users\ShadowEvil\source\repos2\New folder\HelbreathServer\Sources\Client\Game.cpp(3451,69): error C2665: 'CSprite::CSprite': no overloaded function could convert all the argument types
      C:\Users\ShadowEvil\source\repos2\New folder\HelbreathServer\Sources\Client\Sprite.h(43,2):
      could be 'CSprite::CSprite(HANDLE,DXC_ddraw *,char *,short,bool)'
          C:\Users\ShadowEvil\source\repos2\New folder\HelbreathServer\Sources\Client\Game.cpp(3451,69):
          'CSprite::CSprite(HANDLE,DXC_ddraw *,char *,short,bool)': cannot convert argument 3 from 'const char [11]' to 'char *'
              C:\Users\ShadowEvil\source\repos2\New folder\HelbreathServer\Sources\Client\Game.cpp(3451,92):
              Conversion from string literal loses const qualifier (see /Zc:strictStrings)
      C:\Users\ShadowEvil\source\repos2\New folder\HelbreathServer\Sources\Client\Game.cpp(3451,69):
      while trying to match the argument list '(HANDLE, DXC_ddraw *, const char [11], int, bool)'
  
C:\Users\ShadowEvil\source\repos2\New folder\HelbreathServer\Sources\Client\Game.cpp(3452,69): error C2665: 'CSprite::CSprite': no overloaded function could convert all the argument types
      C:\Users\ShadowEvil\source\repos2\New folder\HelbreathServer\Sources\Client\Sprite.h(43,2):
      could be 'CSprite::CSprite(HANDLE,DXC_ddraw *,char *,short,bool)'
          C:\Users\ShadowEvil\source\repos2\New folder\HelbreathServer\Sources\Client\Game.cpp(3452,69):
          'CSprite::CSprite(HANDLE,DXC_ddraw *,char *,short,bool)': cannot convert argument 3 from 'const char [11]' to 'char *'
              C:\Users\ShadowEvil\source\repos2\New folder\HelbreathServer\Sources\Client\Game.cpp(3452,92):
              Conversion from string literal loses const qualifier (see /Zc:strictStrings)
      C:\Users\ShadowEvil\source\repos2\New folder\HelbreathServer\Sources\Client\Game.cpp(3452,69):
      while trying to match the argument list '(HANDLE, DXC_ddraw *, const char [11], int, bool)'
  
C:\Users\ShadowEvil\source\repos2\New folder\HelbreathServer\Sources\Client\Game.cpp(3453,70): error C2665: 'CSprite::CSprite': no overloaded function could convert all the argument types
      C:\Users\ShadowEvil\source\repos2\New folder\HelbreathServer\Sources\Client\Sprite.h(43,2):
      could be 'CSprite::CSprite(HANDLE,DXC_ddraw *,char *,short,bool)'
          C:\Users\ShadowEvil\source\repos2\New folder\HelbreathServer\Sources\Client\Game.cpp(3453,70):
          'CSprite::CSprite(HANDLE,DXC_ddraw *,char *,short,bool)': cannot convert argument 3 from 'const char [11]' to 'char *'
              C:\Users\ShadowEvil\source\repos2\New folder\HelbreathServer\Sources\Client\Game.cpp(3453,93):
              Conversion from string literal loses const qualifier (see /Zc:strictStrings)
      C:\Users\ShadowEvil\source\repos2\New folder\HelbreathServer\Sources\Client\Game.cpp(3453,70):
      while trying to match the argument list '(HANDLE, DXC_ddraw *, const char [11], int, bool)'
  
C:\Users\ShadowEvil\source\repos2\New folder\HelbreathServer\Sources\Client\Game.cpp(3459,70): error C2665: 'CSprite::CSprite': no overloaded function could convert all the argument types
      C:\Users\ShadowEvil\source\repos2\New folder\HelbreathServer\Sources\Client\Sprite.h(43,2):
      could be 'CSprite::CSprite(HANDLE,DXC_ddraw *,char *,short,bool)'
          C:\Users\ShadowEvil\source\repos2\New folder\HelbreathServer\Sources\Client\Game.cpp(3459,70):
          'CSprite::CSprite(HANDLE,DXC_ddraw *,char *,short,bool)': cannot convert argument 3 from 'const char [12]' to 'char *'
              C:\Users\ShadowEvil\source\repos2\New folder\HelbreathServer\Sources\Client\Game.cpp(3459,93):
              Conversion from string literal loses const qualifier (see /Zc:strictStrings)
      C:\Users\ShadowEvil\source\repos2\New folder\HelbreathServer\Sources\Client\Game.cpp(3459,70):
      while trying to match the argument list '(HANDLE, DXC_ddraw *, const char [12], int, bool)'
  
C:\Users\ShadowEvil\source\repos2\New folder\HelbreathServer\Sources\Client\Game.cpp(3465,70): error C2665: 'CSprite::CSprite': no overloaded function could convert all the argument types
      C:\Users\ShadowEvil\source\repos2\New folder\HelbreathServer\Sources\Client\Sprite.h(43,2):
      could be 'CSprite::CSprite(HANDLE,DXC_ddraw *,char *,short,bool)'
          C:\Users\ShadowEvil\source\repos2\New folder\HelbreathServer\Sources\Client\Game.cpp(3465,70):
          'CSprite::CSprite(HANDLE,DXC_ddraw *,char *,short,bool)': cannot convert argument 3 from 'const char [12]' to 'char *'
              C:\Users\ShadowEvil\source\repos2\New folder\HelbreathServer\Sources\Client\Game.cpp(3465,93):
              Conversion from string literal loses const qualifier (see /Zc:strictStrings)
      C:\Users\ShadowEvil\source\repos2\New folder\HelbreathServer\Sources\Client\Game.cpp(3465,70):
      while trying to match the argument list '(HANDLE, DXC_ddraw *, const char [12], int, bool)'
  
C:\Users\ShadowEvil\source\repos2\New folder\HelbreathServer\Sources\Client\Game.cpp(3471,63): error C2665: 'CSprite::CSprite': no overloaded function could convert all the argument types
      C:\Users\ShadowEvil\source\repos2\New folder\HelbreathServer\Sources\Client\Sprite.h(43,2):
      could be 'CSprite::CSprite(HANDLE,DXC_ddraw *,char *,short,bool)'
          C:\Users\ShadowEvil\source\repos2\New folder\HelbreathServer\Sources\Client\Game.cpp(3471,63):
          'CSprite::CSprite(HANDLE,DXC_ddraw *,char *,short,bool)': cannot convert argument 3 from 'const char [11]' to 'char *'
              C:\Users\ShadowEvil\source\repos2\New folder\HelbreathServer\Sources\Client\Game.cpp(3471,86):
              Conversion from string literal loses const qualifier (see /Zc:strictStrings)
      C:\Users\ShadowEvil\source\repos2\New folder\HelbreathServer\Sources\Client\Game.cpp(3471,63):
      while trying to match the argument list '(HANDLE, DXC_ddraw *, const char [11], int, bool)'
  
C:\Users\ShadowEvil\source\repos2\New folder\HelbreathServer\Sources\Client\Game.cpp(3472,65): error C2665: 'CSprite::CSprite': no overloaded function could convert all the argument types
      C:\Users\ShadowEvil\source\repos2\New folder\HelbreathServer\Sources\Client\Sprite.h(43,2):
      could be 'CSprite::CSprite(HANDLE,DXC_ddraw *,char *,short,bool)'
          C:\Users\ShadowEvil\source\repos2\New folder\HelbreathServer\Sources\Client\Game.cpp(3472,65):
          'CSprite::CSprite(HANDLE,DXC_ddraw *,char *,short,bool)': cannot convert argument 3 from 'const char [11]' to 'char *'
              C:\Users\ShadowEvil\source\repos2\New folder\HelbreathServer\Sources\Client\Game.cpp(3472,88):
              Conversion from string literal loses const qualifier (see /Zc:strictStrings)
      C:\Users\ShadowEvil\source\repos2\New folder\HelbreathServer\Sources\Client\Game.cpp(3472,65):
      while trying to match the argument list '(HANDLE, DXC_ddraw *, const char [11], int, bool)'
  
C:\Users\ShadowEvil\source\repos2\New folder\HelbreathServer\Sources\Client\Game.cpp(3475,4): error C2664: 'void CGame::MakeSprite(char *,short,short,bool)': cannot convert argument 1 from 'const char [10]' to 'char *'
      C:\Users\ShadowEvil\source\repos2\New folder\HelbreathServer\Sources\Client\Game.cpp(3475,16):
      Conversion from string literal loses const qualifier (see /Zc:strictStrings)
      C:\Users\ShadowEvil\source\repos2\New folder\HelbreathServer\Sources\Client\Game.cpp(3345,13):
      see declaration of 'CGame::MakeSprite'
      C:\Users\ShadowEvil\source\repos2\New folder\HelbreathServer\Sources\Client\Game.cpp(3475,4):
      while trying to match the argument list '(const char [10], int, int, bool)'
  
C:\Users\ShadowEvil\source\repos2\New folder\HelbreathServer\Sources\Client\Game.cpp(3476,4): error C2664: 'void CGame::MakeSprite(char *,short,short,bool)': cannot convert argument 1 from 'const char [11]' to 'char *'
      C:\Users\ShadowEvil\source\repos2\New folder\HelbreathServer\Sources\Client\Game.cpp(3476,16):
      Conversion from string literal loses const qualifier (see /Zc:strictStrings)
      C:\Users\ShadowEvil\source\repos2\New folder\HelbreathServer\Sources\Client\Game.cpp(3345,13):
      see declaration of 'CGame::MakeSprite'
      C:\Users\ShadowEvil\source\repos2\New folder\HelbreathServer\Sources\Client\Game.cpp(3476,4):
      while trying to match the argument list '(const char [11], int, int, bool)'
  
C:\Users\ShadowEvil\source\repos2\New folder\HelbreathServer\Sources\Client\Game.cpp(3477,4): error C2664: 'void CGame::MakeSprite(char *,short,short,bool)': cannot convert argument 1 from 'const char [8]' to 'char *'
      C:\Users\ShadowEvil\source\repos2\New folder\HelbreathServer\Sources\Client\Game.cpp(3477,16):
      Conversion from string literal loses const qualifier (see /Zc:strictStrings)
      C:\Users\ShadowEvil\source\repos2\New folder\HelbreathServer\Sources\Client\Game.cpp(3345,13):
      see declaration of 'CGame::MakeSprite'
      C:\Users\ShadowEvil\source\repos2\New folder\HelbreathServer\Sources\Client\Game.cpp(3477,4):
      while trying to match the argument list '(const char [8], int, int, bool)'
  
C:\Users\ShadowEvil\source\repos2\New folder\HelbreathServer\Sources\Client\Game.cpp(3482,5): error C2664: 'void CGame::MakeTileSpr(char *,short,short,bool)': cannot convert argument 1 from 'const char [10]' to 'char *'
      C:\Users\ShadowEvil\source\repos2\New folder\HelbreathServer\Sources\Client\Game.cpp(3482,18):
      Conversion from string literal loses const qualifier (see /Zc:strictStrings)
      C:\Users\ShadowEvil\source\repos2\New folder\HelbreathServer\Sources\Client\Game.cpp(3360,13):
      see declaration of 'CGame::MakeTileSpr'
      C:\Users\ShadowEvil\source\repos2\New folder\HelbreathServer\Sources\Client\Game.cpp(3482,5):
      while trying to match the argument list '(const char [10], int, int, bool)'
  
C:\Users\ShadowEvil\source\repos2\New folder\HelbreathServer\Sources\Client\Game.cpp(3485,43): error C2665: 'CSprite::CSprite': no overloaded function could convert all the argument types
      C:\Users\ShadowEvil\source\repos2\New folder\HelbreathServer\Sources\Client\Sprite.h(43,2):
      could be 'CSprite::CSprite(HANDLE,DXC_ddraw *,char *,short,bool)'
          C:\Users\ShadowEvil\source\repos2\New folder\HelbreathServer\Sources\Client\Game.cpp(3485,43):
          'CSprite::CSprite(HANDLE,DXC_ddraw *,char *,short,bool)': cannot convert argument 3 from 'const char [12]' to 'char *'
              C:\Users\ShadowEvil\source\repos2\New folder\HelbreathServer\Sources\Client\Game.cpp(3485,66):
              Conversion from string literal loses const qualifier (see /Zc:strictStrings)
      C:\Users\ShadowEvil\source\repos2\New folder\HelbreathServer\Sources\Client\Game.cpp(3485,43):
      while trying to match the argument list '(HANDLE, DXC_ddraw *, const char [12], int, bool)'
  
C:\Users\ShadowEvil\source\repos2\New folder\HelbreathServer\Sources\Client\Game.cpp(3486,43): error C2665: 'CSprite::CSprite': no overloaded function could convert all the argument types
      C:\Users\ShadowEvil\source\repos2\New folder\HelbreathServer\Sources\Client\Sprite.h(43,2):
      could be 'CSprite::CSprite(HANDLE,DXC_ddraw *,char *,short,bool)'
          C:\Users\ShadowEvil\source\repos2\New folder\HelbreathServer\Sources\Client\Game.cpp(3486,43):
          'CSprite::CSprite(HANDLE,DXC_ddraw *,char *,short,bool)': cannot convert argument 3 from 'const char [12]' to 'char *'
              C:\Users\ShadowEvil\source\repos2\New folder\HelbreathServer\Sources\Client\Game.cpp(3486,66):
              Conversion from string literal loses const qualifier (see /Zc:strictStrings)
      C:\Users\ShadowEvil\source\repos2\New folder\HelbreathServer\Sources\Client\Game.cpp(3486,43):
      while trying to match the argument list '(HANDLE, DXC_ddraw *, const char [12], int, bool)'
  
C:\Users\ShadowEvil\source\repos2\New folder\HelbreathServer\Sources\Client\Game.cpp(3489,4): error C2664: 'void CGame::MakeTileSpr(char *,short,short,bool)': cannot convert argument 1 from 'const char [9]' to 'char *'
      C:\Users\ShadowEvil\source\repos2\New folder\HelbreathServer\Sources\Client\Game.cpp(3489,17):
      Conversion from string literal loses const qualifier (see /Zc:strictStrings)
      C:\Users\ShadowEvil\source\repos2\New folder\HelbreathServer\Sources\Client\Game.cpp(3360,13):
      see declaration of 'CGame::MakeTileSpr'
      C:\Users\ShadowEvil\source\repos2\New folder\HelbreathServer\Sources\Client\Game.cpp(3489,4):
      while trying to match the argument list '(const char [9], int, int, bool)'
  
C:\Users\ShadowEvil\source\repos2\New folder\HelbreathServer\Sources\Client\Game.cpp(3490,4): error C2664: 'void CGame::MakeTileSpr(char *,short,short,bool)': cannot convert argument 1 from 'const char [7]' to 'char *'
      C:\Users\ShadowEvil\source\repos2\New folder\HelbreathServer\Sources\Client\Game.cpp(3490,17):
      Conversion from string literal loses const qualifier (see /Zc:strictStrings)
      C:\Users\ShadowEvil\source\repos2\New folder\HelbreathServer\Sources\Client\Game.cpp(3360,13):
      see declaration of 'CGame::MakeTileSpr'
      C:\Users\ShadowEvil\source\repos2\New folder\HelbreathServer\Sources\Client\Game.cpp(3490,4):
      while trying to match the argument list '(const char [7], int, int, bool)'
  
C:\Users\ShadowEvil\source\repos2\New folder\HelbreathServer\Sources\Client\Game.cpp(3491,4): error C2664: 'void CGame::MakeTileSpr(char *,short,short,bool)': cannot convert argument 1 from 'const char [12]' to 'char *'
      C:\Users\ShadowEvil\source\repos2\New folder\HelbreathServer\Sources\Client\Game.cpp(3491,17):
      Conversion from string literal loses const qualifier (see /Zc:strictStrings)
      C:\Users\ShadowEvil\source\repos2\New folder\HelbreathServer\Sources\Client\Game.cpp(3360,13):
      see declaration of 'CGame::MakeTileSpr'
      C:\Users\ShadowEvil\source\repos2\New folder\HelbreathServer\Sources\Client\Game.cpp(3491,4):
      while trying to match the argument list '(const char [12], int, int, bool)'
  
C:\Users\ShadowEvil\source\repos2\New folder\HelbreathServer\Sources\Client\Game.cpp(3492,4): error C2664: 'void CGame::MakeTileSpr(char *,short,short,bool)': cannot convert argument 1 from 'const char [9]' to 'char *'
      C:\Users\ShadowEvil\source\repos2\New folder\HelbreathServer\Sources\Client\Game.cpp(3492,17):
      Conversion from string literal loses const qualifier (see /Zc:strictStrings)
      C:\Users\ShadowEvil\source\repos2\New folder\HelbreathServer\Sources\Client\Game.cpp(3360,13):
      see declaration of 'CGame::MakeTileSpr'
      C:\Users\ShadowEvil\source\repos2\New folder\HelbreathServer\Sources\Client\Game.cpp(3492,4):
      while trying to match the argument list '(const char [9], int, int, bool)'
  
C:\Users\ShadowEvil\source\repos2\New folder\HelbreathServer\Sources\Client\Game.cpp(3493,4): error C2664: 'void CGame::MakeTileSpr(char *,short,short,bool)': cannot convert argument 1 from 'const char [9]' to 'char *'
      C:\Users\ShadowEvil\source\repos2\New folder\HelbreathServer\Sources\Client\Game.cpp(3493,17):
      Conversion from string literal loses const qualifier (see /Zc:strictStrings)
      C:\Users\ShadowEvil\source\repos2\New folder\HelbreathServer\Sources\Client\Game.cpp(3360,13):
      see declaration of 'CGame::MakeTileSpr'
      C:\Users\ShadowEvil\source\repos2\New folder\HelbreathServer\Sources\Client\Game.cpp(3493,4):
      while trying to match the argument list '(const char [9], int, int, bool)'
  
C:\Users\ShadowEvil\source\repos2\New folder\HelbreathServer\Sources\Client\Game.cpp(3494,4): error C2664: 'void CGame::MakeTileSpr(char *,short,short,bool)': cannot convert argument 1 from 'const char [9]' to 'char *'
      C:\Users\ShadowEvil\source\repos2\New folder\HelbreathServer\Sources\Client\Game.cpp(3494,17):
      Conversion from string literal loses const qualifier (see /Zc:strictStrings)
      C:\Users\ShadowEvil\source\repos2\New folder\HelbreathServer\Sources\Client\Game.cpp(3360,13):
      see declaration of 'CGame::MakeTileSpr'
      C:\Users\ShadowEvil\source\repos2\New folder\HelbreathServer\Sources\Client\Game.cpp(3494,4):
      while trying to match the argument list '(const char [9], int, int, bool)'
  
C:\Users\ShadowEvil\source\repos2\New folder\HelbreathServer\Sources\Client\Game.cpp(3495,4): error C2664: 'void CGame::MakeTileSpr(char *,short,short,bool)': cannot convert argument 1 from 'const char [9]' to 'char *'
      C:\Users\ShadowEvil\source\repos2\New folder\HelbreathServer\Sources\Client\Game.cpp(3495,17):
      Conversion from string literal loses const qualifier (see /Zc:strictStrings)
      C:\Users\ShadowEvil\source\repos2\New folder\HelbreathServer\Sources\Client\Game.cpp(3360,13):
      see declaration of 'CGame::MakeTileSpr'
      C:\Users\ShadowEvil\source\repos2\New folder\HelbreathServer\Sources\Client\Game.cpp(3495,4):
      while trying to match the argument list '(const char [9], int, int, bool)'
  
C:\Users\ShadowEvil\source\repos2\New folder\HelbreathServer\Sources\Client\Game.cpp(3500,5): error C2664: 'void CGame::MakeTileSpr(char *,short,short,bool)': cannot convert argument 1 from 'const char [12]' to 'char *'
      C:\Users\ShadowEvil\source\repos2\New folder\HelbreathServer\Sources\Client\Game.cpp(3500,18):
      Conversion from string literal loses const qualifier (see /Zc:strictStrings)
      C:\Users\ShadowEvil\source\repos2\New folder\HelbreathServer\Sources\Client\Game.cpp(3360,13):
      see declaration of 'CGame::MakeTileSpr'
      C:\Users\ShadowEvil\source\repos2\New folder\HelbreathServer\Sources\Client\Game.cpp(3500,5):
      while trying to match the argument list '(const char [12], int, int, bool)'
  
C:\Users\ShadowEvil\source\repos2\New folder\HelbreathServer\Sources\Client\Game.cpp(3501,4): error C2664: 'void CGame::MakeTileSpr(char *,short,short,bool)': cannot convert argument 1 from 'const char [12]' to 'char *'
      C:\Users\ShadowEvil\source\repos2\New folder\HelbreathServer\Sources\Client\Game.cpp(3501,17):
      Conversion from string literal loses const qualifier (see /Zc:strictStrings)
      C:\Users\ShadowEvil\source\repos2\New folder\HelbreathServer\Sources\Client\Game.cpp(3360,13):
      see declaration of 'CGame::MakeTileSpr'
      C:\Users\ShadowEvil\source\repos2\New folder\HelbreathServer\Sources\Client\Game.cpp(3501,4):
      while trying to match the argument list '(const char [12], int, int, bool)'
  
C:\Users\ShadowEvil\source\repos2\New folder\HelbreathServer\Sources\Client\Game.cpp(3502,4): error C2664: 'void CGame::MakeTileSpr(char *,short,short,bool)': cannot convert argument 1 from 'const char [9]' to 'char *'
      C:\Users\ShadowEvil\source\repos2\New folder\HelbreathServer\Sources\Client\Game.cpp(3502,17):
      Conversion from string literal loses const qualifier (see /Zc:strictStrings)
      C:\Users\ShadowEvil\source\repos2\New folder\HelbreathServer\Sources\Client\Game.cpp(3360,13):
      see declaration of 'CGame::MakeTileSpr'
      C:\Users\ShadowEvil\source\repos2\New folder\HelbreathServer\Sources\Client\Game.cpp(3502,4):
      while trying to match the argument list '(const char [9], int, int, bool)'
  
C:\Users\ShadowEvil\source\repos2\New folder\HelbreathServer\Sources\Client\Game.cpp(3503,4): error C2664: 'void CGame::MakeTileSpr(char *,short,short,bool)': cannot convert argument 1 from 'const char [9]' to 'char *'
      C:\Users\ShadowEvil\source\repos2\New folder\HelbreathServer\Sources\Client\Game.cpp(3503,17):
      Conversion from string literal loses const qualifier (see /Zc:strictStrings)
      C:\Users\ShadowEvil\source\repos2\New folder\HelbreathServer\Sources\Client\Game.cpp(3360,13):
      see declaration of 'CGame::MakeTileSpr'
      C:\Users\ShadowEvil\source\repos2\New folder\HelbreathServer\Sources\Client\Game.cpp(3503,4):
      while trying to match the argument list '(const char [9], int, int, bool)'
  
C:\Users\ShadowEvil\source\repos2\New folder\HelbreathServer\Sources\Client\Game.cpp(3504,4): error C2664: 'void CGame::MakeTileSpr(char *,short,short,bool)': cannot convert argument 1 from 'const char [9]' to 'char *'
      C:\Users\ShadowEvil\source\repos2\New folder\HelbreathServer\Sources\Client\Game.cpp(3504,17):
      Conversion from string literal loses const qualifier (see /Zc:strictStrings)
      C:\Users\ShadowEvil\source\repos2\New folder\HelbreathServer\Sources\Client\Game.cpp(3360,13):
      see declaration of 'CGame::MakeTileSpr'
      C:\Users\ShadowEvil\source\repos2\New folder\HelbreathServer\Sources\Client\Game.cpp(3504,4):
      while trying to match the argument list '(const char [9], int, int, bool)'
  
C:\Users\ShadowEvil\source\repos2\New folder\HelbreathServer\Sources\Client\Game.cpp(3505,4): error C2664: 'void CGame::MakeTileSpr(char *,short,short,bool)': cannot convert argument 1 from 'const char [10]' to 'char *'
      C:\Users\ShadowEvil\source\repos2\New folder\HelbreathServer\Sources\Client\Game.cpp(3505,17):
      Conversion from string literal loses const qualifier (see /Zc:strictStrings)
      C:\Users\ShadowEvil\source\repos2\New folder\HelbreathServer\Sources\Client\Game.cpp(3360,13):
      see declaration of 'CGame::MakeTileSpr'
      C:\Users\ShadowEvil\source\repos2\New folder\HelbreathServer\Sources\Client\Game.cpp(3505,4):
      while trying to match the argument list '(const char [10], int, int, bool)'
  
C:\Users\ShadowEvil\source\repos2\New folder\HelbreathServer\Sources\Client\Game.cpp(3506,4): error C2664: 'void CGame::MakeTileSpr(char *,short,short,bool)': cannot convert argument 1 from 'const char [10]' to 'char *'
      C:\Users\ShadowEvil\source\repos2\New folder\HelbreathServer\Sources\Client\Game.cpp(3506,17):
      Conversion from string literal loses const qualifier (see /Zc:strictStrings)
      C:\Users\ShadowEvil\source\repos2\New folder\HelbreathServer\Sources\Client\Game.cpp(3360,13):
      see declaration of 'CGame::MakeTileSpr'
      C:\Users\ShadowEvil\source\repos2\New folder\HelbreathServer\Sources\Client\Game.cpp(3506,4):
      while trying to match the argument list '(const char [10], int, int, bool)'
  
C:\Users\ShadowEvil\source\repos2\New folder\HelbreathServer\Sources\Client\Game.cpp(3507,4): error C2664: 'void CGame::MakeTileSpr(char *,short,short,bool)': cannot convert argument 1 from 'const char [10]' to 'char *'
      C:\Users\ShadowEvil\source\repos2\New folder\HelbreathServer\Sources\Client\Game.cpp(3507,17):
      Conversion from string literal loses const qualifier (see /Zc:strictStrings)
      C:\Users\ShadowEvil\source\repos2\New folder\HelbreathServer\Sources\Client\Game.cpp(3360,13):
      see declaration of 'CGame::MakeTileSpr'
      C:\Users\ShadowEvil\source\repos2\New folder\HelbreathServer\Sources\Client\Game.cpp(3507,4):
      while trying to match the argument list '(const char [10], int, int, bool)'
  
C:\Users\ShadowEvil\source\repos2\New folder\HelbreathServer\Sources\Client\Game.cpp(3508,4): error C2664: 'void CGame::MakeTileSpr(char *,short,short,bool)': cannot convert argument 1 from 'const char [10]' to 'char *'
      C:\Users\ShadowEvil\source\repos2\New folder\HelbreathServer\Sources\Client\Game.cpp(3508,17):
      Conversion from string literal loses const qualifier (see /Zc:strictStrings)
      C:\Users\ShadowEvil\source\repos2\New folder\HelbreathServer\Sources\Client\Game.cpp(3360,13):
      see declaration of 'CGame::MakeTileSpr'
      C:\Users\ShadowEvil\source\repos2\New folder\HelbreathServer\Sources\Client\Game.cpp(3508,4):
      while trying to match the argument list '(const char [10], int, int, bool)'
  
C:\Users\ShadowEvil\source\repos2\New folder\HelbreathServer\Sources\Client\Game.cpp(3509,4): error C2664: 'void CGame::MakeTileSpr(char *,short,short,bool)': cannot convert argument 1 from 'const char [16]' to 'char *'
      C:\Users\ShadowEvil\source\repos2\New folder\HelbreathServer\Sources\Client\Game.cpp(3509,17):
      Conversion from string literal loses const qualifier (see /Zc:strictStrings)
      C:\Users\ShadowEvil\source\repos2\New folder\HelbreathServer\Sources\Client\Game.cpp(3360,13):
      see declaration of 'CGame::MakeTileSpr'
      C:\Users\ShadowEvil\source\repos2\New folder\HelbreathServer\Sources\Client\Game.cpp(3509,4):
      while trying to match the argument list '(const char [16], int, int, bool)'
  
C:\Users\ShadowEvil\source\repos2\New folder\HelbreathServer\Sources\Client\Game.cpp(3510,4): error C2664: 'void CGame::MakeTileSpr(char *,short,short,bool)': cannot convert argument 1 from 'const char [12]' to 'char *'
      C:\Users\ShadowEvil\source\repos2\New folder\HelbreathServer\Sources\Client\Game.cpp(3510,17):
      Conversion from string literal loses const qualifier (see /Zc:strictStrings)
      C:\Users\ShadowEvil\source\repos2\New folder\HelbreathServer\Sources\Client\Game.cpp(3360,13):
      see declaration of 'CGame::MakeTileSpr'
      C:\Users\ShadowEvil\source\repos2\New folder\HelbreathServer\Sources\Client\Game.cpp(3510,4):
      while trying to match the argument list '(const char [12], int, int, bool)'
  
C:\Users\ShadowEvil\source\repos2\New folder\HelbreathServer\Sources\Client\Game.cpp(3511,4): error C2664: 'void CGame::MakeTileSpr(char *,short,short,bool)': cannot convert argument 1 from 'const char [12]' to 'char *'
      C:\Users\ShadowEvil\source\repos2\New folder\HelbreathServer\Sources\Client\Game.cpp(3511,17):
      Conversion from string literal loses const qualifier (see /Zc:strictStrings)
      C:\Users\ShadowEvil\source\repos2\New folder\HelbreathServer\Sources\Client\Game.cpp(3360,13):
      see declaration of 'CGame::MakeTileSpr'
      C:\Users\ShadowEvil\source\repos2\New folder\HelbreathServer\Sources\Client\Game.cpp(3511,4):
      while trying to match the argument list '(const char [12], int, int, bool)'
  
C:\Users\ShadowEvil\source\repos2\New folder\HelbreathServer\Sources\Client\Game.cpp(3512,4): error C2664: 'void CGame::MakeTileSpr(char *,short,short,bool)': cannot convert argument 1 from 'const char [12]' to 'char *'
      C:\Users\ShadowEvil\source\repos2\New folder\HelbreathServer\Sources\Client\Game.cpp(3512,17):
      Conversion from string literal loses const qualifier (see /Zc:strictStrings)
      C:\Users\ShadowEvil\source\repos2\New folder\HelbreathServer\Sources\Client\Game.cpp(3360,13):
      see declaration of 'CGame::MakeTileSpr'
      C:\Users\ShadowEvil\source\repos2\New folder\HelbreathServer\Sources\Client\Game.cpp(3512,4):
      while trying to match the argument list '(const char [12], int, int, bool)'
  
C:\Users\ShadowEvil\source\repos2\New folder\HelbreathServer\Sources\Client\Game.cpp(3513,4): error C2664: 'void CGame::MakeTileSpr(char *,short,short,bool)': cannot convert argument 1 from 'const char [12]' to 'char *'
      C:\Users\ShadowEvil\source\repos2\New folder\HelbreathServer\Sources\Client\Game.cpp(3513,17):
      Conversion from string literal loses const qualifier (see /Zc:strictStrings)
      C:\Users\ShadowEvil\source\repos2\New folder\HelbreathServer\Sources\Client\Game.cpp(3360,13):
      see declaration of 'CGame::MakeTileSpr'
      C:\Users\ShadowEvil\source\repos2\New folder\HelbreathServer\Sources\Client\Game.cpp(3513,4):
      while trying to match the argument list '(const char [12], int, int, bool)'
  
C:\Users\ShadowEvil\source\repos2\New folder\HelbreathServer\Sources\Client\Game.cpp(3514,4): error C2664: 'void CGame::MakeTileSpr(char *,short,short,bool)': cannot convert argument 1 from 'const char [12]' to 'char *'
      C:\Users\ShadowEvil\source\repos2\New folder\HelbreathServer\Sources\Client\Game.cpp(3514,17):
      Conversion from string literal loses const qualifier (see /Zc:strictStrings)
      C:\Users\ShadowEvil\source\repos2\New folder\HelbreathServer\Sources\Client\Game.cpp(3360,13):
      see declaration of 'CGame::MakeTileSpr'
      C:\Users\ShadowEvil\source\repos2\New folder\HelbreathServer\Sources\Client\Game.cpp(3514,4):
      while trying to match the argument list '(const char [12], int, int, bool)'
  
C:\Users\ShadowEvil\source\repos2\New folder\HelbreathServer\Sources\Client\MapData.cpp(1626,26): warning C4101: 'iSkipFrame': unreferenced local variable
C:\Users\ShadowEvil\source\repos2\New folder\HelbreathServer\Sources\Client\Game.cpp(3520,4): error C2664: 'void CGame::MakeTileSpr(char *,short,short,bool)': cannot convert argument 1 from 'const char [12]' to 'char *'
      C:\Users\ShadowEvil\source\repos2\New folder\HelbreathServer\Sources\Client\Game.cpp(3520,17):
      Conversion from string literal loses const qualifier (see /Zc:strictStrings)
      C:\Users\ShadowEvil\source\repos2\New folder\HelbreathServer\Sources\Client\Game.cpp(3360,13):
      see declaration of 'CGame::MakeTileSpr'
      C:\Users\ShadowEvil\source\repos2\New folder\HelbreathServer\Sources\Client\Game.cpp(3520,4):
      while trying to match the argument list '(const char [12], int, int, bool)'
  
C:\Users\ShadowEvil\source\repos2\New folder\HelbreathServer\Sources\Client\Game.cpp(3521,4): error C2664: 'void CGame::MakeTileSpr(char *,short,short,bool)': cannot convert argument 1 from 'const char [12]' to 'char *'
      C:\Users\ShadowEvil\source\repos2\New folder\HelbreathServer\Sources\Client\Game.cpp(3521,17):
      Conversion from string literal loses const qualifier (see /Zc:strictStrings)
      C:\Users\ShadowEvil\source\repos2\New folder\HelbreathServer\Sources\Client\Game.cpp(3360,13):
      see declaration of 'CGame::MakeTileSpr'
      C:\Users\ShadowEvil\source\repos2\New folder\HelbreathServer\Sources\Client\Game.cpp(3521,4):
      while trying to match the argument list '(const char [12], int, int, bool)'
  
C:\Users\ShadowEvil\source\repos2\New folder\HelbreathServer\Sources\Client\Game.cpp(3522,4): error C2664: 'void CGame::MakeTileSpr(char *,short,short,bool)': cannot convert argument 1 from 'const char [12]' to 'char *'
      C:\Users\ShadowEvil\source\repos2\New folder\HelbreathServer\Sources\Client\Game.cpp(3522,17):
      Conversion from string literal loses const qualifier (see /Zc:strictStrings)
      C:\Users\ShadowEvil\source\repos2\New folder\HelbreathServer\Sources\Client\Game.cpp(3360,13):
      see declaration of 'CGame::MakeTileSpr'
      C:\Users\ShadowEvil\source\repos2\New folder\HelbreathServer\Sources\Client\Game.cpp(3522,4):
      while trying to match the argument list '(const char [12], int, int, bool)'
  
C:\Users\ShadowEvil\source\repos2\New folder\HelbreathServer\Sources\Client\Game.cpp(3523,4): error C2664: 'void CGame::MakeTileSpr(char *,short,short,bool)': cannot convert argument 1 from 'const char [12]' to 'char *'
      C:\Users\ShadowEvil\source\repos2\New folder\HelbreathServer\Sources\Client\Game.cpp(3523,17):
      Conversion from string literal loses const qualifier (see /Zc:strictStrings)
      C:\Users\ShadowEvil\source\repos2\New folder\HelbreathServer\Sources\Client\Game.cpp(3360,13):
      see declaration of 'CGame::MakeTileSpr'
      C:\Users\ShadowEvil\source\repos2\New folder\HelbreathServer\Sources\Client\Game.cpp(3523,4):
      while trying to match the argument list '(const char [12], int, int, bool)'
  
C:\Users\ShadowEvil\source\repos2\New folder\HelbreathServer\Sources\Client\Game.cpp(3524,4): error C2664: 'void CGame::MakeTileSpr(char *,short,short,bool)': cannot convert argument 1 from 'const char [12]' to 'char *'
      C:\Users\ShadowEvil\source\repos2\New folder\HelbreathServer\Sources\Client\Game.cpp(3524,17):
      Conversion from string literal loses const qualifier (see /Zc:strictStrings)
      C:\Users\ShadowEvil\source\repos2\New folder\HelbreathServer\Sources\Client\Game.cpp(3360,13):
      see declaration of 'CGame::MakeTileSpr'
      C:\Users\ShadowEvil\source\repos2\New folder\HelbreathServer\Sources\Client\Game.cpp(3524,4):
      while trying to match the argument list '(const char [12], int, int, bool)'
  
C:\Users\ShadowEvil\source\repos2\New folder\HelbreathServer\Sources\Client\Game.cpp(3525,4): error C2664: 'void CGame::MakeTileSpr(char *,short,short,bool)': cannot convert argument 1 from 'const char [12]' to 'char *'
      C:\Users\ShadowEvil\source\repos2\New folder\HelbreathServer\Sources\Client\Game.cpp(3525,17):
      Conversion from string literal loses const qualifier (see /Zc:strictStrings)
      C:\Users\ShadowEvil\source\repos2\New folder\HelbreathServer\Sources\Client\Game.cpp(3360,13):
      see declaration of 'CGame::MakeTileSpr'
      C:\Users\ShadowEvil\source\repos2\New folder\HelbreathServer\Sources\Client\Game.cpp(3525,4):
      while trying to match the argument list '(const char [12], int, int, bool)'
  
C:\Users\ShadowEvil\source\repos2\New folder\HelbreathServer\Sources\Client\Game.cpp(3526,4): error C2664: 'void CGame::MakeTileSpr(char *,short,short,bool)': cannot convert argument 1 from 'const char [12]' to 'char *'
      C:\Users\ShadowEvil\source\repos2\New folder\HelbreathServer\Sources\Client\Game.cpp(3526,17):
      Conversion from string literal loses const qualifier (see /Zc:strictStrings)
      C:\Users\ShadowEvil\source\repos2\New folder\HelbreathServer\Sources\Client\Game.cpp(3360,13):
      see declaration of 'CGame::MakeTileSpr'
      C:\Users\ShadowEvil\source\repos2\New folder\HelbreathServer\Sources\Client\Game.cpp(3526,4):
      while trying to match the argument list '(const char [12], int, int, bool)'
  
C:\Users\ShadowEvil\source\repos2\New folder\HelbreathServer\Sources\Client\Game.cpp(3527,4): error C2664: 'void CGame::MakeTileSpr(char *,short,short,bool)': cannot convert argument 1 from 'const char [12]' to 'char *'
      C:\Users\ShadowEvil\source\repos2\New folder\HelbreathServer\Sources\Client\Game.cpp(3527,17):
      Conversion from string literal loses const qualifier (see /Zc:strictStrings)
      C:\Users\ShadowEvil\source\repos2\New folder\HelbreathServer\Sources\Client\Game.cpp(3360,13):
      see declaration of 'CGame::MakeTileSpr'
      C:\Users\ShadowEvil\source\repos2\New folder\HelbreathServer\Sources\Client\Game.cpp(3527,4):
      while trying to match the argument list '(const char [12], int, int, bool)'
  
C:\Users\ShadowEvil\source\repos2\New folder\HelbreathServer\Sources\Client\Game.cpp(3528,4): error C2664: 'void CGame::MakeTileSpr(char *,short,short,bool)': cannot convert argument 1 from 'const char [12]' to 'char *'
      C:\Users\ShadowEvil\source\repos2\New folder\HelbreathServer\Sources\Client\Game.cpp(3528,17):
      Conversion from string literal loses const qualifier (see /Zc:strictStrings)
      C:\Users\ShadowEvil\source\repos2\New folder\HelbreathServer\Sources\Client\Game.cpp(3360,13):
      see declaration of 'CGame::MakeTileSpr'
      C:\Users\ShadowEvil\source\repos2\New folder\HelbreathServer\Sources\Client\Game.cpp(3528,4):
      while trying to match the argument list '(const char [12], int, int, bool)'
  
C:\Users\ShadowEvil\source\repos2\New folder\HelbreathServer\Sources\Client\Game.cpp(3529,4): error C2664: 'void CGame::MakeTileSpr(char *,short,short,bool)': cannot convert argument 1 from 'const char [12]' to 'char *'
      C:\Users\ShadowEvil\source\repos2\New folder\HelbreathServer\Sources\Client\Game.cpp(3529,17):
      Conversion from string literal loses const qualifier (see /Zc:strictStrings)
      C:\Users\ShadowEvil\source\repos2\New folder\HelbreathServer\Sources\Client\Game.cpp(3360,13):
      see declaration of 'CGame::MakeTileSpr'
      C:\Users\ShadowEvil\source\repos2\New folder\HelbreathServer\Sources\Client\Game.cpp(3529,4):
      while trying to match the argument list '(const char [12], int, int, bool)'
  
C:\Users\ShadowEvil\source\repos2\New folder\HelbreathServer\Sources\Client\Game.cpp(3530,4): error C2664: 'void CGame::MakeTileSpr(char *,short,short,bool)': cannot convert argument 1 from 'const char [12]' to 'char *'
      C:\Users\ShadowEvil\source\repos2\New folder\HelbreathServer\Sources\Client\Game.cpp(3530,17):
      Conversion from string literal loses const qualifier (see /Zc:strictStrings)
      C:\Users\ShadowEvil\source\repos2\New folder\HelbreathServer\Sources\Client\Game.cpp(3360,13):
      see declaration of 'CGame::MakeTileSpr'
      C:\Users\ShadowEvil\source\repos2\New folder\HelbreathServer\Sources\Client\Game.cpp(3530,4):
      while trying to match the argument list '(const char [12], int, int, bool)'
  
C:\Users\ShadowEvil\source\repos2\New folder\HelbreathServer\Sources\Client\Game.cpp(3531,4): error C2664: 'void CGame::MakeTileSpr(char *,short,short,bool)': cannot convert argument 1 from 'const char [12]' to 'char *'
      C:\Users\ShadowEvil\source\repos2\New folder\HelbreathServer\Sources\Client\Game.cpp(3531,17):
      Conversion from string literal loses const qualifier (see /Zc:strictStrings)
      C:\Users\ShadowEvil\source\repos2\New folder\HelbreathServer\Sources\Client\Game.cpp(3360,13):
      see declaration of 'CGame::MakeTileSpr'
      C:\Users\ShadowEvil\source\repos2\New folder\HelbreathServer\Sources\Client\Game.cpp(3531,4):
      while trying to match the argument list '(const char [12], int, int, bool)'
  
C:\Users\ShadowEvil\source\repos2\New folder\HelbreathServer\Sources\Client\Game.cpp(3532,4): error C2664: 'void CGame::MakeTileSpr(char *,short,short,bool)': cannot convert argument 1 from 'const char [12]' to 'char *'
      C:\Users\ShadowEvil\source\repos2\New folder\HelbreathServer\Sources\Client\Game.cpp(3532,17):
      Conversion from string literal loses const qualifier (see /Zc:strictStrings)
      C:\Users\ShadowEvil\source\repos2\New folder\HelbreathServer\Sources\Client\Game.cpp(3360,13):
      see declaration of 'CGame::MakeTileSpr'
      C:\Users\ShadowEvil\source\repos2\New folder\HelbreathServer\Sources\Client\Game.cpp(3532,4):
      while trying to match the argument list '(const char [12], int, int, bool)'
  
C:\Users\ShadowEvil\source\repos2\New folder\HelbreathServer\Sources\Client\Game.cpp(3535,4): error C2664: 'void CGame::MakeSprite(char *,short,short,bool)': cannot convert argument 1 from 'const char [10]' to 'char *'
      C:\Users\ShadowEvil\source\repos2\New folder\HelbreathServer\Sources\Client\Game.cpp(3535,16):
      Conversion from string literal loses const qualifier (see /Zc:strictStrings)
      C:\Users\ShadowEvil\source\repos2\New folder\HelbreathServer\Sources\Client\Game.cpp(3345,13):
      see declaration of 'CGame::MakeSprite'
      C:\Users\ShadowEvil\source\repos2\New folder\HelbreathServer\Sources\Client\Game.cpp(3535,4):
      while trying to match the argument list '(const char [10], int, int, bool)'
  
C:\Users\ShadowEvil\source\repos2\New folder\HelbreathServer\Sources\Client\Game.cpp(3538,68): error C2665: 'CSprite::CSprite': no overloaded function could convert all the argument types
      C:\Users\ShadowEvil\source\repos2\New folder\HelbreathServer\Sources\Client\Sprite.h(43,2):
      could be 'CSprite::CSprite(HANDLE,DXC_ddraw *,char *,short,bool)'
          C:\Users\ShadowEvil\source\repos2\New folder\HelbreathServer\Sources\Client\Game.cpp(3538,68):
          'CSprite::CSprite(HANDLE,DXC_ddraw *,char *,short,bool)': cannot convert argument 3 from 'const char [10]' to 'char *'
              C:\Users\ShadowEvil\source\repos2\New folder\HelbreathServer\Sources\Client\Game.cpp(3538,91):
              Conversion from string literal loses const qualifier (see /Zc:strictStrings)
      C:\Users\ShadowEvil\source\repos2\New folder\HelbreathServer\Sources\Client\Game.cpp(3538,68):
      while trying to match the argument list '(HANDLE, DXC_ddraw *, const char [10], int, bool)'
  
C:\Users\ShadowEvil\source\repos2\New folder\HelbreathServer\Sources\Client\Game.cpp(3539,68): error C2665: 'CSprite::CSprite': no overloaded function could convert all the argument types
      C:\Users\ShadowEvil\source\repos2\New folder\HelbreathServer\Sources\Client\Sprite.h(43,2):
      could be 'CSprite::CSprite(HANDLE,DXC_ddraw *,char *,short,bool)'
          C:\Users\ShadowEvil\source\repos2\New folder\HelbreathServer\Sources\Client\Game.cpp(3539,68):
          'CSprite::CSprite(HANDLE,DXC_ddraw *,char *,short,bool)': cannot convert argument 3 from 'const char [10]' to 'char *'
              C:\Users\ShadowEvil\source\repos2\New folder\HelbreathServer\Sources\Client\Game.cpp(3539,91):
              Conversion from string literal loses const qualifier (see /Zc:strictStrings)
      C:\Users\ShadowEvil\source\repos2\New folder\HelbreathServer\Sources\Client\Game.cpp(3539,68):
      while trying to match the argument list '(HANDLE, DXC_ddraw *, const char [10], int, bool)'
  
C:\Users\ShadowEvil\source\repos2\New folder\HelbreathServer\Sources\Client\Game.cpp(3540,68): error C2665: 'CSprite::CSprite': no overloaded function could convert all the argument types
      C:\Users\ShadowEvil\source\repos2\New folder\HelbreathServer\Sources\Client\Sprite.h(43,2):
      could be 'CSprite::CSprite(HANDLE,DXC_ddraw *,char *,short,bool)'
          C:\Users\ShadowEvil\source\repos2\New folder\HelbreathServer\Sources\Client\Game.cpp(3540,68):
          'CSprite::CSprite(HANDLE,DXC_ddraw *,char *,short,bool)': cannot convert argument 3 from 'const char [10]' to 'char *'
              C:\Users\ShadowEvil\source\repos2\New folder\HelbreathServer\Sources\Client\Game.cpp(3540,91):
              Conversion from string literal loses const qualifier (see /Zc:strictStrings)
      C:\Users\ShadowEvil\source\repos2\New folder\HelbreathServer\Sources\Client\Game.cpp(3540,68):
      while trying to match the argument list '(HANDLE, DXC_ddraw *, const char [10], int, bool)'
  
C:\Users\ShadowEvil\source\repos2\New folder\HelbreathServer\Sources\Client\Game.cpp(3545,4): error C2664: 'void CGame::MakeSprite(char *,short,short,bool)': cannot convert argument 1 from 'const char [12]' to 'char *'
      C:\Users\ShadowEvil\source\repos2\New folder\HelbreathServer\Sources\Client\Game.cpp(3545,16):
      Conversion from string literal loses const qualifier (see /Zc:strictStrings)
      C:\Users\ShadowEvil\source\repos2\New folder\HelbreathServer\Sources\Client\Game.cpp(3345,13):
      see declaration of 'CGame::MakeSprite'
      C:\Users\ShadowEvil\source\repos2\New folder\HelbreathServer\Sources\Client\Game.cpp(3545,4):
      while trying to match the argument list '(const char [12], int, int, bool)'
  
C:\Users\ShadowEvil\source\repos2\New folder\HelbreathServer\Sources\Client\Game.cpp(3548,71): error C2665: 'CSprite::CSprite': no overloaded function could convert all the argument types
      C:\Users\ShadowEvil\source\repos2\New folder\HelbreathServer\Sources\Client\Sprite.h(43,2):
      could be 'CSprite::CSprite(HANDLE,DXC_ddraw *,char *,short,bool)'
          C:\Users\ShadowEvil\source\repos2\New folder\HelbreathServer\Sources\Client\Game.cpp(3548,71):
          'CSprite::CSprite(HANDLE,DXC_ddraw *,char *,short,bool)': cannot convert argument 3 from 'const char [12]' to 'char *'
              C:\Users\ShadowEvil\source\repos2\New folder\HelbreathServer\Sources\Client\Game.cpp(3548,94):
              Conversion from string literal loses const qualifier (see /Zc:strictStrings)
      C:\Users\ShadowEvil\source\repos2\New folder\HelbreathServer\Sources\Client\Game.cpp(3548,71):
      while trying to match the argument list '(HANDLE, DXC_ddraw *, const char [12], int, bool)'
  
C:\Users\ShadowEvil\source\repos2\New folder\HelbreathServer\Sources\Client\Game.cpp(3549,70): error C2665: 'CSprite::CSprite': no overloaded function could convert all the argument types
      C:\Users\ShadowEvil\source\repos2\New folder\HelbreathServer\Sources\Client\Sprite.h(43,2):
      could be 'CSprite::CSprite(HANDLE,DXC_ddraw *,char *,short,bool)'
          C:\Users\ShadowEvil\source\repos2\New folder\HelbreathServer\Sources\Client\Game.cpp(3549,70):
          'CSprite::CSprite(HANDLE,DXC_ddraw *,char *,short,bool)': cannot convert argument 3 from 'const char [12]' to 'char *'
              C:\Users\ShadowEvil\source\repos2\New folder\HelbreathServer\Sources\Client\Game.cpp(3549,93):
              Conversion from string literal loses const qualifier (see /Zc:strictStrings)
      C:\Users\ShadowEvil\source\repos2\New folder\HelbreathServer\Sources\Client\Game.cpp(3549,70):
      while trying to match the argument list '(HANDLE, DXC_ddraw *, const char [12], int, bool)'
  
C:\Users\ShadowEvil\source\repos2\New folder\HelbreathServer\Sources\Client\Game.cpp(3550,70): error C2665: 'CSprite::CSprite': no overloaded function could convert all the argument types
      C:\Users\ShadowEvil\source\repos2\New folder\HelbreathServer\Sources\Client\Sprite.h(43,2):
      could be 'CSprite::CSprite(HANDLE,DXC_ddraw *,char *,short,bool)'
          C:\Users\ShadowEvil\source\repos2\New folder\HelbreathServer\Sources\Client\Game.cpp(3550,70):
          'CSprite::CSprite(HANDLE,DXC_ddraw *,char *,short,bool)': cannot convert argument 3 from 'const char [12]' to 'char *'
              C:\Users\ShadowEvil\source\repos2\New folder\HelbreathServer\Sources\Client\Game.cpp(3550,93):
              Conversion from string literal loses const qualifier (see /Zc:strictStrings)
      C:\Users\ShadowEvil\source\repos2\New folder\HelbreathServer\Sources\Client\Game.cpp(3550,70):
      while trying to match the argument list '(HANDLE, DXC_ddraw *, const char [12], int, bool)'
  
C:\Users\ShadowEvil\source\repos2\New folder\HelbreathServer\Sources\Client\Game.cpp(3553,4): error C2664: 'void CGame::MakeSprite(char *,short,short,bool)': cannot convert argument 1 from 'const char [13]' to 'char *'
      C:\Users\ShadowEvil\source\repos2\New folder\HelbreathServer\Sources\Client\Game.cpp(3553,16):
      Conversion from string literal loses const qualifier (see /Zc:strictStrings)
      C:\Users\ShadowEvil\source\repos2\New folder\HelbreathServer\Sources\Client\Game.cpp(3345,13):
      see declaration of 'CGame::MakeSprite'
      C:\Users\ShadowEvil\source\repos2\New folder\HelbreathServer\Sources\Client\Game.cpp(3553,4):
      while trying to match the argument list '(const char [13], int, int, bool)'
  
C:\Users\ShadowEvil\source\repos2\New folder\HelbreathServer\Sources\Client\Game.cpp(3561,70): error C2665: 'CSprite::CSprite': no overloaded function could convert all the argument types
      C:\Users\ShadowEvil\source\repos2\New folder\HelbreathServer\Sources\Client\Sprite.h(43,2):
      could be 'CSprite::CSprite(HANDLE,DXC_ddraw *,char *,short,bool)'
          C:\Users\ShadowEvil\source\repos2\New folder\HelbreathServer\Sources\Client\Game.cpp(3561,70):
          'CSprite::CSprite(HANDLE,DXC_ddraw *,char *,short,bool)': cannot convert argument 3 from 'const char [12]' to 'char *'
              C:\Users\ShadowEvil\source\repos2\New folder\HelbreathServer\Sources\Client\Game.cpp(3561,93):
              Conversion from string literal loses const qualifier (see /Zc:strictStrings)
      C:\Users\ShadowEvil\source\repos2\New folder\HelbreathServer\Sources\Client\Game.cpp(3561,70):
      while trying to match the argument list '(HANDLE, DXC_ddraw *, const char [12], int, bool)'
  
C:\Users\ShadowEvil\source\repos2\New folder\HelbreathServer\Sources\Client\Game.cpp(3562,70): error C2665: 'CSprite::CSprite': no overloaded function could convert all the argument types
      C:\Users\ShadowEvil\source\repos2\New folder\HelbreathServer\Sources\Client\Sprite.h(43,2):
      could be 'CSprite::CSprite(HANDLE,DXC_ddraw *,char *,short,bool)'
          C:\Users\ShadowEvil\source\repos2\New folder\HelbreathServer\Sources\Client\Game.cpp(3562,70):
          'CSprite::CSprite(HANDLE,DXC_ddraw *,char *,short,bool)': cannot convert argument 3 from 'const char [12]' to 'char *'
              C:\Users\ShadowEvil\source\repos2\New folder\HelbreathServer\Sources\Client\Game.cpp(3562,93):
              Conversion from string literal loses const qualifier (see /Zc:strictStrings)
      C:\Users\ShadowEvil\source\repos2\New folder\HelbreathServer\Sources\Client\Game.cpp(3562,70):
      while trying to match the argument list '(HANDLE, DXC_ddraw *, const char [12], int, bool)'
  
C:\Users\ShadowEvil\source\repos2\New folder\HelbreathServer\Sources\Client\Game.cpp(3563,70): error C2665: 'CSprite::CSprite': no overloaded function could convert all the argument types
      C:\Users\ShadowEvil\source\repos2\New folder\HelbreathServer\Sources\Client\Sprite.h(43,2):
      could be 'CSprite::CSprite(HANDLE,DXC_ddraw *,char *,short,bool)'
          C:\Users\ShadowEvil\source\repos2\New folder\HelbreathServer\Sources\Client\Game.cpp(3563,70):
          'CSprite::CSprite(HANDLE,DXC_ddraw *,char *,short,bool)': cannot convert argument 3 from 'const char [12]' to 'char *'
              C:\Users\ShadowEvil\source\repos2\New folder\HelbreathServer\Sources\Client\Game.cpp(3563,93):
              Conversion from string literal loses const qualifier (see /Zc:strictStrings)
      C:\Users\ShadowEvil\source\repos2\New folder\HelbreathServer\Sources\Client\Game.cpp(3563,70):
      while trying to match the argument list '(HANDLE, DXC_ddraw *, const char [12], int, bool)'
  
C:\Users\ShadowEvil\source\repos2\New folder\HelbreathServer\Sources\Client\Game.cpp(3564,70): error C2665: 'CSprite::CSprite': no overloaded function could convert all the argument types
      C:\Users\ShadowEvil\source\repos2\New folder\HelbreathServer\Sources\Client\Sprite.h(43,2):
      could be 'CSprite::CSprite(HANDLE,DXC_ddraw *,char *,short,bool)'
          C:\Users\ShadowEvil\source\repos2\New folder\HelbreathServer\Sources\Client\Game.cpp(3564,70):
          'CSprite::CSprite(HANDLE,DXC_ddraw *,char *,short,bool)': cannot convert argument 3 from 'const char [12]' to 'char *'
              C:\Users\ShadowEvil\source\repos2\New folder\HelbreathServer\Sources\Client\Game.cpp(3564,93):
              Conversion from string literal loses const qualifier (see /Zc:strictStrings)
      C:\Users\ShadowEvil\source\repos2\New folder\HelbreathServer\Sources\Client\Game.cpp(3564,70):
      while trying to match the argument list '(HANDLE, DXC_ddraw *, const char [12], int, bool)'
  
C:\Users\ShadowEvil\source\repos2\New folder\HelbreathServer\Sources\Client\Game.cpp(3565,70): error C2665: 'CSprite::CSprite': no overloaded function could convert all the argument types
      C:\Users\ShadowEvil\source\repos2\New folder\HelbreathServer\Sources\Client\Sprite.h(43,2):
      could be 'CSprite::CSprite(HANDLE,DXC_ddraw *,char *,short,bool)'
          C:\Users\ShadowEvil\source\repos2\New folder\HelbreathServer\Sources\Client\Game.cpp(3565,70):
          'CSprite::CSprite(HANDLE,DXC_ddraw *,char *,short,bool)': cannot convert argument 3 from 'const char [12]' to 'char *'
              C:\Users\ShadowEvil\source\repos2\New folder\HelbreathServer\Sources\Client\Game.cpp(3565,93):
              Conversion from string literal loses const qualifier (see /Zc:strictStrings)
      C:\Users\ShadowEvil\source\repos2\New folder\HelbreathServer\Sources\Client\Game.cpp(3565,70):
      while trying to match the argument list '(HANDLE, DXC_ddraw *, const char [12], int, bool)'
  
C:\Users\ShadowEvil\source\repos2\New folder\HelbreathServer\Sources\Client\Game.cpp(3566,70): error C2665: 'CSprite::CSprite': no overloaded function could convert all the argument types
      C:\Users\ShadowEvil\source\repos2\New folder\HelbreathServer\Sources\Client\Sprite.h(43,2):
      could be 'CSprite::CSprite(HANDLE,DXC_ddraw *,char *,short,bool)'
          C:\Users\ShadowEvil\source\repos2\New folder\HelbreathServer\Sources\Client\Game.cpp(3566,70):
          'CSprite::CSprite(HANDLE,DXC_ddraw *,char *,short,bool)': cannot convert argument 3 from 'const char [12]' to 'char *'
              C:\Users\ShadowEvil\source\repos2\New folder\HelbreathServer\Sources\Client\Game.cpp(3566,93):
              Conversion from string literal loses const qualifier (see /Zc:strictStrings)
      C:\Users\ShadowEvil\source\repos2\New folder\HelbreathServer\Sources\Client\Game.cpp(3566,70):
      while trying to match the argument list '(HANDLE, DXC_ddraw *, const char [12], int, bool)'
  
C:\Users\ShadowEvil\source\repos2\New folder\HelbreathServer\Sources\Client\Game.cpp(3567,70): error C2665: 'CSprite::CSprite': no overloaded function could convert all the argument types
      C:\Users\ShadowEvil\source\repos2\New folder\HelbreathServer\Sources\Client\Sprite.h(43,2):
      could be 'CSprite::CSprite(HANDLE,DXC_ddraw *,char *,short,bool)'
          C:\Users\ShadowEvil\source\repos2\New folder\HelbreathServer\Sources\Client\Game.cpp(3567,70):
          'CSprite::CSprite(HANDLE,DXC_ddraw *,char *,short,bool)': cannot convert argument 3 from 'const char [12]' to 'char *'
              C:\Users\ShadowEvil\source\repos2\New folder\HelbreathServer\Sources\Client\Game.cpp(3567,93):
              Conversion from string literal loses const qualifier (see /Zc:strictStrings)
      C:\Users\ShadowEvil\source\repos2\New folder\HelbreathServer\Sources\Client\Game.cpp(3567,70):
      while trying to match the argument list '(HANDLE, DXC_ddraw *, const char [12], int, bool)'
  
C:\Users\ShadowEvil\source\repos2\New folder\HelbreathServer\Sources\Client\Game.cpp(3568,70): error C2665: 'CSprite::CSprite': no overloaded function could convert all the argument types
      C:\Users\ShadowEvil\source\repos2\New folder\HelbreathServer\Sources\Client\Sprite.h(43,2):
      could be 'CSprite::CSprite(HANDLE,DXC_ddraw *,char *,short,bool)'
          C:\Users\ShadowEvil\source\repos2\New folder\HelbreathServer\Sources\Client\Game.cpp(3568,70):
          'CSprite::CSprite(HANDLE,DXC_ddraw *,char *,short,bool)': cannot convert argument 3 from 'const char [12]' to 'char *'
              C:\Users\ShadowEvil\source\repos2\New folder\HelbreathServer\Sources\Client\Game.cpp(3568,93):
              Conversion from string literal loses const qualifier (see /Zc:strictStrings)
      C:\Users\ShadowEvil\source\repos2\New folder\HelbreathServer\Sources\Client\Game.cpp(3568,70):
      while trying to match the argument list '(HANDLE, DXC_ddraw *, const char [12], int, bool)'
  
C:\Users\ShadowEvil\source\repos2\New folder\HelbreathServer\Sources\Client\Game.cpp(3569,70): error C2665: 'CSprite::CSprite': no overloaded function could convert all the argument types
      C:\Users\ShadowEvil\source\repos2\New folder\HelbreathServer\Sources\Client\Sprite.h(43,2):
      could be 'CSprite::CSprite(HANDLE,DXC_ddraw *,char *,short,bool)'
          C:\Users\ShadowEvil\source\repos2\New folder\HelbreathServer\Sources\Client\Game.cpp(3569,70):
          'CSprite::CSprite(HANDLE,DXC_ddraw *,char *,short,bool)': cannot convert argument 3 from 'const char [12]' to 'char *'
              C:\Users\ShadowEvil\source\repos2\New folder\HelbreathServer\Sources\Client\Game.cpp(3569,93):
              Conversion from string literal loses const qualifier (see /Zc:strictStrings)
      C:\Users\ShadowEvil\source\repos2\New folder\HelbreathServer\Sources\Client\Game.cpp(3569,70):
      while trying to match the argument list '(HANDLE, DXC_ddraw *, const char [12], int, bool)'
  
C:\Users\ShadowEvil\source\repos2\New folder\HelbreathServer\Sources\Client\Game.cpp(3569,70): error C1003: error count exceeds 100; stopping compilation
C:\Users\ShadowEvil\source\repos2\New folder\HelbreathServer\Sources\Client\Wmain.cpp(122,8): error C2664: 'int __FindHackingDll__(char *)': cannot convert argument 1 from 'const char [9]' to 'char *'
      C:\Users\ShadowEvil\source\repos2\New folder\HelbreathServer\Sources\Client\Wmain.cpp(122,27):
      Conversion from string literal loses const qualifier (see /Zc:strictStrings)
      C:\Users\ShadowEvil\source\repos2\New folder\HelbreathServer\Sources\Client\Wmain.cpp(22,39):
      see declaration of '__FindHackingDll__'
      C:\Users\ShadowEvil\source\repos2\New folder\HelbreathServer\Sources\Client\Wmain.cpp(122,8):
      while trying to match the argument list '(const char [9])'
  
C:\Users\ShadowEvil\source\repos2\New folder\HelbreathServer\Sources\Client\Wmain.cpp(182,25): error C2664: 'WinMain::MYPROC': cannot convert argument 1 from 'const char [9]' to 'char *'
      C:\Users\ShadowEvil\source\repos2\New folder\HelbreathServer\Sources\Client\Wmain.cpp(182,25):
      Conversion from string literal loses const qualifier (see /Zc:strictStrings)
  
C:\Users\ShadowEvil\source\repos2\New folder\HelbreathServer\Sources\Client\Wmain.cpp(186,23): warning C4477: 'sprintf' : format string '%d' requires an argument of type 'int', but variadic argument 1 has type 'HINSTANCE'
